 11  200.028262 8.899E-30 1.970E+00.06730.265 5596.42470.62-.008530          0 2 0          0 2 0 12  6  6       12  5  7      434233837294713152    25.0   25.0
 11  200.061975 1.812E-29 2.201E-01.05060.172 5326.98310.53-.018270          0 0 0          0 0 0 20  6 15       19  7 12      434233837260713049   123.0  117.0
 11  200.143111 2.238E-29 1.002E+00.05950.333 5414.12680.510.002800          0 3 0          0 3 0  8  2  7        8  1  8      434233837294713152    51.0   51.0
 11  200.231246 1.157E-24 1.810E+00.02590.235 3439.30680.200.004040          0 0 0          0 0 0 16  5 12       16  4 13      464426837260783049    99.0   99.0
 11  200.239550 3.170E-23 2.564E+00.05390.352 2490.35410.460.005160          0 1 0          0 1 0  9  2  8        8  1  7      664223837294783152    19.0   17.0
 11  200.258090 8.760E-26 2.154E+00.03030.259 4006.07320.260.000070          0 0 0          0 0 0 16  8  9       16  7 10      464426837260783049    99.0   99.0
 11  200.317216 1.703E-25 2.091E+00.03130.260 3624.18130.27-.001560          0 0 0          0 0 0 15  8  8       15  7  9      464426837260783049    31.0   31.0
 11  200.359437 1.614E-22 1.587E+00.03750.250 2321.90570.38-.003640          0 0 0          0 0 0 11  8  3       11  7  4      564426837260783049    69.0   69.0
 11  200.411291 4.491E-30 1.701E-04.10050.434 3827.39270.75-.006580          0 0 1          1 0 0  4  1  3        3  1  2      534233837294713152    27.0   21.0
 11  200.424104 1.579E-23 1.765E+00.03620.266 2613.10460.35-.003710          0 0 0          0 0 0 12  8  4       12  7  5      564426837260783049    25.0   25.0
 11  200.448266 5.386E-23 1.589E+00.03730.247 2321.81310.38-.003530          0 0 0          0 0 0 11  8  4       11  7  5      564426837260783049    23.0   23.0
 11  200.549969 2.642E-24 2.013E+00.03260.261 3264.33740.29-.002830          0 0 0          0 0 0 14  8  7       14  7  8      564426837260783049    87.0   87.0
 11  200.612719 2.431E-28 6.070E-02.08480.371 4290.75700.710.006110          0 0 1          0 0 1  6  4  2        6  1  5      534233837294713152    39.0   39.0
 11  200.677735 4.470E-27 2.214E+00.02930.195 4409.34430.250.001590          0 0 0          0 0 0 17  8 10       17  7 11      434426837260713049    35.0   35.0
 11  200.712390 4.753E-23 1.772E+00.03580.262 2612.79980.35-.003400          0 0 0          0 0 0 12  8  5       12  7  6      564426837260783049    75.0   75.0
 11  200.727517 2.461E-30 1.146E+00.02640.250 5764.18530.19-.000610          0 0 1          0 0 1 13  2 11       13  1 12      434233837294713152    27.0   27.0
 11  200.727613 4.003E-24 1.910E+00.03400.267 2927.07520.32-.003290          0 0 0          0 0 0 13  8  6       13  7  7      564426837260783049    27.0   27.0
 11  200.847574 1.534E-27 1.955E+00.03320.172 4851.82100.33-.006310          0 0 0          0 0 0 19  5 14       19  4 15      434426837260713049   117.0  117.0
 11  200.889971 6.052E-30 2.024E+00.04090.250 5695.88300.370.007700          0 2 0          0 2 0 13  5  9       13  4 10      434233837294713152    27.0   27.0
 11  200.950829 7.578E-28 5.203E-01.06240.250 4437.39980.570.005650          0 1 0          0 1 0 14  5  9       13  6  8      434223837294713152    29.0   27.0
 11  201.126134 4.540E-30 5.346E-04.08880.412 3875.01710.70-.004270          0 0 1          1 0 0  5  0  5        4  0  4      534233837294713152    11.0    9.0
 11  201.157804 8.065E-27 2.037E+00.04750.250 4442.71290.45-.008880          0 1 0          0 1 0 13  7  6       13  6  7      534223837294713152    81.0   81.0
 11  201.182979 1.546E-30 2.321E-03.08530.333 4488.14570.71-.003010          1 0 0          0 0 1  8  3  5        8  1  8      534233837294713152    17.0   17.0
 11  201.248178 2.917E-29 8.488E-03.07820.371 4095.31520.64-.002960          0 0 1          1 0 0  6  2  5        6  0  6      534233837294713152    13.0   13.0
 11  201.270564 7.404E-30 1.153E+00.02640.250 5764.20430.200.002130          0 0 1          0 0 1 13  3 11       13  2 12      434233837294713152    81.0   81.0
 11  201.297754 3.661E-27 6.025E-03.03890.250 3391.12620.390.002790          0 1 0          0 1 0 12  3 10       13  0 13      534223837294713152    75.0   81.0
 11  201.358792 8.608E-29 3.935E-03.09790.434 3864.76380.75-.006430          0 0 1          1 0 0  4  2  2        3  2  1      534233837294713152    27.0   21.0
 11  201.614316 2.686E-25 1.297E+00.03310.257 3386.05230.28-.001630          0 1 0          0 1 0 12  2 10       12  1 11      564223837294783152    25.0   25.0
 11  201.765883 1.022E-30 4.213E-01.08980.412 5552.97680.710.002620          1 1 0          0 1 1  5  3  3        4  1  4      434233837294713152    11.0    9.0
 11  201.774475 1.526E-28 2.148E+00.03200.208 5310.23980.280.006490          0 1 0          0 1 0 16  6 11       16  5 12      434233837294713152    99.0   99.0
 11  201.782317 2.380E-27 4.456E-01.03030.208 4207.56200.26-.002990          0 0 0          0 0 0 17  7 11       16  8  8      434426837260713049    35.0   33.0
 11  201.918018 1.847E-27 2.284E+00.02810.183 4833.20850.230.002720          0 0 0          0 0 0 18  8 11       18  7 12      434426837260713049   111.0  111.0
 11  202.012015 7.107E-28 1.966E+00.03040.221 4736.24170.260.005360          0 1 0          0 1 0 15  5 11       15  4 12      434223837294713152    31.0   31.0
 11  202.062625 4.153E-30 1.178E+00.02640.250 5660.40400.200.002130          1 0 0          1 0 0 13  3 11       13  2 12      434233837294713152    27.0   27.0
 11  202.223869 1.246E-30 5.923E-01.03000.315 5694.04830.38-.006200          0 0 1          0 0 1  9  9  0        9  8  1      434233837294713152    19.0   19.0
 11  202.224022 3.739E-30 5.924E-01.03000.315 5694.04820.38-.006210          0 0 1          0 0 1  9  9  1        9  8  2      434233837294713152    57.0   57.0
 11  202.468028 8.729E-19 1.693E+00.08910.435  446.51070.720.000200          0 0 0          0 0 0  6  3  4        5  2  3      764426807260783049    39.0   33.0
 11  202.469173 5.488E-30 3.512E-01.06380.265 5579.48930.60-.005830          0 2 0          1 0 0 13  4  9       12  3 10      434233837294713152    81.0   75.0
 11  202.574187 4.585E-27 1.346E+00.08550.371 4350.69930.700.001340          0 0 1          0 0 1  7  3  5        6  2  4      534223837294713152    45.0   39.0
 11  202.580743 1.955E-28 2.231E+00.02580.172 5074.22160.200.004790          0 0 0          0 0 0 19  7 13       19  6 14      434233837260713049    39.0   39.0
 11  202.623092 2.326E-26 1.337E+00.08850.446 3951.31500.710.003260          1 0 0          1 0 0  5  3  2        4  2  3      564223837294783152    33.0   27.0
 11  202.689127 2.661E-18 3.412E+00.07300.364  285.41860.64-.001410          0 0 0          0 0 0  4  4  1        3  3  0      764426807260783049    27.0   21.0
 11  202.701353 8.858E-24 1.179E-04.08380.376  842.35660.74-.001060          0 0 0          0 0 0  6  6  1        7  3  4      764426807260783049    39.0   45.0
 11  202.914836 8.888E-19 3.421E+00.07170.366  285.21930.62-.000800          0 0 0          0 0 0  4  4  0        3  3  1      764426837260783049     9.0    7.0
 11  203.491452 2.216E-30 1.038E+00.03050.298 5935.83220.34-.004000          0 0 1          0 0 1 10  9  1       10  8  2      434233837294713152    63.0   63.0
 11  203.492690 7.409E-31 1.041E+00.03920.281 5935.83100.580.000000          0 0 1          0 0 1 10  9  2       10  8  3      4333308387659336 0    21.0   21.0
 11  203.506615 2.086E-22 1.890E+00.09090.438 1922.90110.730.000320          0 1 0          0 1 0  5  3  3        4  2  2      764223837294783152    11.0    9.0
 11  203.809352 6.838E-29 2.209E-02.07180.352 4368.63690.65-.001450          1 0 0          0 2 0  7  4  3        7  5  2      534233837294713152    45.0   45.0
 11  203.896827 1.126E-26 2.011E+00.04530.265 4125.59900.43-.006750          0 1 0          0 1 0 12  7  5       12  6  6      564223837294713152    25.0   25.0
 11  204.009702 2.830E-30 2.377E+00.03230.161 5966.82180.29-.010250          0 0 0          0 0 0 20  9 11       20  8 12      334233837260713049    41.0   41.0
 11  204.031674 1.846E-30 8.614E-11.07340.352  927.74390.650.000000          0 0 0          0 0 0  8  4  4        7  4  4     q7422308079917122 0    17.0   15.0
 11  204.087672 1.125E-28 3.319E-03.04640.195 3812.04690.510.018400          0 0 0          0 0 0 16  7  9       17  4 14      434233837260713049    33.0   35.0
 11  204.232651 3.639E-28 4.522E-01.02490.195 4830.89390.190.000870          0 0 0          0 0 0 18  8 11       17  9  8      434423837260713049   111.0  105.0
 11  204.299957 7.676E-29 2.373E+00.02660.172 5276.80240.210.003830          0 0 0          0 0 0 19  8 12       19  7 13      434233837260713049    39.0   39.0
 11  204.478070 2.624E-24 6.942E-01.04450.209 2905.43350.50-.006710          0 1 0          0 1 0  7  7  0        7  6  1      664223837294783152    45.0   45.0
 11  204.480904 8.747E-25 6.942E-01.04440.352 2905.43060.50-.006680          0 1 0          0 1 0  7  7  1        7  6  2      664223837294713152    15.0   15.0
 11  204.571915 4.570E-29 2.065E+00.06670.352 5409.69800.570.007300          0 3 0          0 3 0  8  2  7        7  1  6      434233837294713152    51.0   45.0
 11  204.574244 5.534E-22 1.226E+00.02640.231 2042.31060.19-.000610          0 0 0          0 0 0 13  2 11       13  1 12      564426837260783049    81.0   81.0
 11  204.580856 8.682E-30 4.246E-03.06840.371 4197.36100.62-.001730          1 0 0          0 2 0  6  4  2        6  5  1      534253837294713152    13.0   13.0
 11  204.671840 4.306E-29 9.594E-02.07510.333 4564.36660.67-.000370          1 0 0          0 2 0  8  4  4        8  5  3      534253837294713152    17.0   17.0
 11  204.783056 4.637E-31 2.168E-03.03180.183 4865.22650.350.000000          0 0 0          0 0 0 17 10  8       18  7 11      4333308387659336 0    35.0   37.0
 11  204.818030 2.987E-29 3.080E-01.05240.265 5184.73430.530.000600          0 2 0          1 0 0 12  4  9       12  1 12      434233837294713152    75.0   75.0
 11  204.856749 4.255E-28 2.115E-02.10050.456 3825.21310.750.009000          0 0 1          0 0 1  3  3  1        2  0  2      534223837294713152    21.0   15.0
 11  204.858776 7.137E-29 2.105E-02.07640.352 4348.41470.650.007550          0 0 1          1 0 0  7  3  5        7  1  6      534233837294713152    45.0   45.0
 11  204.904876 5.520E-27 4.165E-01.04160.208 4016.13450.41-.014860          0 0 0          0 0 0 17  6 12       16  7  9      434426837260713049    35.0   33.0
 11  204.931780 9.064E-26 2.392E-03.05750.290 2551.48350.600.015700          0 0 0          0 0 0 13  6  7       14  3 12      564426837260783049    81.0   87.0
 11  204.995168 1.010E-28 1.987E+00.06370.281 5300.17820.59-.009380          0 2 0          0 2 0 11  6  5       11  5  6      434233837294713152    69.0   69.0
 11  205.116704 4.879E-25 2.309E+00.09050.428 3392.74930.720.000760          0 2 0          0 2 0  4  3  2        3  2  1      564223837294783152    27.0   21.0
 11  205.153269 6.411E-25 1.168E+00.04420.232 3101.14220.46-.003970          0 1 0          0 1 0  8  7  1        8  6  2      564223837294783152    17.0   17.0
 11  205.171364 1.924E-24 1.168E+00.04410.232 3101.12380.46-.003930          0 1 0          0 1 0  8  7  2        8  6  3      564223837294783152    51.0   51.0
 11  205.259019 1.213E-25 1.912E+00.04520.273 3833.14440.44-.005260          0 1 0          0 1 0 11  7  4       11  6  5      564223837294783152    69.0   69.0
 11  205.402839 1.454E-26 2.545E+00.05390.333 4062.83810.460.005160          0 2 0          0 2 0  9  2  8        8  1  7      564223837294783152    19.0   17.0
 11  205.449122 3.766E-29 4.078E-01.03370.265 5193.88220.29-.020870          1 0 0          0 2 0 12  2 11       12  3 10      434223837294713152    75.0   75.0
 11  205.614165 9.478E-25 1.504E+00.04520.245 3321.01330.46-.003800          0 1 0          0 1 0  9  7  2        9  6  3      564223837294783152    57.0   57.0
 11  205.690418 1.858E-22 1.245E+00.02640.229 2042.37410.200.002130          0 0 0          0 0 0 13  3 11       13  2 12      564426837260783049    27.0   27.0
 11  205.695106 3.162E-25 1.506E+00.04470.244 3320.92980.45-.003640          0 1 0          0 1 0  9  7  3        9  6  4      564223837294783152    19.0   19.0
 11  205.710393 4.342E-28 1.508E+00.03900.281 4716.37940.340.003800          0 2 0          0 2 0 11  3  9       11  2 10      434223807294713152    23.0   23.0
 11  205.720955 1.237E-25 1.746E+00.04570.261 3565.00350.45-.004500          0 1 0          0 1 0 10  7  3       10  6  4      564223837294783152    21.0   21.0
 11  205.728724 4.166E-30 3.963E-04.06730.391 4050.51250.630.001310          1 0 0          0 2 0  5  4  1        5  5  0      534233837294713152    33.0   33.0
 11  205.785054 1.183E-26 2.147E+00.02420.231 4432.86020.180.004610          0 0 0          0 0 0 18  6 13       18  5 14      464426837260783049   111.0  111.0
 11  205.922190 1.654E-29 1.025E-11.09940.456   79.49640.740.000000          0 0 0          0 0 0  3  3  0        2  1  2     q7422308079917122 0    21.0   15.0
 11  205.970943 1.107E-27 5.430E-01.08970.391 4195.97100.73-.005510          1 0 0          0 0 1  6  4  2        5  2  3      534223837294713152    13.0   11.0
 11  205.980573 2.841E-27 2.169E+00.03950.250 4437.39980.37-.000850          0 1 0          0 1 0 13  7  7       13  6  8      434223837294713152    27.0   27.0
 11  206.006345 3.722E-25 1.752E+00.04470.258 3564.70500.44-.003910          0 1 0          0 1 0 10  7  4       10  6  5      564223837294783152    63.0   63.0
 11  206.038974 3.461E-26 2.068E+00.04120.265 4123.28530.39-.002490          0 1 0          0 1 0 12  7  6       12  6  7      564223837294713152    75.0   75.0
 11  206.044449 8.281E-25 1.376E+00.03210.251 3386.37950.270.002920          0 1 0          0 1 0 12  3 10       12  2 11      564223837294783152    75.0   75.0
 11  206.099761 4.083E-26 1.934E+00.04310.281 3832.25180.42-.003490          0 1 0          0 1 0 11  7  5       11  6  6      564223837294713152    23.0   23.0
 11  206.128526 4.934E-30 4.464E-01.02060.183 5495.14940.120.002440          0 0 0          0 0 0 19  9 11       18 10  8      434233837260713049    39.0   37.0
 11  206.178978 1.849E-27 2.254E+00.03780.235 4774.04420.350.001110          0 1 0          0 1 0 14  7  8       14  6  9      534223837294713152    87.0   87.0
 11  206.187403 1.309E-29 2.861E-03.03260.195 4221.03940.320.003960          0 0 0          0 0 0 16  9  7       17  6 12      434233837260713049    33.0   35.0
 11  206.346567 3.615E-30 1.819E+00.03300.235 5786.85260.30-.003540          0 2 0          0 2 0 14  3 11       14  2 12      434233837294713152    29.0   29.0
 11  206.555862 1.451E-28 1.018E+00.07420.315 5067.07680.65-.008410          0 0 1          0 0 1 10  3  7        9  4  6      434233837294713152    63.0   57.0
 11  206.663741 1.386E-30 3.997E+00.03150.298 6323.91050.220.000910          1 1 0          1 1 0 11  0 11       10  1 10      434233837294713152    69.0   63.0
 11  206.705127 2.029E-28 1.934E-02.08790.391 4049.53610.710.005690          1 0 0          1 0 0  5  4  1        5  1  4      534233837294713152    33.0   33.0
 11  206.776660 1.449E-30 1.604E+00.08910.391 5783.40300.720.000200          0 1 1          0 1 1  6  3  4        5  2  3      434233837294713152    13.0   11.0
 11  206.789594 1.783E-26 2.019E-04.09080.391 1922.82900.720.003940          0 1 0          0 1 0  4  4  0        5  1  5      764223837294713152     9.0   11.0
 11  206.965398 5.861E-31 3.013E-01.08770.444 5549.70140.710.000000          1 1 0          0 1 1  4  4  0        3  2  1      4333308387659336 0     9.0    7.0
 11  206.966310 1.188E-28 2.334E+00.03600.221 5132.52170.330.002760          0 1 0          0 1 0 15  7  9       15  6 10      434233837294713152    31.0   31.0
 11  206.971643 2.030E-25 1.910E+00.02860.239 3810.93670.26-.003750          0 0 0          0 0 0 17  4 13       17  3 14      464426837260783049   105.0  105.0
 11  206.995552 2.647E-29 5.129E-03.09210.412 3927.80280.730.005320          1 0 0          1 0 0  4  4  0        4  1  3      534233837294713152     9.0    9.0
 11  207.250962 1.072E-29 5.421E-01.05660.221 5339.48800.550.011160          0 1 0          0 1 0 16  6 10       15  7  9      434233837294713152    33.0   31.0
 11  207.276649 1.610E-27 1.591E+00.05870.315 4436.94050.52-.010560          0 2 0          0 2 0 10  2  8        9  3  7      534223837294713152    21.0   19.0
 11  207.459557 3.921E-28 7.749E-01.07780.315 4784.66210.690.000520          1 0 0          0 2 0  9  4  5        9  5  4      434223837294713152    57.0   57.0
 11  207.557532 2.157E-30 2.062E-01.06520.250 5654.78140.71-.012600          1 0 0          0 1 0 13  2 11       13 11  2      434233837294713152    81.0   81.0
 11  207.609516 1.007E-28 1.780E+00.05990.298 5029.81050.56-.008050          0 2 0          0 2 0 10  6  4       10  5  5      534233837294713152    21.0   21.0
 11  207.691897 1.502E-29 4.578E-01.02060.183 5495.08990.110.003850          0 0 0          0 0 0 19  9 10       18 10  9      434233837260713049   117.0  111.0
 11  207.734431 3.974E-27 1.147E+00.08400.412 4050.05230.68-.002760          1 0 0          0 0 1  5  4  2        4  2  3      534223837294713152    11.0    9.0
 11  207.904368 1.484E-23 1.655E+00.02580.226 2872.27430.20-.001950          0 0 0          0 0 0 15  3 12       15  2 13      564426837260783049    93.0   93.0
 11  208.076364 2.617E-29 2.492E+00.02520.161 5739.22910.200.004420          0 0 0          0 0 0 20  8 13       20  7 14      334233837260713049   123.0  123.0
 11  208.288290 1.782E-29 3.659E+00.03150.298 5778.04210.220.000910          0 3 0          0 3 0 11  0 11       10  1 10      434233837294713152    69.0   63.0
 11  208.294243 3.221E-27 1.805E+00.08550.371 4249.52440.700.001340          1 0 0          1 0 0  7  3  5        6  2  4      534223807294713152    15.0   13.0
 11  208.449775 1.397E-18 1.640E+00.08850.428  300.36230.710.003260          0 0 0          0 0 0  5  3  2        4  2  3      764426807260783049    33.0   27.0
 11  208.513413 3.071E-27 4.275E+00.03150.298 4750.38770.220.000910          1 0 0          1 0 0 11  0 11       10  1 10      534223837294713152    69.0   63.0
 11  208.543896 6.874E-25 5.179E-01.05590.325 3264.33740.540.012530          0 0 0          0 0 0 15  6  9       14  7  8      564426837260783049    93.0   87.0
 11  208.574587 1.023E-27 4.274E+00.03150.298 4750.36220.220.000940          1 0 0          1 0 0 11  1 11       10  0 10      434223837294713152    23.0   21.0
 11  208.610748 1.911E-29 1.433E+00.04590.265 5587.51870.420.002840          0 2 0          0 2 0 12  6  7       12  5  8      434233837294713152    75.0   75.0
 11  208.682370 8.502E-28 3.312E+00.04250.315 4717.10450.35-.000710          1 0 0          1 0 0 10  1  9        9  2  8      434223837294713152    21.0   19.0
 11  208.704794 6.154E-29 2.423E+00.03390.208 5512.01420.300.004030          0 1 0          0 1 0 16  7 10       16  6 11      434233837294713152    99.0   99.0
 11  208.787744 9.782E-30 1.052E-02.04820.265 4696.86580.47-.002060          0 2 0          0 2 0 11  2  9       12  1 12      534233837294713152    69.0   75.0
 11  208.848727 5.977E-30 3.689E+00.03150.298 5777.68710.220.000940          0 3 0          0 3 0 11  1 11       10  0 10      434233837294713152    23.0   21.0
 11  208.995087 7.427E-29 3.207E-01.04950.183 4865.22650.51-.019260          0 0 0          0 0 0 19  6 14       18  7 11      434233837260713049    39.0   37.0
 11  209.109175 9.435E-26 5.304E-04.08590.371 2042.75330.700.003960          0 1 0          0 1 0  5  4  1        6  1  6      764223837294713152    33.0   39.0
 11  209.146694 1.336E-28 3.080E+00.08900.456 4856.21520.720.001630          0 3 0          0 3 0  3  3  1        2  2  0      434233837294713152     7.0    5.0
 11  209.151077 3.457E-29 2.688E-11.09400.434  173.36580.730.000000          0 0 0          0 0 0  4  3  2        3  1  2     q7422308079917122 0    27.0   21.0
 11  209.255229 6.393E-28 4.414E+00.03150.298 4852.75530.220.000910          0 0 1          0 0 1 11  0 11       10  1 10      534223837294713152    23.0   21.0
 11  209.264045 1.919E-27 4.416E+00.03150.298 4852.74920.220.000940          0 0 1          0 0 1 11  1 11       10  0 10      534223837294713152    69.0   63.0
 11  209.269225 2.105E-28 1.997E-02.10050.456 3725.94200.750.009000          1 0 0          1 0 0  3  3  1        2  0  2      534233837294713152     7.0    5.0
 11  209.270441 3.045E-26 3.938E+00.03150.284 4260.46690.220.000910          0 2 0          0 2 0 11  0 11       10  1 10      564223837294783152    69.0   63.0
 11  209.444761 1.017E-26 3.948E+00.03150.283 4260.35180.220.000940          0 2 0          0 2 0 11  1 11       10  0 10      464223837294783152    23.0   21.0
 11  209.520973 1.620E-27 3.450E+00.04250.315 4817.73570.35-.000710          0 0 1          0 0 1 10  1  9        9  2  8      534223837294713152    63.0   57.0
 11  209.617004 1.307E-26 2.118E-03.04280.281 2918.24490.440.003380          0 0 0          0 0 0 13  8  5       14  5 10      564426837260783049    81.0   87.0
 11  209.707529 4.364E-27 7.368E-01.05470.371 4197.33880.56-.005920          0 2 0          0 2 0  6  6  1        6  5  2      534223837294713152    39.0   39.0
 11  209.727756 1.822E-23 5.685E-02.09050.453 1920.76650.720.004910          0 1 0          0 1 0  5  3  2        5  0  5      564223837294783152    33.0   33.0
 11  209.796552 1.573E-27 7.973E-01.05490.371 4197.36100.57-.005980          0 2 0          0 2 0  6  6  0        6  5  1      534223837294713152    13.0   13.0
 11  209.860394 1.908E-30 3.388E-02.06320.298 5027.55960.610.005510          0 2 0          0 0 1 10  6  4       10  2  9      534233837294713152    21.0   21.0
 11  209.907314 2.775E-29 6.249E-11.09400.434  206.30140.730.000000          0 0 0          0 0 0  5  2  4        3  2  2     q7422308079917122 0    11.0    7.0
 11  210.062486 4.236E-30 2.261E+00.03550.235 6019.83170.320.006720          0 2 0          0 2 0 14  5 10       14  4 11      434233837294713152    87.0   87.0
 11  210.078568 1.566E-23 4.212E-04.07230.301 1006.11590.670.001770          0 0 0          0 0 0  7  6  1        8  3  6      764426807260783049    45.0   51.0
 11  210.154158 4.037E-28 3.109E+00.08800.456 4855.29940.710.002570          0 3 0          0 3 0  3  3  0        2  2  1      434223837294713152    21.0   15.0
 11  210.195610 3.214E-30 2.595E+00.04250.315 5812.38450.35-.000710          0 3 0          0 3 0 10  1  9        9  2  8      434233837294713152    21.0   19.0
 11  210.243781 1.287E-28 4.993E-01.02740.195 4830.61440.220.007550          0 0 0          0 0 0 18  8 10       17  9  9      434233837260713049    37.0   35.0
 11  210.254318 1.722E-27 2.547E-01.06920.412 4135.01760.61-.005660          0 0 1          1 0 0  5  4  2        4  4  1      534223837294713152    33.0   27.0
 11  210.336221 1.290E-27 1.307E+00.05360.352 4368.54610.52-.003560          0 2 0          0 2 0  7  6  2        7  5  3      534223837294713152    15.0   15.0
 11  210.340894 3.819E-27 1.291E+00.05440.352 4368.63690.53-.003780          0 2 0          0 2 0  7  6  1        7  5  2      534223837294713152    45.0   45.0
 11  210.380122 2.601E-27 3.398E+00.04330.315 4715.96680.360.003230          1 0 0          1 0 0 10  2  9        9  1  8      434223837294713152    63.0   57.0
 11  210.531061 2.174E-27 3.982E-01.04570.195 4428.11420.47-.018180          0 0 0          0 0 0 18  6 13       17  7 10      434426837260713049   111.0  105.0
 11  210.553425 4.456E-31 1.467E-02.01340.182 5258.63050.060.000000          0 1 0          0 1 0 17  4 14       18  1 17      4333308387659336 0    35.0   37.0
 11  210.568678 5.400E-28 3.462E+00.04330.315 4816.99090.360.003230          0 0 1          0 0 1 10  2  9        9  1  8      534223837294713152    21.0   19.0
 11  210.690029 3.806E-28 6.469E-02.08260.371 4197.33880.71-.000880          0 0 1          0 2 0  6  3  3        6  5  2      534223837294713152    39.0   39.0
 11  210.698934 8.318E-29 2.550E+00.02890.172 5492.08280.24-.008800          0 0 0          0 0 0 19  9 10       19  8 11      434233837260713049   117.0  117.0
 11  210.721562 6.713E-28 1.559E+00.05580.333 4564.36660.53-.004460          0 2 0          0 2 0  8  6  2        8  5  3      534223837294713152    17.0   17.0
 11  210.734712 6.199E-23 4.217E+00.03150.284 2705.13960.220.000910          0 1 0          0 1 0 11  0 11       10  1 10      564223837294783152    69.0   63.0
 11  210.760736 3.476E-28 1.546E-01.07040.412 4134.79840.62-.005720          0 0 1          1 0 0  5  4  1        4  4  0      534223837294713152    11.0    9.0
 11  210.770087 2.134E-27 1.650E+00.05400.333 4564.03480.52-.003470          0 2 0          0 2 0  8  6  3        8  5  4      434223837294713152    51.0   51.0
 11  210.797441 2.068E-23 4.221E+00.03150.283 2705.09690.220.000940          0 1 0          0 1 0 11  1 11       10  0 10      564223837294783152    23.0   21.0
 11  210.883656 1.450E-20 2.802E-02.08790.420  399.45750.710.005690          0 0 0          0 0 0  5  4  1        5  1  4      764426807260783049    33.0   33.0
 11  211.046273 1.680E-25 2.423E+00.08860.405 3387.68070.710.002940          0 2 0          0 2 0  4  3  1        3  2  2      564223837294783152     9.0    7.0
 11  211.061756 3.120E-28 1.886E+00.05360.315 4783.64070.51-.003320          0 2 0          0 2 0  9  6  4        9  5  5      434223837294713152    19.0   19.0
 11  211.135264 1.006E-30 8.394E-04.07330.352 4353.23140.640.005890          0 2 0          1 0 0  8  5  3        7  2  6      434233837294713152    17.0   15.0
 11  211.146153 8.443E-30 2.390E+00.02800.195 5700.48200.230.005740          0 1 0          0 1 0 17  6 12       17  5 13      434233837294713152    35.0   35.0
 11  211.151035 2.909E-30 9.763E-03.01400.161 4820.6430-.300.000000          0 0 0          0 0 0 20  3 17       21  2 20      4333308387659336 0    41.0   43.0
 11  211.186639 6.471E-30 3.289E-03.08790.391 4195.97100.74-.002460          0 2 0          0 0 1  6  6  0        5  2  3      534233837294713152    13.0   11.0
 11  211.220176 2.600E-26 1.871E+00.02850.235 4184.83120.240.003740          0 1 0          0 1 0 14  4 11       14  3 12      564223837294713152    87.0   87.0
 11  211.284718 5.046E-24 1.730E+00.02370.223 2872.58050.170.003480          0 0 0          0 0 0 15  4 12       15  3 13      564426837260783049    31.0   31.0
 11  211.311321 3.440E-28 2.052E+00.05130.298 5027.07400.48-.001770          0 2 0          0 2 0 10  6  5       10  5  6      434223837294713152    63.0   63.0
 11  211.328352 9.948E-26 4.066E-03.02420.193 2660.94600.230.002020          0 0 0          0 0 0 15  2 13       16  1 16      564426837260783049    93.0   99.0
 11  211.335235 8.736E-30 9.785E-03.01400.161 4820.6427-.300.000000          0 0 0          0 0 0 20  4 17       21  1 20      4333308387659336 0   123.0  129.0
 11  211.339035 3.645E-25 1.238E-03.05650.292 1843.02960.560.002180          0 0 0          0 0 0 10  7  3       11  4  8      564426837260783049    21.0   23.0
 11  211.396157 3.814E-27 1.464E-02.09740.434 3289.24250.740.006850          0 2 0          0 2 0  3  3  0        3  0  3      534223837294713152    21.0   21.0
 11  211.497584 1.342E-30 2.938E-01.08090.412 5635.01410.66-.010780          0 1 1          1 1 0  5  3  3        4  3  2      434233837294713152    33.0   27.0
 11  211.537896 6.288E-31 4.226E-01.07670.395 5639.73060.710.000000          0 1 1          1 1 0  5  3  2        4  3  1      4333308387659336 0    11.0    9.0
 11  211.565569 1.094E-23 5.182E-04.07990.377  920.21000.700.004700          0 0 0          0 0 0  8  4  4        9  1  9      764426807260783049    17.0   19.0
 11  211.569063 1.531E-29 2.594E-03.08780.371 4195.47730.720.002060          0 2 0          0 0 1  6  6  1        6  0  6      534233837294713152    39.0   39.0
 11  211.621427 7.864E-30 1.870E+00.08910.391 5686.18010.720.000200          1 1 0          1 1 0  6  3  4        5  2  3      434233837294713152    39.0   33.0
 11  211.634712 3.321E-26 4.081E-03.02460.192 2660.94580.240.002390          0 0 0          0 0 0 15  3 13       16  0 16      564426837260783049    31.0   33.0
 11  211.669539 5.446E-28 1.108E+00.05780.315 4784.66210.55-.006250          0 2 0          0 2 0  9  6  3        9  5  4      434223837294713152    57.0   57.0
 11  211.679734 9.481E-29 4.702E-02.08480.371 4190.26220.710.006110          1 0 0          1 0 0  6  4  2        6  1  5      534233837294713152    13.0   13.0
 11  211.704693 4.138E-29 7.430E-01.02780.265 5289.15190.200.001580          0 0 1          0 0 1 12  1 11       12  0 12      534233837294713152    75.0   75.0
 11  211.729126 3.197E-30 2.536E+00.03130.195 5911.62820.270.004820          0 1 0          0 1 0 17  7 11       17  6 12      434233837294713152    35.0   35.0
 11  211.763110 1.380E-29 7.437E-01.02790.265 5289.15260.200.001660          0 0 1          0 0 1 12  2 11       12  1 12      434233837294713152    25.0   25.0
 11  211.831758 3.574E-29 2.142E+00.04860.281 5293.79080.450.000510          0 2 0          0 2 0 11  6  6       11  5  7      434233837294713152    23.0   23.0
 11  211.859518 4.938E-30 3.880E+00.07300.434 5630.14250.64-.001410          0 1 1          0 1 1  4  4  1        3  3  0      434233837294713152     9.0    7.0
 11  211.913289 1.849E-29 6.051E-01.02780.265 5186.33730.200.001580          1 0 0          1 0 0 12  1 11       12  0 12      434233837294713152    25.0   25.0
 11  212.084810 1.484E-29 3.889E+00.07170.434 5629.94310.62-.000800          0 1 1          0 1 1  4  4  0        3  3  1      434233837294713152    27.0   21.0
 11  212.151496 6.624E-27 2.981E+00.04250.315 4268.24090.35-.000710          0 2 0          0 2 0 10  1  9        9  2  8      534223837294713152    21.0   19.0
 11  212.157054 1.079E-30 3.272E+00.04330.315 6307.85790.360.003230          1 1 0          1 1 0 10  2  9        9  1  8      434233837294713152    63.0   57.0
 11  212.184076 7.103E-29 2.480E+00.02320.161 5527.04500.170.004080          0 0 0          0 0 0 20  7 14       20  6 15      434233837260713049   123.0  123.0
 11  212.409943 5.959E-30 1.032E+00.08680.434 5544.24850.70-.003150          1 1 0          0 1 1  4  4  1        3  2  2      434233837294713152    27.0   21.0
 11  212.526970 7.148E-28 1.630E-03.05820.221 3472.88130.60-.013400          0 0 0          0 0 0 14  9  6       15  6  9      434426837260713049    87.0   93.0
 11  212.551563 1.390E-28 2.371E-02.08900.371 4195.47730.720.004730          0 0 1          0 0 1  6  3  3        6  0  6      534233837294713152    39.0   39.0
 11  212.552397 1.542E-23 3.251E+00.04250.315 2690.59370.35-.000710          0 1 0          0 1 0 10  1  9        9  2  8      564223837294713152    21.0   19.0
 11  212.560077 1.490E-19 4.502E+00.03150.280 1114.54990.220.000910          0 0 0          0 0 0 11  0 11       10  1 10      664426837260783049    69.0   63.0
 11  212.585368 4.970E-20 4.505E+00.03150.279 1114.53220.220.000940          0 0 0          0 0 0 11  1 11       10  0 10      564426837260783049    23.0   21.0
 11  212.598226 5.525E-30 6.699E-01.03000.315 5624.38740.38-.006200          1 0 0          1 0 0  9  9  0        9  8  1      434233837294713152    57.0   57.0
 11  212.598279 1.842E-30 6.700E-01.03000.315 5624.38740.38-.006210          1 0 0          1 0 0  9  9  1        9  8  2      434233837294713152    19.0   19.0
 11  212.632695 4.122E-20 3.468E+00.04250.314 1080.38540.35-.000710          0 0 0          0 0 0 10  1  9        9  2  8      664426837260783049    21.0   19.0
 11  212.637137 1.701E-21 6.675E-03.09210.460  275.49700.730.005320          0 0 0          0 0 0  4  4  0        4  1  3      764426837260783049     9.0    9.0
 11  212.754738 2.498E-30 2.406E+00.04310.250 5896.77300.400.004760          0 2 0          0 2 0 13  6  8       13  5  9      434233837294713152    27.0   27.0
 11  212.758276 1.584E-29 2.043E+00.03400.250 5483.12470.300.004510          0 2 0          0 2 0 13  4 10       13  3 11      434233837294713152    27.0   27.0
 11  212.819556 7.180E-30 4.674E-02.07230.315 4816.99090.660.013880          0 2 0          0 0 1 10  5  5        9  1  8      534233837294713152    21.0   19.0
 11  212.896077 9.355E-29 2.949E-02.08900.371 4095.31520.720.004730          1 0 0          1 0 0  6  3  3        6  0  6      534233837294713152    13.0   13.0
 11  212.946939 6.172E-29 9.556E-01.09790.434 4820.76260.750.004380          0 3 0          0 3 0  4  2  2        3  1  3      434233837294713152     9.0    7.0
 11  213.117660 9.526E-28 1.883E+00.08070.352 4527.94940.680.003600          0 0 1          0 0 1  8  3  6        7  2  5      534223837294713152    17.0   15.0
 11  213.465814 1.029E-26 9.375E-01.08090.412 4030.83890.66-.010780          0 0 1          1 0 0  5  3  3        4  3  2      564223837294713152    33.0   27.0
 11  213.487867 8.849E-31 2.583E+00.02280.150 6219.62110.160.003220          0 0 0          0 0 0 21  8 14       21  7 15      344233833260713049    43.0   43.0
 11  213.920744 1.667E-19 1.943E+00.08550.430  602.77350.700.001340          0 0 0          0 0 0  7  3  5        6  2  4      764426807260783049    15.0   13.0
 11  214.134673 5.343E-30 1.790E+00.07170.352 5782.70860.65-.004950          0 3 0          0 3 0  7  5  2        7  4  3      434233837294713152    45.0   45.0
 11  214.147341 7.008E-29 2.163E+00.02860.195 5466.40250.26-.003750          0 1 0          0 1 0 17  4 13       17  3 14      434233837294713152   105.0  105.0
 11  214.158810 2.990E-27 1.859E-01.08660.412 3951.31500.68-.010770          0 0 1          1 0 0  5  2  4        4  2  3      534223837294713152    33.0   27.0
 11  214.180012 5.984E-29 9.199E-02.08270.352 4448.97070.710.006560          0 0 1          0 0 1  7  4  3        7  1  6      534233837294713152    15.0   15.0
 11  214.373989 1.090E-30 1.173E+00.03050.298 5865.60400.34-.004000          1 0 0          1 0 0 10  9  1       10  8  2      434233837294713152    21.0   21.0
 11  214.374416 3.269E-30 1.172E+00.03050.298 5865.60350.34-.004000          1 0 0          1 0 0 10  9  2       10  8  3      434233837294713152    63.0   63.0
 11  214.397229 9.525E-30 9.274E-01.06770.391 5464.33210.64-.004230          0 3 0          0 3 0  5  5  0        5  4  1      434233837294713152    33.0   33.0
 11  214.465490 3.177E-30 9.281E-01.06670.391 5464.26210.63-.004180          0 3 0          0 3 0  5  5  1        5  4  2      434233837294713152    11.0   11.0
 11  214.551187 2.900E-30 1.464E+00.06790.371 5611.09740.62-.003870          0 3 0          0 3 0  6  5  1        6  4  2      434233837294713152    13.0   13.0
 11  214.554469 1.265E-19 3.571E+00.04330.298 1079.07960.360.003230          0 0 0          0 0 0 10  2  9        9  1  8      764426837260783049    63.0   57.0
 11  214.597022 4.424E-29 4.875E-01.02790.265 5184.73430.200.001660          1 0 0          1 0 0 12  2 11       12  1 12      434233837294713152    75.0   75.0
 11  214.852328 6.604E-21 4.185E-02.08900.453  446.69660.720.004730          0 0 0          0 0 0  6  3  3        6  0  6      764426837260783049    13.0   13.0
 11  214.867283 8.728E-30 1.470E+00.06460.371 5610.76490.58-.002810          0 3 0          0 3 0  6  5  2        6  4  3      434233837294713152    39.0   39.0
 11  214.874413 6.584E-21 6.662E-02.08480.437  542.90580.710.006110          0 0 0          0 0 0  6  4  2        6  1  5      764426807260783049    13.0   13.0
 11  214.962665 1.119E-29 1.147E+00.05050.315 5586.59020.440.000030          0 3 0          0 3 0  9  1  8        9  0  9      434233837294713152    57.0   57.0
 11  215.128528 1.083E-20 2.047E-02.10050.437   70.09080.750.009000          0 0 0          0 0 0  3  3  1        2  0  2      764426807260783049     7.0    5.0
 11  215.182467 1.802E-30 1.814E+00.06390.352 5781.58070.58-.002150          0 3 0          0 3 0  7  5  3        7  4  4      434233837294713152    15.0   15.0
 11  215.189543 1.577E-30 2.419E+00.03980.235 6229.89420.360.006100          0 2 0          0 2 0 14  6  9       14  5 10      434233837294713152    87.0   87.0
 11  215.201469 8.093E-30 2.625E+00.05390.333 5597.18310.460.005160          0 3 0          0 3 0  9  2  8        8  1  7      434233837294713152    19.0   17.0
 11  215.258272 2.369E-28 2.641E+00.02650.183 5040.85820.20-.006830          0 0 0          0 0 0 18  9  9       18  8 10      434433837260713049    37.0   37.0
 11  215.459125 7.089E-26 2.131E+00.02220.213 3812.04690.150.003190          0 0 0          0 0 0 17  5 13       17  4 14      464426837260783049    35.0   35.0
 11  215.461366 1.016E-28 1.170E+00.03310.265 4966.63370.28-.001630          0 2 0          0 2 0 12  2 10       12  1 11      534233837294713152    25.0   25.0
 11  215.664083 2.431E-22 7.045E-01.03000.176 2009.80510.38-.006200          0 0 0          0 0 0  9  9  0        9  8  1      564426837260783049    57.0   57.0
 11  215.664171 8.103E-23 7.045E-01.03000.176 2009.80500.38-.006210          0 0 0          0 0 0  9  9  1        9  8  2      564426837260783049    19.0   19.0
 11  215.909890 5.666E-31 1.350E-04.07890.379 4033.61450.670.000000          1 0 0          0 2 0  6  2  4        7  3  5      5333308387659336 0    13.0   15.0
 11  216.014039 2.162E-28 2.121E-02.08550.391 4076.89590.690.002720          1 0 0          0 0 1  6  3  4        5  1  5      534233837294713152    39.0   33.0
 11  216.155510 4.214E-28 2.288E+00.02590.208 5094.08430.200.004040          0 1 0          0 1 0 16  5 12       16  4 13      434223837294713152    99.0   99.0
 11  216.155543 4.780E-30 1.576E-01.03390.265 5182.09510.29-.011360          1 0 0          0 2 0 12  1 11       12  2 10      434233837294713152    25.0   25.0
 11  216.280312 2.630E-29 9.387E-11.08330.391  326.62550.690.000000          0 0 0          0 0 0  6  1  5        5  1  5     q7422308079917122 0    13.0   11.0
 11  216.298931 7.073E-27 1.980E+00.08810.412 4031.85360.72-.007850          0 0 1          1 0 0  5  3  2        4  3  1      534223837294713152    11.0    9.0
 11  216.348447 4.834E-23 3.442E+00.04330.293 2688.07990.360.003230          0 1 0          0 1 0 10  2  9        9  1  8      564223837294783152    63.0   57.0
 11  216.492926 1.401E-24 1.237E+00.06910.357 3224.54660.62-.013080          0 1 0          0 1 0 11  3  8       10  4  7      564223837294783152    69.0   63.0
 11  216.640097 1.166E-29 8.874E-01.05030.265 5579.48930.500.010090          0 2 0          1 0 0 12  6  7       12  3 10      434233837294713152    75.0   75.0
 11  216.771878 1.089E-21 8.057E-01.02780.232 1557.84440.200.001580          0 0 0          0 0 0 12  1 11       12  0 12      564426837260783049    25.0   25.0
 11  216.903380 3.271E-21 8.074E-01.02790.232 1557.84770.200.001660          0 0 0          0 0 0 12  2 11       12  1 12      564426837260783049    75.0   75.0
 11  216.967630 4.776E-24 2.159E+00.05870.336 2841.43080.52-.010560          0 1 0          0 1 0 10  2  8        9  3  7      564223837294783152    21.0   19.0
 11  216.970559 4.732E-23 1.232E+00.03050.193 2254.28450.34-.004000          0 0 0          0 0 0 10  9  1       10  8  2      564426837260783049    21.0   21.0
 11  216.971240 1.420E-22 1.233E+00.03050.193 2254.28380.34-.004000          0 0 0          0 0 0 10  9  2       10  8  3      564426837260783049    63.0   63.0
 11  216.989642 1.126E-29 2.121E-01.07590.298 5029.81050.66-.001700          1 0 0          0 2 0 10  4  6       10  5  5      534223837294713152    21.0   21.0
 11  217.166180 2.515E-30 1.841E+00.08550.371 5939.33620.700.001340          0 1 1          0 1 1  7  3  5        6  2  4      434233837294713152    45.0   39.0
 11  217.243516 1.895E-29 7.393E-02.02960.265 4967.49080.23-.018010          1 0 0          0 2 0 12  1 12       12  2 11      434243837294713152    75.0   75.0
 11  217.415018 7.135E-30 3.741E+00.07170.434 5539.25180.62-.000800          1 1 0          1 1 0  4  4  0        3  3  1      434233837294713152     9.0    7.0
 11  217.478081 7.493E-30 1.493E-02.06590.333 4523.58900.560.004670          0 0 1          1 0 0  8  3  6        8  1  7      534233837294713152    17.0   17.0
 11  217.743545 3.853E-22 2.051E+00.08910.440 2053.96870.720.000200          0 1 0          0 1 0  6  3  4        5  2  3      764223837294783152    39.0   33.0
 11  217.856382 1.715E-29 2.999E+00.07300.434 5538.80210.64-.001410          1 1 0          1 1 0  4  4  1        3  3  0      434233837294713152    27.0   21.0
 11  217.876755 2.214E-30 1.505E+00.08850.412 5633.39170.710.003260          0 1 1          0 1 1  5  3  2        4  2  3      434233837294713152    11.0    9.0
 11  217.932696 5.240E-27 2.173E+00.08070.352 4426.06640.680.003600          1 0 0          1 0 0  8  3  6        7  2  5      534223837294713152    51.0   45.0
 11  218.075596 2.923E-26 8.677E-04.08240.352 2181.08990.690.004280          0 1 0          0 1 0  6  4  2        7  1  7      664223837294713152    13.0   15.0
 11  218.103157 5.350E-27 2.674E+00.02570.195 4612.79070.19-.005040          0 0 0          0 0 0 17  9  8       17  8  9      434426837260713049   105.0  105.0
 11  218.137154 2.525E-30 2.695E-03.08290.352 4368.54610.72-.000240          0 0 1          0 2 0  7  3  4        7  5  3      534233837294713152    15.0   15.0
 11  218.155733 5.577E-23 1.639E+00.03160.209 2522.26520.34-.003370          0 0 0          0 0 0 11  9  2       11  8  3      564426837260783049    69.0   69.0
 11  218.159451 1.859E-23 1.639E+00.03160.209 2522.26130.34-.003370          0 0 0          0 0 0 11  9  3       11  8  4      564426837260783049    23.0   23.0
 11  218.344818 8.390E-27 3.748E-01.09520.412 3877.57520.740.003640          1 0 0          1 0 0  5  2  3        4  1  4      534223837294713152    33.0   27.0
 11  218.361689 1.385E-29 2.553E-03.07710.391 3977.45640.61-.009660          0 0 1          1 0 0  6  1  6        5  1  5      534233837294713152    13.0   11.0
 11  218.504408 3.343E-30 2.737E+00.04130.195 6134.90070.39-.010470          0 1 0          0 1 0 17  8  9       17  7 10      434233807294713152   105.0  105.0
 11  218.646915 3.221E-28 2.564E+00.05870.315 4850.44130.52-.010560          1 0 0          1 0 0 10  2  8        9  3  7      434223837294713152    21.0   19.0
 11  218.709401 1.727E-27 3.767E-01.09520.412 3977.26160.740.003640          0 0 1          0 0 1  5  2  3        4  1  4      534223837294713152    11.0    9.0
 11  218.748760 1.091E-29 3.825E-11.09400.434  285.21930.730.000000          0 0 0          0 0 0  5  3  3        3  3  1     q7422308079917122 0    11.0    7.0
 11  218.777425 7.216E-31 1.385E+00.03590.221 6045.14240.460.000000          0 0 1          0 0 1 14  3 12       14  2 13      4333308387659336 0    29.0   29.0
 11  218.808532 2.111E-26 3.172E+00.07890.357 4126.46340.67-.001830          0 0 1          0 0 1  5  4  2        4  3  1      564223837294783152    33.0   27.0
 11  219.069639 5.608E-28 2.467E+00.02090.172 4855.15200.130.003560          0 0 0          0 0 0 19  6 14       19  5 15      434223837260713049    39.0   39.0
 11  219.161713 5.819E-24 1.957E+00.03150.220 2813.52870.33-.003110          0 0 0          0 0 0 12  9  3       12  8  4      564426837260783049    25.0   25.0
 11  219.169175 1.447E-29 8.888E-04.07750.391 3976.30810.61-.007090          0 0 1          1 0 0  6  0  6        5  0  5      534233837294713152    39.0   33.0
 11  219.177592 1.746E-23 1.957E+00.03150.219 2813.51220.32-.003110          0 0 0          0 0 0 12  9  4       12  8  5      564426837260783049    75.0   75.0
 11  219.365306 1.103E-29 1.616E+00.08850.412 5541.66350.710.003260          1 1 0          1 1 0  5  3  2        4  2  3      434233837294713152    33.0   27.0
 11  219.664824 1.176E-26 2.636E+00.02600.227 4207.56200.20-.003900          0 0 0          0 0 0 16  9  7       16  8  8      464426837260783049    33.0   33.0
 11  219.703620 4.133E-29 4.896E-01.02950.265 4966.63370.23-.017850          1 0 0          0 2 0 12  0 12       12  1 11      534243837294713152    25.0   25.0
 11  219.735421 3.628E-30 1.406E+00.02170.235 5940.63730.120.001580          1 0 0          1 0 0 14  3 12       14  2 13      434233837294713152    87.0   87.0
 11  219.867847 1.507E-22 9.110E-01.06600.401 1985.78490.58-.002960          0 0 0          0 0 0 12  4  8       11  5  7      564426837260783049    25.0   23.0
 11  219.890424 4.658E-24 9.380E-01.03400.255 2915.87430.280.001170          0 1 0          0 1 0 11  1 10       11  0 11      564223837294783152    69.0   69.0
 11  219.921464 4.591E-24 2.207E+00.03030.235 3127.86190.29-.002910          0 0 0          0 0 0 13  9  4       13  8  5      564426837260783049    81.0   81.0
 11  219.977729 1.531E-24 2.208E+00.03020.234 3127.80280.29-.002870          0 0 0          0 0 0 13  9  5       13  8  6      564426837260783049    27.0   27.0
 11  220.040643 2.331E-27 1.064E+00.04160.298 4260.35180.360.000650          0 2 0          0 2 0 10  1  9       10  0 10      434223837294713152    21.0   21.0
 11  220.077374 2.174E-26 3.353E+00.04330.281 4263.15050.360.003230          0 2 0          0 2 0 10  2  9        9  1  8      564223837294783152    63.0   57.0
 11  220.168308 7.707E-30 1.432E-03.06920.352 4232.18450.57-.007140          0 0 1          1 0 0  7  2  6        7  0  7      534233837294713152    45.0   45.0
 11  220.175628 3.086E-29 2.866E+00.02320.172 5481.10230.150.000450          0 0 0          0 0 0 19  9 11       19  8 12      434233837260713049    39.0   39.0
 11  220.322230 7.540E-28 2.818E+00.02380.183 5035.12650.17-.000670          0 0 0          0 0 0 18  9 10       18  8 11      434426837260713049   111.0  111.0
 11  220.323888 2.045E-25 2.544E+00.02720.228 3824.99790.23-.003270          0 0 0          0 0 0 15  9  6       15  8  7      464426837260783049    93.0   93.0
 11  220.349250 3.462E-25 2.401E+00.02870.233 3465.07000.26-.002960          0 0 0          0 0 0 14  9  5       14  8  6      464426837260783049    29.0   29.0
 11  220.406020 1.024E-29 2.912E+00.02280.161 5947.30550.150.001440          0 0 0          0 0 0 20  9 12       20  8 13      334233837260713049   123.0  123.0
 11  220.410398 7.359E-27 3.331E+00.07480.412 4125.14870.63-.000900          0 0 1          0 0 1  5  4  1        4  3  2      534223837294713152    11.0    9.0
 11  220.417790 1.254E-27 6.019E-01.03000.195 4612.79070.26-.006580          0 0 0          0 0 0 18  7 12       17  8  9      434426837260713049   111.0  105.0
 11  220.518189 1.558E-24 9.452E-01.03430.255 2915.89430.280.001470          0 1 0          0 1 0 11  2 10       11  1 11      564223837294783152    23.0   23.0
 11  220.520897 1.041E-24 2.407E+00.02850.232 3464.88740.26-.002830          0 0 0          0 0 0 14  9  6       14  8  7      564426837260783049    87.0   87.0
 11  220.592338 1.833E-27 2.756E+00.02460.195 4610.02210.18-.001980          0 0 0          0 0 0 17  9  9       17  8 10      434426837260713049    35.0   35.0
 11  220.594075 1.124E-30 1.313E+00.02120.235 5940.53830.110.000100          1 0 0          1 0 0 14  2 12       14  1 13      434233837294713152    29.0   29.0
 11  220.787065 6.852E-26 2.558E+00.02680.229 3824.49850.22-.002870          0 0 0          0 0 0 15  9  7       15  8  8      464426837260783049    31.0   31.0
 11  220.789733 3.573E-26 2.673E+00.02550.231 4206.33130.20-.002690          0 0 0          0 0 0 16  9  8       16  8  9      464426837260783049    99.0   99.0
 11  221.131708 6.912E-29 2.452E+00.02630.161 5292.10220.25-.004580          0 0 0          0 0 0 20  5 15       20  4 16      434233837260713049    41.0   41.0
 11  221.487346 5.928E-27 2.042E+00.02580.221 4506.73380.20-.001950          0 1 0          0 1 0 15  3 12       15  2 13      534223837294713152    93.0   93.0
 11  221.521497 7.596E-31 8.636E-05.07880.383 3873.79370.660.000000          1 0 0          0 2 0  6  0  6        6  3  3      5333308387659336 0    13.0   13.0
 11  221.576295 3.189E-26 9.792E-04.07010.386 2300.68500.69-.008550          0 0 0          0 0 0 11  8  4       12  5  7      564426837260783049    23.0   25.0
 11  221.603420 1.149E-27 7.259E-03.03340.235 3655.48510.330.000340          0 1 0          0 1 0 13  2 11       14  1 14      534223837294713152    81.0   87.0
 11  221.672285 4.662E-19 4.141E-01.09520.447  224.83840.740.003640          0 0 0          0 0 0  5  2  3        4  1  4      764426807260783049    33.0   27.0
 11  221.737320 1.516E-20 2.622E+00.05870.326 1216.23130.52-.010560          0 0 0          0 0 0 10  2  8        9  3  7      664426837260783049    21.0   19.0
 11  221.746965 1.394E-27 4.657E-01.08800.371 4350.69930.72-.002670          1 0 0          0 0 1  7  4  3        6  2  4      534223837294713152    45.0   39.0
 11  221.782840 8.785E-27 6.237E-01.04190.208 4206.33130.410.012500          0 0 0          0 0 0 17  7 10       16  8  9      434426837260713049   105.0   99.0
 11  221.983439 1.125E-21 4.366E+00.07300.340 1907.61570.64-.001410          0 1 0          0 1 0  4  4  1        3  3  0      564223837294783152    27.0   21.0
 11  222.056895 6.333E-28 2.775E+00.05870.315 4949.00300.52-.010560          0 0 1          0 0 1 10  2  8        9  3  7      534223837294713152    63.0   57.0
 11  222.096405 8.515E-31 1.493E-04.09090.443 3927.80280.720.000000          0 0 1          1 0 0  5  1  4        4  1  3      5333308387659336 0    11.0    9.0
 11  222.130621 1.892E-30 1.460E-10.06860.333 1255.16680.620.000000          0 0 0          0 0 0  9  5  4        8  5  4     q7422308079917122 0    57.0   51.0
 11  222.167248 3.757E-22 4.376E+00.07170.349 1907.45140.62-.000800          0 1 0          0 1 0  4  4  0        3  3  1      764223837294783152     9.0    7.0
 11  222.169251 3.845E-30 2.680E+00.02420.183 6108.28080.180.004610          0 1 0          0 1 0 18  6 13       18  5 14      434233837294713152   111.0  111.0
 11  222.413967 1.181E-28 8.919E-11.08870.412  224.83840.710.000000          0 0 0          0 0 0  6  1  6        4  1  4     q7422308079917122 0    39.0   27.0
 11  222.437022 1.487E-30 2.095E+00.08550.371 5840.94670.700.001340          1 1 0          1 1 0  7  3  5        6  2  4      434233837294713152    15.0   13.0
 11  222.477963 6.498E-22 2.074E+00.08850.409 1908.01630.710.003260          0 1 0          0 1 0  5  3  2        4  2  3      564223837294783152    33.0   27.0
 11  222.760902 7.100E-27 1.100E+00.04190.298 4260.46690.360.001700          0 2 0          0 2 0 10  2  9       10  1 10      534223837294713152    63.0   63.0
 11  222.998721 5.271E-23 1.479E+00.02120.210 2327.88380.110.000100          0 0 0          0 0 0 14  2 12       14  1 13      564426837260783049    29.0   29.0
 11  223.039702 2.567E-25 1.626E+00.02640.216 3654.04890.19-.000610          0 1 0          0 1 0 13  2 11       13  1 12      564223837294783152    81.0   81.0
 11  223.075809 2.004E-28 2.504E-03.03610.208 3822.24600.370.001060          0 0 0          0 0 0 15  9  6       16  6 11      434233837260713049    93.0   99.0
 11  223.103821 2.681E-30 2.819E+00.02060.150 5996.51720.130.004670          0 0 0          0 0 0 21  7 15       21  6 16      344233833260713049    43.0   43.0
 11  223.158340 1.128E-28 1.316E+00.04320.281 4958.93670.41-.012380          0 2 0          1 0 0 12  2 10       11  1 11      434233837294713152    25.0   23.0
 11  223.160488 7.671E-30 2.833E+00.03740.208 5726.70850.35-.009080          0 1 0          0 1 0 16  8  8       16  7  9      434233837294713152    33.0   33.0
 11  223.393482 3.697E-29 4.458E-11.09400.434  285.41860.730.000000          0 0 0          0 0 0  5  3  2        3  3  0     q7422308079917122 0    33.0   21.0
 11  223.428985 3.220E-27 4.746E-02.09310.412 3375.29800.730.005710          0 2 0          0 2 0  4  3  1        4  0  4      534223837294713152     9.0    9.0
 11  223.553648 1.135E-25 2.462E+00.09090.438 3495.93920.730.000320          0 2 0          0 2 0  5  3  3        4  2  2      564223837294783152    11.0    9.0
 11  223.569484 1.586E-22 1.489E+00.02170.211 2327.91400.120.001580          0 0 0          0 0 0 14  3 12       14  2 13      564426837260783049    87.0   87.0
 11  223.706111 2.653E-19 2.323E+00.08070.400  782.40980.680.003600          0 0 0          0 0 0  8  3  6        7  2  5      764426807260783049    51.0   45.0
 11  223.940732 1.570E-27 2.592E+00.07490.333 4725.06220.650.007670          0 0 1          0 0 1  9  3  7        8  2  6      534223837294713152    57.0   51.0
 11  224.031554 2.468E-28 8.276E-02.08270.352 4348.41470.710.006560          1 0 0          1 0 0  7  4  3        7  1  6      534233837294713152    45.0   45.0
 11  224.238010 3.874E-28 7.469E-03.03330.235 3655.48280.340.002550          0 1 0          0 1 0 13  3 11       14  0 14      534223837294713152    27.0   29.0
 11  224.244212 1.761E-24 1.423E-03.07080.374 1774.75110.690.009940          0 0 0          0 0 0 11  5  6       12  2 11      664426837260783049    69.0   75.0
 11  224.366876 1.201E-30 3.124E-01.09020.412 5653.02610.73-.005570          1 1 0          0 1 1  5  4  1        4  2  2      434233837294713152    33.0   27.0
 11  224.390928 3.510E-30 7.859E-02.07660.281 5300.17820.67-.012400          1 0 0          0 2 0 11  4  7       11  5  6      434233837294713152    69.0   69.0
 11  224.602635 3.019E-30 8.083E-01.06600.281 5601.53140.58-.002960          1 0 0          1 0 0 12  4  8       11  5  7      434233837294713152    25.0   23.0
 11  224.643827 4.245E-29 9.626E-11.08870.412  222.05280.710.000000          0 0 0          0 0 0  6  0  6        4  0  4     q7422308079917122 0    13.0    9.0
 11  224.662016 1.483E-25 8.340E-01.03630.181 3306.29550.44-.006660          0 1 0          0 1 0  8  8  0        8  7  1      564223837294783152    17.0   17.0
 11  224.662355 4.448E-25 8.339E-01.03630.181 3306.29520.44-.006650          0 1 0          0 1 0  8  8  1        8  7  2      564223837294783152    51.0   51.0
 11  224.702578 2.276E-30 4.982E-02.06110.298 5069.08830.560.020000          0 2 0          1 0 0 11  5  7       10  2  8      434233837294713152    23.0   21.0
 11  224.731942 2.372E-30 7.611E-04.08250.333 4387.06290.700.006610          0 2 0          1 0 0  9  4  5        8  1  8      534233837294713152    57.0   51.0
 11  224.985880 2.021E-29 6.487E-01.02370.183 5256.11640.16-.000820          0 0 0          0 0 0 19  8 12       18  9  9      434233837260713049    39.0   37.0
 11  225.166611 3.934E-30 1.297E+00.05030.315 5587.21790.440.002130          0 3 0          0 3 0  9  2  8        9  1  9      434233837294713152    19.0   19.0
 11  225.255312 3.478E-30 1.251E-02.04520.265 4696.83460.440.003200          0 2 0          0 2 0 11  3  9       12  0 12      534233837294713152    23.0   25.0
 11  225.394744 3.203E-30 5.818E-02.07080.298 5029.81050.68-.027960          0 0 1          0 2 0 11  1 10       10  5  5      534233837294713152    23.0   21.0
 11  225.402367 2.614E-26 2.576E+00.07480.394 4030.83890.63-.000900          1 0 0          1 0 0  5  4  1        4  3  2      564223837294783152    33.0   27.0
 11  225.505782 8.673E-26 1.675E+00.02640.215 3654.21500.200.002130          0 1 0          0 1 0 13  3 11       13  2 12      564223837294783152    27.0   27.0
 11  225.662990 6.995E-30 2.517E-01.07480.250 5429.11840.74-.002690          0 1 0          1 0 0 13 11  2       13  0 13      434233837294713152    81.0   81.0
 11  225.788737 2.907E-25 1.433E+00.03640.315 3526.62750.40-.004060          0 1 0          0 1 0  9  8  1        9  7  2      564223837294713152    57.0   57.0
 11  225.791290 9.689E-26 1.433E+00.03640.315 3526.62490.40-.004050          0 1 0          0 1 0  9  8  2        9  7  3      564223837294713152    19.0   19.0
 11  225.833143 1.310E-27 5.184E+00.02520.281 4958.90110.130.000700          1 0 0          1 0 0 12  1 12       11  0 11      434223837294713152    75.0   69.0
 11  225.887172 4.156E-31 1.159E-02.01250.141 5246.07890.050.002480          0 0 0          0 0 0 21  4 18       22  1 21      444233833260713049    43.0   45.0
 11  225.904603 4.533E-31 2.222E+00.07830.379 6118.63400.670.000000          0 1 1          0 1 1  8  3  6        7  2  5      4333308387659336 0    17.0   15.0
 11  225.913619 1.157E-26 2.336E+00.02250.200 4201.25140.17-.001780          0 0 0          0 0 0 18  4 14       18  3 15      464426837260783049    37.0   37.0
 11  225.933151 4.779E-27 1.425E+00.07890.412 4031.85360.67-.001830          1 0 0          1 0 0  5  4  2        4  3  1      534223837294713152    11.0    9.0
 11  225.997847 2.704E-30 4.746E+00.02520.281 5986.53580.130.000680          0 3 0          0 3 0 12  0 12       11  1 11      434233837294713152    25.0   23.0
 11  226.007554 1.381E-28 2.845E+00.03490.221 5342.34650.32-.007070          0 1 0          0 1 0 15  8  7       15  7  8      434233837294713152    93.0   93.0
 11  226.091707 2.153E-28 1.532E-10.09400.434  173.36580.730.000000          0 0 0          0 0 0  5  1  4        3  1  2     q7422308079917122 0    33.0   21.0
 11  226.221480 1.085E-24 1.999E+00.02060.194 3211.05580.12-.000780          0 0 0          0 0 0 16  3 13       16  2 14      564426837260783049    33.0   33.0
 11  226.255972 4.926E-29 3.522E-03.05060.183 4201.85820.570.019050          0 0 0          0 0 0 17  7 10       18  4 15      434233837260713049   105.0  111.0
 11  226.271918 6.284E-19 3.736E+00.07890.363  383.84250.67-.001830          0 0 0          0 0 0  5  4  2        4  3  1      764426807260783049    11.0    9.0
 11  226.324957 8.138E-30 4.767E+00.02520.281 5986.33040.130.000700          0 3 0          0 3 0 12  1 12       11  0 11      434233837294713152    75.0   69.0
 11  226.391416 4.313E-28 1.786E+00.03210.265 4967.49080.270.002920          0 2 0          0 2 0 12  3 10       12  2 11      534223837294713152    75.0   75.0
 11  226.784167 4.258E-26 1.879E+00.03740.298 3770.72440.39-.003560          0 1 0          0 1 0 10  8  2       10  7  3      564223837294713152    21.0   21.0
 11  226.796916 1.278E-25 1.879E+00.03730.213 3770.71130.39-.003520          0 1 0          0 1 0 10  8  3       10  7  4      564223837294783152    63.0   63.0
 11  226.841551 1.203E-27 4.446E+00.03410.298 4926.34690.260.000160          1 0 0          1 0 0 11  1 10       10  2  9      434223837294713152    69.0   63.0
 11  226.998953 1.418E-26 1.665E-03.04760.268 2586.52970.490.000100          0 0 0          0 0 0 12  8  4       13  5  9      564426837260783049    25.0   27.0
 11  227.011437 4.112E-30 2.373E-01.07740.298 5246.80010.72-.013960          0 2 0          1 0 0 10  7  3       10  4  6      434233837294713152    21.0   21.0
 11  227.023054 1.591E-20 1.103E-01.08270.404  704.21410.710.006560          0 0 0          0 0 0  7  4  3        7  1  6      764426807260783049    45.0   45.0
 11  227.038101 4.593E-27 5.099E+00.02520.281 4469.79650.130.000680          0 2 0          0 2 0 12  0 12       11  1 11      434223837294713152    25.0   23.0
 11  227.128451 1.379E-26 5.104E+00.02520.253 4469.73740.130.000700          0 2 0          0 2 0 12  1 12       11  0 11      564223837294783152    75.0   69.0
 11  227.138675 8.673E-28 5.713E+00.02520.281 5062.01330.130.000680          0 0 1          0 0 1 12  0 12       11  1 11      534223837294713152    75.0   69.0
 11  227.142075 2.891E-28 5.713E+00.02520.281 5062.01050.130.000700          0 0 1          0 0 1 12  1 12       11  0 11      434223837294713152    25.0   23.0
 11  227.400594 3.517E-28 4.218E+00.02520.281 4958.93670.130.000680          1 0 0          1 0 0 12  0 12       11  1 11      434223837294713152    25.0   23.0
 11  227.522757 2.413E-28 2.786E+00.03420.235 4981.46930.31-.005360          0 1 0          0 1 0 14  8  6       14  7  7      434233837294713152    29.0   29.0
 11  227.535221 8.819E-28 2.720E+00.07490.333 4622.90610.650.007670          1 0 0          1 0 0  9  3  7        8  2  6      434223837294713152    19.0   17.0
 11  227.563487 9.482E-29 1.207E-10.08330.391  325.34790.690.000000          0 0 0          0 0 0  6  2  5        5  0  5     q7422308079917122 0    39.0   33.0
 11  227.572914 4.471E-26 2.216E+00.03750.281 4038.40340.38-.003640          0 1 0          0 1 0 11  8  3       11  7  4      564223837294713152    69.0   69.0
 11  227.622842 1.491E-26 2.218E+00.03730.281 4038.35150.38-.003530          0 1 0          0 1 0 11  8  4       11  7  5      564223837294713152    23.0   23.0
 11  227.645622 2.503E-28 4.562E+00.03410.298 5027.55960.260.000160          0 0 1          0 0 1 11  1 10       10  2  9      534233837294713152    23.0   21.0
 11  227.688631 1.171E-29 3.355E+00.04330.315 5801.55290.360.003230          0 3 0          0 3 0 10  2  9        9  1  8      434233837294713152    63.0   57.0
 11  227.747642 4.039E-28 4.492E+00.03420.298 4925.78680.260.001890          1 0 0          1 0 0 11  2 10       10  1  9      434223837294713152    23.0   21.0
 11  227.824286 1.905E-18 3.789E+00.07480.392  382.51690.63-.000900          0 0 0          0 0 0  5  4  1        4  3  2      764426807260783049    33.0   27.0
 11  228.059097 4.377E-27 2.473E+00.03620.265 4329.49580.35-.003710          0 1 0          0 1 0 12  8  4       12  7  5      534223837294713152    25.0   25.0
 11  228.090042 7.644E-28 4.651E+00.03420.298 5027.25670.260.001890          0 0 1          0 0 1 11  2 10       10  1  9      534223837294713152    69.0   63.0
 11  228.094162 3.288E-24 2.045E+00.01960.196 3211.21260.100.003130          0 0 0          0 0 0 16  4 13       16  3 14      564426837260783049    99.0   99.0
 11  228.108093 3.309E-27 2.661E+00.03490.250 4643.87080.33-.004220          0 1 0          0 1 0 13  8  5       13  7  6      434223837294713152    81.0   81.0
 11  228.222000 1.315E-26 2.477E+00.03580.265 4329.32430.35-.003400          0 1 0          0 1 0 12  8  5       12  7  6      564223837294713152    75.0   75.0
 11  228.278507 2.175E-29 7.578E-03.08450.371 4350.69930.72-.000250          0 2 0          0 0 1  7  6  1        6  2  4      534233837294713152    45.0   39.0
 11  228.364108 3.163E-24 1.322E-04.07790.319  816.69420.700.000710          0 0 0          0 0 0  6  6  0        7  3  5      764426807260783049    13.0   15.0
 11  228.471061 1.724E-29 6.140E-11.08870.412  275.49700.710.000000          0 0 0          0 0 0  5  3  3        4  1  3     q7422308079917122 0    11.0    9.0
 11  228.497033 2.438E-29 3.016E+00.03030.208 5720.71900.260.000070          0 1 0          0 1 0 16  8  9       16  7 10      434233837294713152    99.0   99.0
 11  228.558536 1.243E-30 3.081E+00.02930.195 6123.35730.250.001590          0 1 0          0 1 0 17  8 10       17  7 11      434233837294713152    35.0   35.0
 11  228.567699 1.109E-27 2.676E+00.03400.250 4643.38030.32-.003290          0 1 0          0 1 0 13  8  6       13  7  7      434223837294713152    27.0   27.0
 11  228.583999 1.043E-29 2.867E-04.08950.391 3722.73100.72-.011890          1 0 0          0 2 0  4  2  3        5  3  2      534243837294713152    27.0   33.0
 11  228.603301 4.734E-29 2.934E+00.03130.221 5339.48800.27-.001560          0 1 0          0 1 0 15  8  8       15  7  9      434233837294713152    31.0   31.0
 11  228.631697 3.091E-30 1.073E-02.07960.333 4622.90610.690.007210          0 0 1          1 0 0  8  4  5        8  2  6      534233837294713152    17.0   17.0
 11  228.672186 7.328E-28 2.824E+00.03260.235 4980.22310.29-.002830          0 1 0          0 1 0 14  8  7       14  7  8      434223837294713152    87.0   87.0
 11  228.674927 9.280E-24 5.459E+00.02520.248 2915.89430.130.000680          0 1 0          0 1 0 12  0 12       11  1 11      564223837294783152    25.0   23.0
 11  228.704427 2.785E-23 5.462E+00.02520.253 2915.87430.130.000700          0 1 0          0 1 0 12  1 12       11  0 11      564223837294783152    75.0   69.0
 11  228.719099 2.050E-27 2.228E+00.02370.221 4507.52260.170.003480          0 1 0          0 1 0 15  4 12       15  3 13      434223837294713152    31.0   31.0
 11  228.763850 7.117E-23 2.271E+00.08550.398 2211.19060.700.001340          0 1 0          0 1 0  7  3  5        6  2  4      664223837294783152    15.0   13.0
 11  228.810414 4.784E-30 4.946E-01.09520.412 5457.36970.740.003640          1 1 0          1 1 0  5  2  3        4  1  4      434233837294713152    33.0   27.0
 11  228.860451 6.066E-27 2.495E-03.06100.221 2872.58050.640.015840          0 0 0          0 0 0 14  6  8       15  3 13      534426837260713049    29.0   31.0
 11  228.990521 6.701E-29 1.100E-02.08090.391 4165.47380.67-.000050          1 0 0          0 0 1  6  4  3        5  2  4      534233837294713152    39.0   33.0
 11  229.001274 3.384E-26 1.434E-03.07330.333 2495.16580.660.005290          0 1 0          0 1 0  7  5  2        8  2  7      664223837294713152    45.0   51.0
 11  229.251946 1.980E-24 7.809E-04.06200.294 1581.33600.61-.000360          0 0 0          0 0 0  9  7  2       10  4  7      664426837260783049    57.0   63.0
 11  229.377182 6.709E-30 1.983E-02.07240.315 4837.69960.640.014940          0 0 1          1 0 0  9  4  6        9  2  7      434233837294713152    57.0   57.0
 11  229.399136 1.199E-29 2.383E+00.02850.235 5790.43250.240.003740          0 2 0          0 2 0 14  4 11       14  3 12      434233837294713152    87.0   87.0
 11  229.411666 2.371E-30 5.261E-04.09740.412 3966.55930.75-.007260          0 0 1          1 0 0  5  2  3        4  2  2      534233837294713152    11.0    9.0
 11  229.498440 3.828E-29 1.292E-10.07810.371  552.91140.670.000000          0 0 0          0 0 0  7  2  5        6  2  5     q7422308079917122 0    45.0   39.0
 11  229.538399 7.334E-27 2.134E-03.06980.315 2690.59370.640.007200          0 1 0          0 1 0  8  5  3        9  2  8      634223837294713152    17.0   19.0
 11  229.696259 7.876E-27 4.856E-03.02090.195 2981.35950.180.002610          0 0 0          0 0 0 16  2 14       17  1 17      534426837260713049    33.0   35.0
 11  229.850329 2.240E-29 1.412E-03.08270.352 3967.48850.700.003820          0 2 0          0 2 0  6  5  2        7  2  5      534233837294713152    39.0   45.0
 11  229.853197 2.364E-26 4.864E-03.02110.181 2981.35940.190.002670          0 0 0          0 0 0 16  3 14       17  0 17      564426837260783049    99.0  105.0
 11  230.073682 4.781E-30 8.844E-01.02280.250 5534.11160.130.001900          0 0 1          0 0 1 13  1 12       13  0 13      434233837294713152    27.0   27.0
 11  230.093838 1.434E-29 8.843E-01.02280.250 5534.11050.130.001920          0 0 1          0 0 1 13  2 12       13  1 13      434233837294713152    81.0   81.0
 11  230.454722 2.234E-24 3.388E-04.07750.345 1360.23530.73-.002930          0 0 0          0 0 0  8  7  2        9  4  5      664426837260783049    51.0   57.0
 11  230.589158 1.472E-29 2.447E-03.08690.371 4195.47730.70-.007400          1 0 0          0 0 1  7  2  5        6  0  6      534233837294713152    45.0   39.0
 11  230.597339 6.193E-29 1.547E+00.05880.281 5105.72970.54-.014300          0 2 0          0 2 0 12  3  9       11  4  8      434233837294713152    25.0   23.0
 11  230.633457 9.785E-24 7.991E-01.02530.150 2471.25500.34-.005680          0 0 0          0 0 0 10 10  0       10  9  1      564426837260783049    21.0   21.0
 11  230.633469 2.936E-23 7.992E-01.02530.150 2471.25500.34-.005680          0 0 0          0 0 0 10 10  1       10  9  2      564426837260783049    63.0   63.0
 11  230.726788 2.211E-20 5.833E+00.02520.246 1327.11760.130.000680          0 0 0          0 0 0 12  0 12       11  1 11      564426837260783049    25.0   23.0
 11  230.737732 6.632E-20 5.832E+00.02520.246 1327.11000.130.000700          0 0 0          0 0 0 12  1 12       11  0 11      564426837260783049    75.0   69.0
 11  230.953949 4.462E-30 2.034E-04.08970.371 3864.96610.72-.004630          1 0 0          0 2 0  5  2  3        6  3  4      534223837294713152    33.0   39.0
 11  231.001979 3.561E-26 2.482E+00.01900.192 4201.85820.100.002930          0 0 0          0 0 0 18  5 14       18  4 15      464426837260783049   111.0  111.0
 11  231.192886 4.583E-30 3.708E+00.03410.298 6029.24150.260.000160          0 3 0          0 3 0 11  1 10       10  2  9      434233837294713152    69.0   63.0
 11  231.213843 5.729E-20 4.668E+00.03410.272 1293.63410.260.000160          0 0 0          0 0 0 11  1 10       10  2  9      664426837260783049    69.0   63.0
 11  231.215778 1.655E-30 1.615E-03.08000.352 4332.77380.680.001260          1 0 0          0 0 1  7  4  4        7  0  7      534233837294713152    15.0   15.0
 11  231.254211 1.227E-28 1.832E+00.06910.298 5207.80210.62-.013080          1 0 0          1 0 0 11  3  8       10  4  7      434233837294713152    69.0   63.0
 11  231.275067 8.069E-30 9.029E-01.02280.250 5429.12890.130.001920          1 0 0          1 0 0 13  2 12       13  1 13      434233837294713152    27.0   27.0
 11  231.298109 2.532E-29 2.656E+00.02220.195 5469.18390.150.003190          0 1 0          0 1 0 17  5 13       17  4 14      434233837294713152    35.0   35.0
 11  231.336401 2.151E-23 4.410E+00.03410.252 2904.42840.260.000160          0 1 0          0 1 0 11  1 10       10  2  9      564223837294783152    69.0   63.0
 11  231.370354 3.243E-28 3.229E+00.09050.434 4931.27160.720.000760          0 3 0          0 3 0  4  3  2        3  2  1      434223837294713152    27.0   21.0
 11  231.431631 1.068E-27 3.279E-01.07930.391 4065.13180.64-.012210          0 0 1          1 0 0  6  2  5        5  2  4      534223837294713152    13.0   11.0
 11  231.444527 3.570E-31 3.992E-03.03730.299 4922.09000.560.000000          1 0 0          0 2 0 11  2 10       11  3  9      4333308387659336 0    23.0   23.0
 11  231.591164 9.302E-27 4.111E+00.03410.298 4483.22780.260.000160          0 2 0          0 2 0 11  1 10       10  2  9      534223837294713152    69.0   63.0
 11  231.887422 5.517E-21 1.828E+00.06910.351 1581.33600.62-.013080          0 0 0          0 0 0 11  3  8       10  4  7      664426837260783049    69.0   63.0
 11  232.117847 1.928E-20 4.725E+00.03420.277 1293.01810.260.001890          0 0 0          0 0 0 11  2 10       10  1  9      664426837260783049    23.0   21.0
 11  232.277193 1.015E-27 7.993E-01.06820.391 4257.78670.58-.011880          0 0 1          1 0 0  6  4  3        5  4  2      534223837294713152    13.0   11.0
 11  232.371886 2.424E-22 5.415E-01.09520.490 1821.59680.740.003640          0 1 0          0 1 0  5  2  3        4  1  4      764223837294783152    33.0   27.0
 11  232.406480 1.525E-23 1.418E+00.02600.166 2740.42090.29-.003960          0 0 0          0 0 0 11 10  1       11  9  2      564426837260783049    69.0   69.0
 11  232.406582 5.085E-24 1.419E+00.02600.166 2740.42080.29-.003950          0 0 0          0 0 0 11 10  2       11  9  3      564426837260783049    23.0   23.0
 11  232.908332 7.768E-30 4.020E-03.08310.352 4426.06640.690.000410          0 0 1          1 0 0  7  4  4        7  2  5      534233837294713152    45.0   45.0
 11  233.007835 2.193E-28 2.824E+00.01800.161 5294.03720.080.002820          0 0 0          0 0 0 20  6 15       20  5 16      434233837260713049   123.0  123.0
 11  233.036164 4.721E-30 7.900E-03.05600.315 4715.96680.49-.001580          0 0 1          1 0 0  9  3  7        9  1  8      534233837294713152    57.0   57.0
 11  233.214911 8.851E-28 9.651E-01.04450.352 4578.97780.50-.006710          0 2 0          0 2 0  7  7  0        7  6  1      534223837294713152    45.0   45.0
 11  233.247352 1.886E-28 1.235E+00.04520.315 4996.33160.46-.003800          0 2 0          0 2 0  9  7  2        9  6  3      434233837294713152    57.0   57.0
 11  233.266438 7.319E-24 4.528E+00.03420.263 2903.14600.260.001890          0 1 0          0 1 0 11  2 10       10  1  9      564223837294783152    23.0   21.0
 11  233.310442 2.994E-28 9.795E-01.04440.352 4578.88230.50-.006680          0 2 0          0 2 0  7  7  1        7  6  2      534223837294713152    15.0   15.0
 11  233.319544 4.363E-20 2.889E+00.07490.393  982.91170.650.007670          0 0 0          0 0 0  9  3  7        8  2  6      764426837260783049    19.0   17.0
 11  233.356911 1.720E-29 6.500E-01.02280.250 5429.11840.130.001900          1 0 0          1 0 0 13  1 12       13  0 13      434233837294713152    81.0   81.0
 11  233.463435 4.085E-30 1.349E-10.07340.352  816.69420.650.000000          0 0 0          0 0 0  8  3  5        7  3  5     q7422308079917122 0    17.0   15.0
 11  233.519204 4.288E-26 1.168E+00.06330.265 3940.51940.57-.010980          0 1 0          0 1 0 13  4  9       12  5  8      564223837294713152    81.0   75.0
 11  233.597443 1.283E-30 3.119E-03.06260.235 4638.35060.60-.006600          0 1 0          0 1 0 13  8  6       14  5  9      434233837294713152    27.0   29.0
 11  233.874620 2.063E-28 1.551E+00.04420.333 4775.08820.46-.003970          0 2 0          0 2 0  8  7  1        8  6  2      534233837294713152    17.0   17.0
 11  234.074058 1.779E-24 1.910E+00.02700.180 3032.69040.29-.003280          0 0 0          0 0 0 12 10  2       12  9  3      564426837260783049    25.0   25.0
 11  234.074654 5.338E-24 1.911E+00.02700.180 3032.68980.29-.003270          0 0 0          0 0 0 12 10  3       12  9  4      564426837260783049    75.0   75.0
 11  234.157664 6.563E-28 1.645E+00.04410.333 4774.80490.46-.003930          0 2 0          0 2 0  8  7  2        8  6  3      434223837294713152    51.0   51.0
 11  234.319394 4.251E-28 8.229E-02.09520.434 3890.82930.730.007240          0 0 1          0 0 1  4  3  2        3  0  3      534223837294713152     9.0    7.0
 11  234.339839 1.183E-26 7.604E-04.07790.352 2318.53990.680.003700          0 1 0          0 1 0  6  5  1        7  2  6      564223807294713152    13.0   15.0
 11  234.354304 1.691E-28 1.531E-10.09400.434  212.15640.730.000000          0 0 0          0 0 0  5  2  3        3  2  1     q7422308079917122 0    33.0   21.0
 11  234.472384 5.526E-26 1.127E-03.08050.333 2337.66680.690.004710          0 1 0          0 1 0  7  4  3        8  1  8      664223837294713152    45.0   51.0
 11  234.640979 2.100E-27 6.494E-04.08180.333 2670.78970.72-.000550          0 1 0          0 1 0  7  6  2        8  3  5      634223837294713152    15.0   17.0
 11  234.840891 3.743E-28 1.849E-03.07380.281 3535.87040.69-.003620          0 1 0          0 1 0 10  7  4       11  4  7      534223837294713152    63.0   69.0
 11  234.874539 1.076E-28 2.118E+00.04470.315 4994.70240.45-.003640          0 2 0          0 2 0  9  7  3        9  6  4      434233837294713152    19.0   19.0
 11  234.981043 8.425E-29 3.533E-01.04190.281 4958.90110.40-.006600          0 2 0          1 0 0 12  3 10       11  0 11      534233837294713152    75.0   69.0
 11  235.056995 7.308E-30 1.116E+00.06600.281 5698.48940.58-.002960          0 0 1          0 0 1 12  4  8       11  5  7      434233837294713152    75.0   69.0
 11  235.128500 7.185E-28 1.906E-01.07240.391 4256.24130.63-.008270          0 0 1          1 0 0  6  4  2        5  4  1      534223837294713152    39.0   33.0
 11  235.236200 1.764E-29 2.150E-01.04080.265 5193.88220.41-.018440          1 0 0          0 2 0 13  0 13       12  3 10      534233837294713152    81.0   75.0
 11  235.296826 3.989E-24 9.329E-01.06240.368 2748.09960.570.005650          0 0 0          0 0 0 14  5  9       13  6  8      564426837260783049    29.0   27.0
 11  235.392911 1.052E-29 4.216E+00.07890.412 5727.57070.67-.001830          0 1 1          0 1 1  5  4  2        4  3  1      434233837294713152    33.0   27.0
 11  235.417919 1.266E-28 2.465E+00.04470.298 5238.38530.44-.003910          0 2 0          0 2 0 10  7  4       10  6  5      434233837294713152    63.0   63.0
 11  235.591190 1.491E-24 2.307E+00.02690.187 3347.78340.27-.002830          0 0 0          0 0 0 13 10  3       13  9  4      564426837260783049    81.0   81.0
 11  235.593935 4.969E-25 2.307E+00.02690.187 3347.78050.27-.002820          0 0 0          0 0 0 13 10  4       13  9  5      564426837260783049    27.0   27.0
 11  235.640540 1.111E-21 9.598E-01.02280.219 1806.67000.130.001900          0 0 0          0 0 0 13  1 12       13  0 13      564426837260783049    81.0   81.0
 11  235.702564 3.705E-22 9.606E-01.02280.219 1806.67150.130.001920          0 0 0          0 0 0 13  2 12       13  1 13      564426837260783049    27.0   27.0
 11  235.745087 3.815E-30 2.827E+00.04530.265 5796.45300.43-.006750          0 2 0          0 2 0 12  7  5       12  6  6      434233837294713152    25.0   25.0
 11  235.768706 1.390E-29 2.724E+00.04310.281 5505.62260.42-.003490          0 2 0          0 2 0 11  7  5       11  6  6      434233837294713152    23.0   23.0
 11  235.898054 3.970E-30 2.705E+00.02250.183 5859.61510.17-.001780          0 1 0          0 1 0 18  4 14       18  3 15      434233837294713152    37.0   37.0
 11  235.917671 2.490E-27 2.799E+00.04740.298 4669.73590.42-.007620          0 2 0          0 2 0 11  2  9       10  3  8      434223837294713152    69.0   63.0
 11  235.944195 6.091E-29 7.359E-01.03090.183 5040.85820.28-.010720          0 0 0          0 0 0 19  7 13       18  8 10      434233837260713049    39.0   37.0
 11  235.951470 1.181E-29 2.916E+00.04120.265 5796.12940.39-.002490          0 2 0          0 2 0 12  7  6       12  6  7      434233837294713152    75.0   75.0
 11  235.962803 6.081E-30 1.917E-03.08320.371 4290.75700.700.002180          1 0 0          0 0 1  6  5  2        6  1  5      534233837294713152    39.0   39.0
 11  235.987138 3.247E-27 4.364E+00.03420.298 4480.39240.260.001890          0 2 0          0 2 0 11  2 10       10  1  9      534223837294713152    23.0   21.0
 11  236.160871 2.535E-28 3.485E+00.06460.315 4939.79420.580.010640          0 0 1          0 0 1 10  3  8        9  2  7      534233837294713152    21.0   19.0
 11  236.253687 4.030E-29 2.634E+00.04520.281 5505.17340.44-.005260          0 2 0          0 2 0 11  7  4       11  6  5      434233837294713152    69.0   69.0
 11  236.363821 5.171E-29 5.623E-01.04400.281 5153.18850.410.003970          0 2 0          1 0 0 12  4  9       11  1 10      434233837294713152    75.0   69.0
 11  236.391563 3.835E-29 2.243E+00.04570.298 5237.42000.45-.004500          0 2 0          0 2 0 10  7  3       10  6  4      434233837294713152    21.0   21.0
 11  236.401768 1.114E-28 3.361E+00.08860.434 4926.86190.710.002940          0 3 0          0 3 0  4  3  1        3  2  2      434233837294713152     9.0    7.0
 11  236.609855 1.226E-30 3.437E+00.01920.161 6170.83150.08-.004790          0 0 0          0 0 0 20 10 10       20  9 11      334233837260713049    41.0   41.0
 11  236.617657 1.077E-26 2.763E-03.06840.298 2904.42840.650.009020          0 1 0          0 1 0  9  5  4       10  2  9      564223837294713152    57.0   63.0
 11  236.634107 6.755E-29 7.754E-01.02940.183 5255.44870.250.010030          0 0 0          0 0 0 19  8 11       18  9 10      434233837260713049   117.0  111.0
 11  236.822524 1.720E-30 2.829E-03.03010.183 4833.20850.29-.000330          0 0 0          0 0 0 17 10  7       18  7 12      434233837260713049   105.0  111.0
 11  236.911872 1.169E-25 2.630E+00.02590.203 3685.41920.24-.002510          0 0 0          0 0 0 14 10  4       14  9  5      464426837260783049    29.0   29.0
 11  236.922320 3.507E-25 2.630E+00.02590.203 3685.40830.24-.002490          0 0 0          0 0 0 14 10  5       14  9  6      464426837260783049    87.0   87.0
 11  236.929217 3.544E-30 4.274E+00.07480.412 5726.25490.63-.000900          0 1 1          0 1 1  5  4  1        4  3  2      434233837294713152    11.0    9.0
 11  236.947483 2.129E-27 1.024E+00.07820.391 4150.28730.64-.012550          0 0 1          1 0 0  6  3  4        5  3  3      534223837294713152    13.0   11.0
 11  237.109069 1.797E-29 1.917E-03.06770.371 4095.80320.55-.012890          0 0 1          1 0 0  7  1  7        6  1  6      534233837294713152    45.0   39.0
 11  237.457334 1.366E-28 8.995E-01.07830.315 4992.12160.73-.013190          0 2 0          1 0 0  9  7  2        9  4  5      434233837294713152    57.0   57.0
 11  237.458599 3.839E-30 1.228E-03.06730.371 4095.31520.54-.011660          0 0 1          1 0 0  7  0  7        6  0  6      534233837294713152    15.0   13.0
 11  237.500393 8.235E-29 1.014E-01.08110.333 4624.30280.710.006360          0 0 1          0 0 1  8  4  4        8  1  7      534233837294713152    51.0   51.0
 11  237.526796 3.555E-30 1.589E-10.06860.333 1122.70850.620.000000          0 0 0          0 0 0  9  4  5        8  4  5     q6422308079917122 0    57.0   51.0
 11  237.596359 3.456E-30 2.748E+00.07890.412 5639.73060.67-.001830          1 1 0          1 1 0  5  4  2        4  3  1      434233837294713152    11.0    9.0
 11  237.600043 1.086E-22 2.602E+00.08070.410 2392.59250.680.003600          0 1 0          0 1 0  8  3  6        7  2  5      764223837294783152    51.0   45.0
 11  237.859699 8.475E-30 2.077E-03.04500.195 4428.11420.47-.014430          0 0 0          0 0 0 16 10  7       17  7 10      434233837260713049    99.0  105.0
 11  237.985877 7.116E-26 2.890E+00.02440.198 4045.32180.20-.002360          0 0 0          0 0 0 15 10  5       15  9  6      464426837260783049    93.0   93.0
 11  238.020142 2.373E-26 2.891E+00.02440.197 4045.28560.20-.002330          0 0 0          0 0 0 15 10  6       15  9  7      464426837260783049    31.0   31.0
 11  238.043915 2.061E-25 2.612E+00.08910.402 3626.92220.720.000200          0 2 0          0 2 0  6  3  4        5  2  3      564223837294783152    39.0   33.0
 11  238.144201 1.033E-30 1.091E+00.05850.250 5896.77300.55-.014470          0 2 0          0 2 0 14  4 10       13  5  9      434233837294713152    29.0   27.0
 11  238.259070 3.362E-29 3.429E+00.01940.172 5702.78180.08-.003480          0 0 0          0 0 0 19 10  9       19  9 10      334233837260713049   117.0  117.0
 11  238.566443 1.231E-27 3.486E+00.06460.315 4837.69960.580.010640          1 0 0          1 0 0 10  3  8        9  2  7      434223837294713152    63.0   57.0
 11  238.753781 4.208E-27 3.097E+00.02280.208 4427.22680.17-.002340          0 0 0          0 0 0 16 10  6       16  9  7      434426837260713049    33.0   33.0
 11  238.852806 1.264E-26 3.101E+00.02280.198 4427.12110.17-.002250          0 0 0          0 0 0 16 10  7       16  9  8      464426837260783049    99.0   99.0
 11  238.909124 2.823E-29 2.124E+00.06910.298 5304.72750.62-.013080          0 0 1          0 0 1 11  3  8       10  4  7      434233837294713152    23.0   21.0
 11  239.032982 9.091E-29 3.360E+00.02010.183 5256.11640.10-.002840          0 0 0          0 0 0 18 10  8       18  9  9      434233837260713049    37.0   37.0
 11  239.137157 1.974E-27 3.256E+00.02130.195 4830.89390.13-.002460          0 0 0          0 0 0 17 10  7       17  9  8      434426837260713049   105.0  105.0
 11  239.366761 3.786E-30 3.544E+00.01890.161 6167.71150.08-.001220          0 0 0          0 0 0 20 10 11       20  9 12      334233837260713049   123.0  123.0
 11  239.395202 6.598E-28 3.266E+00.02120.195 4830.61440.13-.002240          0 0 0          0 0 0 17 10  8       17  9  9      434423837260713049    35.0   35.0
 11  239.466772 2.134E-27 8.766E-02.09520.434 3791.37210.730.007240          1 0 0          1 0 0  4  3  2        3  0  3      534223837294713152    27.0   21.0
 11  239.611415 1.137E-29 3.483E+00.01930.172 5701.27800.09-.002130          0 0 0          0 0 0 19 10 10       19  9 11      434233837260713049    39.0   39.0
 11  239.641144 2.751E-28 3.391E+00.02000.183 5255.44870.10-.002300          0 0 0          0 0 0 18 10  9       18  9 10      434423837260713049   111.0  111.0
 11  239.746453 1.823E-29 2.005E-02.07640.352 4572.44630.72-.011120          0 2 0          1 0 0  7  7  0        7  4  3      534233837294713152    45.0   45.0
 11  239.756531 2.579E-29 3.002E+00.02070.150 5748.12100.16-.002230          0 0 0          0 0 0 21  5 16       21  4 17      344233833260713049   129.0  129.0
 11  239.924342 1.386E-29 1.050E-01.07700.333 4769.03850.72-.012300          0 2 0          1 0 0  8  7  1        8  4  4      534233837294713152    17.0   17.0
 11  240.357952 1.880E-29 3.015E-02.08610.352 4448.97070.71-.000560          1 0 0          0 0 1  8  3  5        7  1  6      534233837294713152    17.0   15.0
 11  240.471751 9.329E-31 1.116E-02.03290.232 4941.62330.400.000000          0 2 0          0 2 0 12  2 10       13  1 13      5333308387659336 0    25.0   27.0
 11  240.526239 1.903E-26 3.174E+00.08160.415 4153.93810.70-.001300          1 0 0          1 0 0  6  4  3        5  3  2      564223807294783152    39.0   33.0
 11  240.538155 4.631E-28 3.865E+00.04740.298 5076.26600.42-.007620          1 0 0          1 0 0 11  2  9       10  3  8      434223837294713152    69.0   63.0
 11  240.539494 1.220E-30 9.715E-04.08650.371 4249.52440.71-.004140          0 0 1          1 0 0  6  4  3        6  2  4      534233837294713152    13.0   13.0
 11  240.666514 3.604E-25 2.713E+00.08850.430 3482.06450.710.003260          0 2 0          0 2 0  5  3  2        4  2  3      564223837294783152    33.0   27.0
 11  240.720460 6.928E-28 4.267E-03.05560.265 3592.42390.560.012010          0 1 0          0 1 0 11  6  5       12  3 10      534223837294713152    69.0   75.0
 11  240.809072 3.952E-24 6.886E-02.08900.412 2041.78050.720.004730          0 1 0          0 1 0  6  3  3        6  0  6      764223837294783152    13.0   13.0
 11  241.005424 4.079E-23 1.746E+00.01730.196 2631.26890.040.000610          0 0 0          0 0 0 15  2 13       15  1 14      564426837260783049    93.0   93.0
 11  241.047002 1.361E-28 2.109E+00.02640.250 5235.95880.19-.000610          0 2 0          0 2 0 13  2 11       13  1 12      434233837294713152    81.0   81.0
 11  241.089070 1.316E-28 3.112E-01.08700.352 4527.94940.720.000810          1 0 0          0 0 1  8  4  4        7  2  5      534233837294713152    17.0   15.0
 11  241.297021 1.362E-23 1.753E+00.01780.195 2631.28350.050.001080          0 0 0          0 0 0 15  3 13       15  2 14      564426837260783049    31.0   31.0
 11  241.445229 3.196E-30 2.761E-02.02450.352 5020.02610.26-.020330          0 2 0          1 0 0  8  8  1        7  7  0      434233837294713152    51.0   45.0
 11  241.445259 1.065E-30 2.760E-02.02450.352 5020.02610.26-.020320          0 2 0          1 0 0  8  8  0        7  7  1      434233837294713152    17.0   15.0
 11  241.483114 5.919E-25 1.146E+00.02780.228 3144.56920.200.001580          0 1 0          0 1 0 12  1 11       12  0 12      564223837294783152    25.0   25.0
 11  241.564028 1.001E-29 2.474E-11.09400.434  142.27850.730.000000          0 0 0          0 0 0  4  3  1        3  1  3     q7422308079917122 0     9.0    7.0
 11  241.572512 7.870E-28 1.397E-01.08390.391 4165.47380.71-.000130          0 2 0          0 0 1  6  6  1        5  2  4      534223837294713152    39.0   33.0
 11  241.659903 7.409E-28 1.063E+00.05670.235 4774.04420.52-.002520          0 1 0          0 1 0 15  5 10       14  6  9      434223837294713152    93.0   87.0
 11  241.733658 6.129E-28 3.373E-03.05800.281 3323.26980.570.009250          0 1 0          0 1 0 10  6  4       11  3  9      534223837294713152    21.0   23.0
 11  241.800695 1.779E-24 1.151E+00.02790.228 3144.57880.200.001660          0 1 0          0 1 0 12  2 11       12  1 12      564223837294783152    75.0   75.0
 11  241.843985 5.851E-26 9.559E-01.03000.152 3752.41620.38-.006200          0 1 0          0 1 0  9  9  0        9  8  1      564223837294783152    57.0   57.0
 11  241.844030 1.950E-26 9.557E-01.03000.152 3752.41620.38-.006210          0 1 0          0 1 0  9  9  1        9  8  2      564223837294783152    19.0   19.0
 11  241.886708 1.704E-30 4.279E+00.03420.298 6022.58020.260.001890          0 3 0          0 3 0 11  2 10       10  1  9      434233837294713152    23.0   21.0
 11  241.911413 3.667E-27 2.925E+00.08160.391 4248.15250.70-.001300          0 0 1          0 0 1  6  4  3        5  3  2      534223837294713152    13.0   11.0
 11  241.969490 5.898E-31 3.741E-03.06610.323 4752.73290.620.000000          0 2 0          0 2 0  9  6  4       10  3  7      5333308387659336 0    19.0   21.0
 11  242.129242 7.031E-24 3.492E+00.04740.303 3072.72640.42-.007620          0 1 0          0 1 0 11  2  9       10  3  8      564223837294783152    69.0   63.0
 11  242.147192 4.316E-28 2.498E+00.02060.208 4847.18900.12-.000780          0 1 0          0 1 0 16  3 13       16  2 14      434223837294713152    33.0   33.0
 11  242.227313 2.868E-28 2.053E-03.04000.221 3443.19190.42-.001690          0 0 0          0 0 0 14  9  5       15  6 10      434223837260713049    29.0   31.0
 11  242.378867 1.519E-29 4.053E+00.07480.412 5635.01410.63-.000900          1 1 0          1 1 0  5  4  1        4  3  2      434233837294713152    33.0   27.0
 11  242.486826 4.238E-24 2.219E-02.10050.427 1664.96460.750.009000          0 1 0          0 1 0  3  3  1        2  0  2      564223837294783152     7.0    5.0
 11  242.555012 9.771E-27 1.745E+00.08820.391 4165.47380.720.003910          0 0 1          0 0 1  6  3  3        5  2  4      534223837294713152    39.0   33.0
 11  242.557184 1.634E-30 7.202E-03.03590.281 4716.37960.30-.016500          1 0 0          0 2 0 11  1 11       11  2 10      534243837294713152    23.0   23.0
 11  242.791598 1.301E-28 4.803E+00.02010.265 5186.33730.040.000510          1 0 0          1 0 0 13  1 13       12  0 12      434233837294713152    27.0   25.0
 11  242.846744 6.902E-31 1.184E+00.05000.333 5825.64860.610.000000          0 3 0          0 3 0  6  6  0        6  5  1      4333308387659336 0    13.0   13.0
 11  242.848262 1.006E-28 4.147E+00.04740.298 5175.95510.42-.007620          0 0 1          0 0 1 11  2  9       10  3  8      434233837294713152    23.0   21.0
 11  242.862877 2.064E-30 1.180E+00.05470.371 5825.63220.56-.005920          0 3 0          0 3 0  6  6  1        6  5  2      434233837294713152    39.0   39.0
 11  243.046834 1.002E-28 6.590E-11.10400.480   42.37170.760.000000          0 0 0          0 0 0  3  3  0        1  1  0     q7422308079917122 0    21.0    9.0
 11  243.079530 3.891E-27 1.284E+00.08820.391 4065.13180.720.003910          1 0 0          1 0 0  6  3  3        5  2  4      534223837294713152    13.0   11.0
 11  243.365800 2.856E-24 8.795E-01.02170.136 2972.82740.29-.005150          0 0 0          0 0 0 11 11  0       11 10  1      564426837260783049    69.0   69.0
 11  243.365802 9.520E-25 8.795E-01.02170.136 2972.82740.29-.005150          0 0 0          0 0 0 11 11  1       11 10  2      564426837260783049    23.0   23.0
 11  243.433504 1.134E-26 1.671E+00.03050.298 3997.50860.34-.004000          0 1 0          0 1 0 10  9  1       10  8  2      564223837294713152    21.0   21.0
 11  243.433860 3.402E-26 1.671E+00.03050.298 3997.50830.34-.004000          0 1 0          0 1 0 10  9  2       10  8  3      564223837294713152    63.0   63.0
 11  243.597480 5.364E-27 2.765E+00.01810.172 4608.22360.10-.000380          0 0 0          0 0 0 19  4 15       19  3 16      434426837260713049   117.0  117.0
 11  243.640895 3.318E-30 6.023E+00.02010.265 6212.65530.040.000500          0 3 0          0 3 0 13  0 13       12  1 12      434233837294713152    81.0   75.0
 11  243.642494 2.445E-26 1.973E+00.02120.235 3939.74650.110.000100          0 1 0          0 1 0 14  2 12       14  1 13      564223837294713152    29.0   29.0
 11  243.643924 1.687E-30 1.931E+00.05440.352 5996.84330.53-.003780          0 3 0          0 3 0  7  6  1        7  5  2      434233837294713152    45.0   45.0
 11  243.720048 5.634E-31 1.935E+00.06720.349 5996.76320.640.000000          0 3 0          0 3 0  7  6  2        7  5  3      4333308387659336 0    15.0   15.0
 11  243.744521 1.142E-26 8.630E-02.09050.453 3478.98650.720.004910          0 2 0          0 2 0  5  3  2        5  0  5      564223837294783152    33.0   33.0
 11  243.762976 6.453E-25 2.353E+00.01670.185 3567.17380.05-.000100          0 0 0          0 0 0 17  3 14       17  2 15      464426837260783049   105.0  105.0
 11  243.835931 1.108E-30 6.038E+00.02010.265 6212.53360.040.000510          0 3 0          0 3 0 13  1 13       12  0 12      434233837294713152    27.0   25.0
 11  243.842412 2.281E-26 6.475E+00.05460.322 4224.85090.52-.002320          0 0 1          0 0 1  5  5  1        4  4  0      564223837294783152    33.0   27.0
 11  243.880952 7.605E-27 6.477E+00.05420.412 4224.81680.51-.001980          0 0 1          0 0 1  5  5  0        4  4  1      534223837294713152    11.0    9.0
 11  243.935218 1.928E-30 1.546E+00.08400.412 5633.39170.68-.002760          1 1 0          0 1 1  5  4  2        4  2  3      434233837294713152    11.0    9.0
 11  243.969056 4.876E-29 1.002E-02.09590.434 3890.82930.740.008200          1 0 0          0 0 1  4  4  0        3  0  3      534233837294713152     9.0    7.0
 11  244.082151 2.506E-30 3.688E-03.03560.281 4714.81900.30-.015950          1 0 0          0 2 0 11  0 11       11  1 10      534243837294713152    69.0   69.0
 11  244.206743 5.956E-20 3.688E+00.06850.348 1201.92150.580.010640          0 0 0          0 0 0 10  3  8        9  2  7      764426807240783049    63.0   57.0
 11  244.384100 5.515E-28 6.800E+00.02010.265 5184.73430.040.000500          1 0 0          1 0 0 13  0 13       12  1 12      434223837294713152    81.0   75.0
 11  244.523687 8.703E-30 8.773E-01.02320.172 5702.78180.15-.003330          0 0 0          0 0 0 20  8 13       19  9 10      334233837260713049   123.0  117.0
 11  244.536141 2.157E-20 4.004E+00.04740.307 1446.12820.42-.007620          0 0 0          0 0 0 11  2  9       10  3  8      664426837260783049    69.0   63.0
 11  244.716147 1.677E-28 5.768E+00.02690.281 5153.53450.170.000710          1 0 0          1 0 0 12  1 11       11  2 10      434233837294713152    25.0   23.0
 11  244.740796 5.603E-27 6.462E+00.02010.265 4696.86580.040.000500          0 2 0          0 2 0 13  0 13       12  1 12      534223837294713152    81.0   75.0
 11  244.788692 1.869E-27 6.468E+00.02010.265 4696.83460.040.000510          0 2 0          0 2 0 13  1 13       12  0 12      534223837294713152    27.0   25.0
 11  244.792122 2.162E-25 2.381E+00.01660.188 3567.25480.050.002560          0 0 0          0 0 0 17  4 14       17  3 15      464426837260783049    35.0   35.0
 11  244.857048 1.950E-26 2.452E-04.08320.371 2161.28600.700.002590          0 1 0          0 1 0  5  5  0        6  2  5      764223837294713152    33.0   39.0
 11  244.893078 1.810E-30 1.542E+00.04160.298 5777.68710.360.000650          0 3 0          0 3 0 10  1  9       10  0 10      434233837294713152    21.0   21.0
 11  244.925298 1.332E-26 2.223E+00.03160.281 4265.97630.34-.003370          0 1 0          0 1 0 11  9  2       11  8  3      464223837294713152    69.0   69.0
 11  244.927177 4.439E-27 2.223E+00.03160.281 4265.97440.34-.003370          0 1 0          0 1 0 11  9  3       11  8  4      434223837294713152    23.0   23.0
 11  244.958528 3.522E-28 7.239E+00.02010.265 5289.15190.040.000510          0 0 1          0 0 1 13  1 13       12  0 12      534223837294713152    81.0   75.0
 11  244.958966 1.174E-28 7.239E+00.02010.265 5289.15260.040.000500          0 0 1          0 0 1 13  0 13       12  1 12      434233837294713152    27.0   25.0
 11  244.995570 7.726E-30 9.983E-01.05330.208 5720.71900.500.007080          0 1 0          0 1 0 17  6 11       16  7 10      434233837294713152   105.0   99.0
 11  244.999383 7.384E-26 2.003E+00.02170.235 3939.83180.120.001580          0 1 0          0 1 0 14  3 12       14  2 13      564223837294713152    87.0   87.0
 11  245.081625 2.997E-27 1.348E+00.03400.281 4469.73740.280.001170          0 2 0          0 2 0 11  1 10       11  0 11      534223837294713152    69.0   69.0
 11  245.217936 1.557E-25 7.398E-01.09520.474 3381.70420.740.003640          0 2 0          0 2 0  5  2  3        4  1  4      564223837294783152    33.0   27.0
 11  245.227589 1.625E-30 6.358E-03.04290.221 4736.24170.450.014650          0 1 0          0 1 0 14  7  7       15  4 12      434233837294713152    29.0   31.0
 11  245.340176 2.634E-19 1.746E+00.08820.452  416.20870.720.003910          0 0 0          0 0 0  6  3  3        5  2  4      764426837260783049    13.0   11.0
 11  245.449491 4.604E-29 1.094E-01.08110.333 4523.58900.710.006360          1 0 0          1 0 0  8  4  4        8  1  7      534233837294713152    17.0   17.0
 11  245.509882 3.173E-28 5.996E+00.02690.281 5255.34670.170.000710          0 0 1          0 0 1 12  1 11       11  2 10      534223837294713152    75.0   69.0
 11  245.617877 1.705E-23 3.093E+00.07490.377 2595.81290.650.007670          0 1 0          0 1 0  9  3  7        8  2  6      664223837294783152    19.0   17.0
 11  245.640411 4.398E-25 1.582E+00.02250.152 3266.76450.25-.003890          0 0 0          0 0 0 12 11  1       12 10  2      564426837260783049    25.0   25.0
 11  245.640426 1.319E-24 1.581E+00.02250.152 3266.76440.25-.003890          0 0 0          0 0 0 12 11  2       12 10  3      564426837260783049    75.0   75.0
 11  245.685425 1.054E-23 4.759E-04.07990.366 1114.54990.710.004420          0 0 0          0 0 0  9  4  5       10  1 10      664426837260783049    57.0   63.0
 11  245.688718 5.430E-29 9.688E-11.09940.456   70.09080.740.000000          0 0 0          0 0 0  4  2  2        2  0  2     q7422308079917122 0     9.0    5.0
 11  245.710489 1.060E-28 6.012E+00.02670.281 5255.20520.160.001230          0 0 1          0 0 1 12  2 11       11  1 10      434233837294713152    25.0   23.0
 11  245.755228 1.103E-19 9.074E-02.09520.473  136.76170.730.007240          0 0 0          0 0 0  4  3  2        3  0  3      764426837260783049    27.0   21.0
 11  245.778289 2.639E-22 4.705E+00.07890.356 2005.91700.67-.001830          0 1 0          0 1 0  5  4  2        4  3  1      764223837294783152    11.0    9.0
 11  245.816088 1.114E-28 9.013E-03.02830.221 3937.57290.280.001280          0 1 0          0 1 0 14  2 12       15  1 15      434233837294713152    29.0   31.0
 11  245.878137 7.135E-29 5.057E-03.05540.250 3879.72080.570.014270          0 1 0          0 1 0 12  6  6       13  3 11      534233837294713152    25.0   27.0
 11  246.020347 6.223E-26 9.657E-01.05660.334 3624.18130.550.011160          0 0 0          0 0 0 16  6 10       15  7  9      464426837260783049    33.0   31.0
 11  246.124001 5.554E-25 5.782E+00.07300.306 3500.63870.64-.001410          0 2 0          0 2 0  4  4  1        3  3  0      564223837294783152    27.0   21.0
 11  246.142813 4.551E-28 5.254E+00.02670.281 5153.18850.160.001230          1 0 0          1 0 0 12  2 11       11  1 10      434223837294713152    75.0   69.0
 11  246.265275 1.853E-25 5.788E+00.07170.299 3500.51070.62-.000800          0 2 0          0 2 0  4  4  0        3  3  1      564223837294783152     9.0    7.0
 11  246.265419 1.386E-27 2.656E+00.03150.265 4557.55490.33-.003110          0 1 0          0 1 0 12  9  3       12  8  4      434223837294713152    25.0   25.0
 11  246.273725 4.158E-27 2.656E+00.03150.265 4557.54630.32-.003110          0 1 0          0 1 0 12  9  4       12  8  5      434223837294713152    75.0   75.0
 11  246.339567 9.200E-28 1.377E-03.05680.235 3101.44100.59-.012500          0 0 0          0 0 0 13  9  5       14  6  8      534426837260713049    27.0   29.0
 11  246.462164 1.321E-27 2.621E+00.01960.208 4847.62210.100.003130          0 1 0          0 1 0 16  4 13       16  3 14      434223837294713152    99.0   99.0
 11  246.547390 1.122E-23 6.915E+00.02010.224 3144.57880.040.000500          0 1 0          0 1 0 13  0 13       12  1 12      564223837294783152    81.0   75.0
 11  246.561556 3.742E-24 6.919E+00.02010.224 3144.56920.040.000510          0 1 0          0 1 0 13  1 13       12  0 12      564223837294783152    27.0   25.0
 11  246.583020 1.006E-27 1.370E+00.03430.281 4469.79650.280.001470          0 2 0          0 2 0 11  2 10       11  1 11      434223837294713152    23.0   23.0
 11  246.595811 1.813E-27 2.859E+00.01640.172 4608.55620.060.003030          0 0 0          0 0 0 19  5 15       19  4 16      434426837260713049    39.0   39.0
 11  246.692638 4.659E-29 2.247E+00.02640.250 5236.43210.200.002130          0 2 0          0 2 0 13  3 11       13  2 12      434233837294713152    27.0   27.0
 11  246.865718 3.140E-30 5.937E-03.07800.352 4448.97060.670.003350          1 0 0          0 0 1  7  5  3        7  1  6      534233807294713152    15.0   15.0
 11  246.886377 3.109E-26 5.809E+00.05420.322 4135.01760.51-.001980          1 0 0          1 0 0  5  5  0        4  4  1      564223837294783152    33.0   27.0
 11  246.892283 1.103E-25 1.169E-03.05270.280 2275.37290.55-.002630          0 0 0          0 0 0 11  8  3       12  5  8      564426837260783049    69.0   75.0
 11  246.984120 9.406E-31 2.841E+00.03740.213 6115.65620.430.000000          0 2 0          0 2 0 15  4 12       15  3 13      4333308387659336 0    31.0   31.0
 11  247.033852 5.970E-29 2.215E+00.04110.265 5182.09510.41-.010830          1 0 0          0 2 0 13  1 13       12  2 10      434233837294713152    27.0   25.0
 11  247.042090 1.250E-29 3.063E+00.01900.183 5861.23870.100.002930          0 1 0          0 1 0 18  5 14       18  4 15      434233837294713152   111.0  111.0
 11  247.046835 7.988E-22 4.758E+00.07480.373 2004.81570.63-.000900          0 1 0          0 1 0  5  4  1        4  3  2      564223837294783152    33.0   27.0
 11  247.065053 1.382E-26 3.721E+00.07520.418 4244.30470.640.001430          0 0 1          0 0 1  6  4  2        5  3  3      564223837294783152    39.0   33.0
 11  247.066413 3.203E-30 2.915E-04.09130.391 3719.49290.73-.003940          1 0 0          0 2 0  4  2  2        5  3  3      534233837294713152     9.0   11.0
 11  247.105644 1.083E-26 6.072E+00.05460.325 4134.79840.52-.002320          1 0 0          1 0 0  5  5  1        4  4  0      564223837294783152    11.0    9.0
 11  247.138792 7.797E-30 1.913E-02.08080.352 4527.94940.700.002970          0 2 0          0 0 1  8  6  2        7  2  5      534233837294713152    17.0   15.0
 11  247.146257 2.185E-29 8.036E-01.03350.172 5492.08280.32-.014900          0 0 0          0 0 0 20  7 14       19  8 11      434233837260713049   123.0  117.0
 11  247.259545 3.359E-28 9.138E-03.02870.221 3937.57170.290.002480          0 1 0          0 1 0 14  3 12       15  0 15      434223837294713152    87.0   93.0
 11  247.274972 8.885E-30 3.265E+00.01580.150 5749.24230.040.002580          0 0 0          0 0 0 21  6 16       21  5 17      344233833260713049    43.0   43.0
 11  247.396745 1.092E-27 2.998E+00.03030.250 4871.97880.29-.002910          0 1 0          0 1 0 13  9  4       13  8  5      434223837294713152    81.0   81.0
 11  247.426144 3.641E-28 2.999E+00.03020.250 4871.94800.29-.002870          0 1 0          0 1 0 13  9  5       13  8  6      434223837294713152    27.0   27.0
 11  247.555207 7.000E-30 2.236E-03.09210.412 3977.26160.720.004710          0 0 1          0 0 1  4  4  1        4  1  4      534233837294713152     9.0    9.0
 11  247.725471 5.126E-27 5.742E-03.01830.183 3319.44830.150.003030          0 0 0          0 0 0 17  2 15       18  1 18      434426837260713049   105.0  111.0
 11  247.804603 4.109E-25 2.153E+00.02340.167 3583.37460.24-.003170          0 0 0          0 0 0 13 11  2       13 10  3      464426837260783049    81.0   81.0
 11  247.804700 1.370E-25 2.154E+00.02340.167 3583.37450.24-.003180          0 0 0          0 0 0 13 11  3       13 10  4      464426837260783049    27.0   27.0
 11  247.806500 1.709E-27 5.746E-03.01840.183 3319.44830.150.003040          0 0 0          0 0 0 17  3 15       18  0 18      434426837260713049    35.0   37.0
 11  247.819354 1.993E-29 5.426E-03.04430.235 4396.05140.450.012030          0 1 0          0 1 0 13  7  6       14  4 11      534233837294713152    81.0   87.0
 11  247.912728 1.140E-18 4.013E+00.08160.380  508.81210.70-.001300          0 0 0          0 0 0  6  4  3        5  3  2      764426807260783049    39.0   33.0
 11  248.082219 3.238E-29 6.420E-11.10400.480   37.13710.760.000000          0 0 0          0 0 0  3  3  1        1  1  1     q7422308079917122 0     7.0    3.0
 11  248.203108 1.128E-30 3.760E-03.07370.352 4563.98960.70-.010580          0 2 0          1 0 0  7  7  1        7  4  4      534233837294713152    15.0   15.0
 11  248.229165 4.508E-30 1.038E+00.01890.235 5796.94260.060.002150          0 0 1          0 0 1 14  1 13       14  0 14      434233837294713152    87.0   87.0
 11  248.250410 8.238E-29 3.267E+00.02870.235 5208.99200.26-.002960          0 1 0          0 1 0 14  9  5       14  8  6      434233837294713152    29.0   29.0
 11  248.256074 1.497E-30 1.034E+00.01890.235 5796.88630.060.002160          0 0 1          0 0 1 14  2 13       14  1 14      434233837294713152    29.0   29.0
 11  248.286906 3.887E-27 2.426E-03.06170.298 3072.72640.590.006300          0 1 0          0 1 0  9  6  3       10  3  8      534223837294713152    57.0   63.0
 11  248.341682 2.474E-28 3.271E+00.02850.235 5208.89530.26-.002830          0 1 0          0 1 0 14  9  6       14  8  7      434233837294713152    87.0   87.0
 11  248.742704 4.882E-29 3.473E+00.02720.221 5568.35410.23-.003270          0 1 0          0 1 0 15  9  6       15  8  7      434233837294713152    93.0   93.0
 11  248.755280 2.827E-30 3.621E+00.02600.208 5949.86900.20-.003900          0 1 0          0 1 0 16  9  7       16  8  8      434233837294713152    33.0   33.0
 11  248.822319 2.646E-20 7.390E+00.02010.227 1557.84770.040.000500          0 0 0          0 0 0 13  0 13       12  1 12      564426837260783049    81.0   75.0
 11  248.827139 8.821E-21 7.391E+00.02010.227 1557.84440.040.000510          0 0 0          0 0 0 13  1 13       12  0 12      564426837260783049    27.0   25.0
 11  248.885243 2.788E-21 1.395E-01.08110.387  882.89030.710.006360          0 0 0          0 0 0  8  4  4        8  1  7      764426807260783049    17.0   17.0
 11  248.888190 1.316E-29 8.702E-04.09280.412 3877.57520.720.002480          0 0 1          1 0 0  4  3  1        4  1  4      534233837294713152    27.0   27.0
 11  248.935367 3.698E-26 2.803E+00.08550.390 3784.67920.700.001340          0 2 0          0 2 0  7  3  5        6  2  4      564223837294783152    15.0   13.0
 11  248.988793 1.631E-29 3.482E+00.02680.221 5568.09130.22-.002870          0 1 0          0 1 0 15  9  7       15  8  8      434233837294713152    31.0   31.0
 11  249.355808 8.532E-30 3.645E+00.02550.208 5949.21610.20-.002690          0 1 0          0 1 0 16  9  8       16  8  9      434233837294713152    99.0   99.0
 11  249.480283 7.842E-21 6.077E+00.02690.245 1525.13600.170.000710          0 0 0          0 0 0 12  1 11       11  2 10      564426837260783049    25.0   23.0
 11  249.521181 6.263E-29 1.308E-10.08330.391  399.45750.690.000000          0 0 0          0 0 0  6  3  4        5  1  4     q7422308079917122 0    39.0   33.0
 11  249.639852 2.949E-24 5.765E+00.02690.234 3136.41250.170.000710          0 1 0          0 1 0 12  1 11       11  2 10      564223837294783152    25.0   23.0
 11  249.660808 2.540E-30 1.057E+00.01890.235 5690.87750.060.002150          1 0 0          1 0 0 14  1 13       14  0 14      434233837294713152    29.0   29.0
 11  249.757682 7.630E-30 1.059E+00.01890.235 5690.87960.060.002160          1 0 0          1 0 0 14  2 13       14  1 14      434233837294713152    87.0   87.0
 11  249.805833 8.168E-25 3.808E-04.06780.301 1340.88490.66-.001380          0 0 0          0 0 0  8  7  1        9  4  6      764426807260783049    17.0   19.0
 11  249.821457 3.411E-26 2.625E+00.02330.181 3922.33110.22-.002650          0 0 0          0 0 0 14 11  3       14 10  4      464426837260783049    29.0   29.0
 11  249.821921 1.023E-25 2.624E+00.02330.181 3922.33060.22-.002670          0 0 0          0 0 0 14 11  4       14 10  5      464426837260783049    87.0   87.0
 11  249.903211 2.363E-20 6.111E+00.02670.245 1524.84790.160.001230          0 0 0          0 0 0 12  2 11       11  1 10      664426837260783049    75.0   69.0
 11  249.943989 1.029E-30 3.268E-03.06240.315 4600.49730.56-.026330          1 0 0          0 2 0  9  3  7        9  4  6      434253837294713152    19.0   19.0
 11  250.207695 3.278E-28 4.597E+00.05160.298 5171.05990.470.009470          0 0 1          0 0 1 11  3  9       10  2  8      534223837294713152    69.0   63.0
 11  250.254158 1.277E-27 5.423E+00.02690.281 4716.37960.170.000710          0 2 0          0 2 0 12  1 11       11  2 10      534223837294713152    25.0   23.0
 11  250.488511 7.516E-29 3.397E+00.09090.412 5033.70950.730.000320          0 3 0          0 3 0  5  3  3        4  2  2      434233837294713152    11.0    9.0
 11  250.614698 8.932E-24 5.836E+00.02670.234 3135.76480.160.001230          0 1 0          0 1 0 12  2 11       11  1 10      564223837294783152    75.0   69.0
 11  250.653046 5.229E-30 1.033E-04.09610.391 3626.92220.74-.011650          1 0 0          0 2 0  4  1  4        5  2  3      534243837294713152    27.0   33.0
 11  250.945927 3.036E-27 1.607E+00.08320.371 4408.02880.71-.001720          0 0 1          0 0 1  7  4  4        6  3  3      534223837294713152    45.0   39.0
 11  250.988170 1.380E-27 3.237E-03.06900.281 3136.41250.670.010250          0 1 0          0 1 0 10  5  5       11  2 10      534223837294713152    21.0   23.0
 11  250.999492 5.706E-24 3.414E-02.08790.414 2000.86300.710.005690          0 1 0          0 1 0  5  4  1        5  1  4      764223837294783152    33.0   33.0
 11  251.144012 2.257E-25 2.452E+00.05880.338 3487.39920.54-.014300          0 1 0          0 1 0 12  3  9       11  4  8      564223837294783152    25.0   23.0
 11  251.199423 5.587E-30 1.650E+00.04190.298 5778.04210.360.001700          0 3 0          0 3 0 10  2  9       10  1 10      434233837294713152    63.0   63.0
 11  251.499213 1.778E-30 4.382E-03.07350.333 4523.58900.670.004720          0 2 0          1 0 0  8  6  2        8  1  7      534233837294713152    17.0   17.0
 11  251.654622 5.371E-27 2.823E+00.07520.391 4150.28730.640.001430          1 0 0          1 0 0  6  4  2        5  3  3      534223837294713152    13.0   11.0
 11  251.655854 2.151E-26 3.017E+00.02250.185 4283.30770.19-.002280          0 0 0          0 0 0 15 11  4       15 10  5      464426837260783049    93.0   93.0
 11  251.657739 7.171E-27 3.017E+00.02240.221 4283.30580.19-.002290          0 0 0          0 0 0 15 11  5       15 10  6      434426837260713049    31.0   31.0
 11  251.800772 1.724E-28 4.460E+00.05160.298 5069.08830.470.009470          1 0 0          1 0 0 11  3  9       10  2  8      434233837294713152    23.0   21.0
 11  251.928427 3.271E-28 1.733E-01.07260.371 4407.04630.69-.003960          0 0 1          0 2 0  7  4  4        6  6  1      534223837294713152    45.0   39.0
 11  251.981948 4.890E-29 1.073E-01.07970.333 4725.06220.700.007960          0 0 1          0 0 1  8  5  3        8  2  6      534233837294713152    51.0   51.0
 11  252.275572 3.357E-30 1.437E-02.03890.250 4941.60660.390.002790          0 2 0          0 2 0 12  3 10       13  0 13      534233837294713152    75.0   81.0
 11  252.508583 4.311E-29 1.131E+00.03630.333 5008.96280.44-.006660          0 2 0          0 2 0  8  8  0        8  7  1      434233837294713152    17.0   17.0
 11  252.508833 1.293E-28 1.131E+00.03630.333 5008.96250.44-.006650          0 2 0          0 2 0  8  8  1        8  7  2      434233837294713152    51.0   51.0
 11  252.549108 1.403E-28 1.843E-10.08870.412  300.36230.710.000000          0 0 0          0 0 0  6  2  5        4  2  3     q7422308079917122 0    39.0   27.0
 11  252.568527 4.104E-30 1.052E-02.06850.333 4756.39400.66-.011270          0 2 0          1 0 0  8  7  2        8  4  5      434233837294713152    51.0   51.0
 11  252.628082 5.193E-30 2.177E+00.08820.391 5749.66260.720.003910          0 1 1          0 1 1  6  3  3        5  2  4      434233837294713152    39.0   33.0
 11  252.671778 3.923E-27 5.591E+00.02670.281 4714.81900.160.001230          0 2 0          0 2 0 12  2 11       11  1 10      534223837294713152    75.0   69.0
 11  252.807709 1.481E-28 3.371E-02.08710.352 4232.18450.720.004040          1 0 0          1 0 0  7  3  4        7  0  7      534233837294713152    45.0   45.0
 11  252.901747 2.731E-24 8.504E-02.08480.375 2146.26370.710.006110          0 1 0          0 1 0  6  4  2        6  1  5      764223837294783152    13.0   13.0
 11  252.961841 2.533E-28 4.921E-02.07160.371 4199.39090.59-.014660          0 0 1          1 0 0  7  2  6        6  2  5      534233837294713152    45.0   39.0
 11  253.108230 1.472E-29 2.648E-03.08130.391 4153.93810.72-.007010          0 2 0          1 0 0  6  6  1        5  3  2      534233837294713152    39.0   33.0
 11  253.272584 1.304E-27 3.343E+00.02120.208 4665.98060.16-.002020          0 0 0          0 0 0 16 11  5       16 10  6      434426837260713049    33.0   33.0
 11  253.278981 3.913E-27 3.344E+00.02120.208 4665.97390.16-.002030          0 0 0          0 0 0 16 11  6       16 10  7      434426837260713049    99.0   99.0
 11  253.577083 2.287E-30 5.993E-05.09150.391 3722.73100.72-.014300          1 0 0          0 2 0  5  0  5        5  3  2      534253837294713152    33.0   33.0
 11  253.744216 8.408E-29 1.937E+00.03640.315 5229.57890.40-.004060          0 2 0          0 2 0  9  8  1        9  7  2      434233837294713152    57.0   57.0
 11  253.746166 2.803E-29 1.937E+00.03640.315 5229.57700.40-.004050          0 2 0          0 2 0  9  8  2        9  7  3      434233837294713152    19.0   19.0
 11  253.812088 3.919E-19 4.186E+00.07520.421  503.96810.640.001430          0 0 0          0 0 0  6  4  2        5  3  3      764426807260783049    13.0   11.0
 11  253.909377 2.566E-29 2.876E-02.08710.352 4332.77380.720.004040          0 0 1          0 0 1  7  3  4        7  0  7      534233837294713152    15.0   15.0
 11  253.938849 6.128E-19 7.169E+00.05460.311  488.13420.52-.002320          0 0 0          0 0 0  5  5  1        4  4  0      764426807260783049    11.0    9.0
 11  253.968590 1.839E-18 7.171E+00.05420.307  488.10770.51-.001980          0 0 0          0 0 0  5  5  0        4  4  1      764426807260783049    33.0   27.0
 11  253.982316 7.571E-26 9.444E-01.01890.130 3512.40490.25-.004660          0 0 0          0 0 0 12 12  0       12 11  1      464426837260783049    25.0   25.0
 11  253.982317 2.271E-25 9.443E-01.01890.130 3512.40490.25-.004660          0 0 0          0 0 0 12 12  1       12 11  2      464426837260783049    75.0   75.0
 11  254.090730 1.122E-27 2.030E-01.08980.391 4153.93810.73-.007020          0 0 1          1 0 0  6  3  3        5  3  2      534223837294713152    39.0   33.0
 11  254.148946 6.590E-25 8.006E-03.09210.412 1875.46970.730.005320          0 1 0          0 1 0  4  4  0        4  1  3      764223837294713152     9.0    9.0
 11  254.328311 2.231E-23 3.793E+00.06460.339 2818.39810.580.010640          0 1 0          0 1 0 10  3  8        9  2  7      564223837294783152    63.0   57.0
 11  254.360053 5.396E-31 6.366E-04.07550.349 4368.54610.640.000000          1 0 0          0 2 0  8  2  6        7  5  3      5333308387659336 0    17.0   15.0
 11  254.368749 1.138E-22 1.125E+00.01890.202 2073.51500.060.002150          0 0 0          0 0 0 14  1 13       14  0 14      564426837260783049    29.0   29.0
 11  254.398347 3.416E-22 1.126E+00.01890.202 2073.51570.060.002160          0 0 0          0 0 0 14  2 13       14  1 14      564426837260783049    87.0   87.0
 11  254.522514 2.450E-30 1.974E+00.08820.391 5655.79700.720.003910          1 1 0          1 1 0  6  3  3        5  2  4      434233837294713152    13.0   11.0
 11  254.635613 6.241E-28 3.613E+00.01980.195 5070.03100.12-.001840          0 0 0          0 0 0 17 11  6       17 10  7      434423837260713049   105.0  105.0
 11  254.655776 2.081E-28 3.614E+00.01970.195 5070.00960.12-.001870          0 0 0          0 0 0 17 11  7       17 10  8      434433837260713049    35.0   35.0
 11  254.779295 1.826E-28 2.502E-02.09510.391 4095.92000.74-.009050          0 0 1          1 0 0  6  2  4        5  2  3      534233837294713152    39.0   33.0
 11  254.849544 1.225E-29 2.527E+00.03740.298 5473.81160.39-.003560          0 2 0          0 2 0 10  8  2       10  7  3      434233837294713152    21.0   21.0
 11  254.857765 3.676E-29 2.528E+00.03730.298 5473.80320.39-.003520          0 2 0          0 2 0 10  8  3       10  7  4      434233837294713152    63.0   63.0
 11  254.970662 1.778E-29 5.178E-02.08180.352 4527.94940.700.004550          0 0 1          0 0 1  7  5  2        7  2  5      534233837294713152    15.0   15.0
 11  255.204484 5.914E-28 1.042E+00.04580.195 4610.02210.450.013630          0 0 0          0 0 0 18  7 11       17  8 10      434423837260713049    37.0   35.0
 11  255.288439 2.016E-25 6.421E-04.06910.367 1998.99530.69-.007790          0 0 0          0 0 0 10  8  3       11  5  6      564426837260783049    63.0   69.0
 11  255.440591 4.426E-27 8.346E-01.08010.412 4126.46340.70-.011180          1 0 0          0 0 1  5  5  0        4  3  1      534223837294713152    33.0   27.0
 11  255.450068 1.346E-29 5.031E-01.06980.265 5399.33130.72-.001960          0 1 0          1 0 0 13 11  2       12  2 11      434233837294713152    81.0   75.0
 11  255.457211 2.289E-29 4.416E-03.04730.250 4074.03860.480.009030          0 1 0          0 1 0 12  7  5       13  4 10      534233837294713152    25.0   27.0
 11  255.703631 2.935E-29 3.832E+00.01830.183 5495.14940.08-.001710          0 0 0          0 0 0 18 11  7       18 10  8      334233837260713049    37.0   37.0
 11  255.749092 1.278E-29 2.963E+00.03750.281 5741.42710.38-.003640          0 2 0          0 2 0 11  8  3       11  7  4      434233837294713152    69.0   69.0
 11  255.758867 8.811E-29 3.834E+00.01830.183 5495.08990.08-.001740          0 0 0          0 0 0 18 11  8       18 10  9      334233837260713049   111.0  111.0
 11  255.761401 3.055E-30 1.875E-03.05820.352 4232.38430.48-.015230          0 0 1          1 0 0  8  1  8        7  1  7      534233837294713152    17.0   15.0
 11  255.778300 2.456E-27 2.470E+00.08320.371 4308.21130.71-.001720          1 0 0          1 0 0  7  4  4        6  3  3      534223837294713152    15.0   13.0
 11  255.784352 4.263E-30 2.965E+00.03730.281 5741.39130.38-.003530          0 2 0          0 2 0 11  8  4       11  7  5      434233837294713152    23.0   23.0
 11  255.906066 7.584E-30 1.551E-03.05810.352 4232.18450.47-.015110          0 0 1          1 0 0  8  0  8        7  0  7      534233837294713152    51.0   45.0
 11  255.942229 2.142E-30 2.079E-03.05700.371 4526.71980.52-.013880          0 0 1          1 0 0  7  5  3        6  5  2      534233837294713152    45.0   39.0
 11  255.991326 1.828E-30 3.253E+00.01810.172 6269.06230.10-.000380          0 1 0          0 1 0 19  4 15       19  3 16      434233837294713152   117.0  117.0
 11  256.113052 8.400E-21 3.919E-02.08710.413  586.24350.720.004040          0 0 0          0 0 0  7  3  4        7  0  7      764426807260783049    45.0   45.0
 11  256.250239 2.035E-27 1.057E+00.02530.298 4240.94210.34-.005680          0 1 0          0 1 0 10 10  0       10  9  1      434223837294713152    21.0   21.0
 11  256.250244 6.106E-27 1.057E+00.02530.298 4240.94210.34-.005680          0 1 0          0 1 0 10 10  1       10  9  2      434223837294713152    63.0   63.0
 11  256.352308 1.240E-30 3.272E+00.03620.265 6032.19810.35-.003710          0 2 0          0 2 0 12  8  4       12  7  5      434233837294713152    25.0   25.0
 11  256.426440 1.106E-29 4.006E+00.01710.172 5941.04090.04-.001840          0 0 0          0 0 0 19 11  8       19 10  9      334233837260713049   117.0  117.0
 11  256.469289 3.728E-30 3.279E+00.03580.265 6032.08090.35-.003400          0 2 0          0 2 0 12  8  5       12  7  6      434233837294713152    75.0   75.0
 11  256.565912 3.690E-30 4.010E+00.01700.172 5940.88940.04-.001740          0 0 0          0 0 0 19 11  9       19 10 10      334233837260713049    39.0   39.0
 11  256.611053 1.724E-30 2.404E-03.04830.298 4669.73590.43-.022040          1 0 0          0 2 0 10  2  9       10  3  8      534233807294713152    63.0   63.0
 11  256.636288 3.170E-30 2.381E-03.03300.195 4409.34430.34-.002590          0 0 0          0 0 0 16 10  6       17  7 11      434233837260713049    33.0   35.0
 11  256.670363 2.035E-30 3.591E-03.05440.172 4608.55620.610.018420          0 0 0          0 0 0 18  7 11       19  4 16      434233837260713049    37.0   39.0
 11  256.706295 1.008E-29 1.733E-01.07780.315 4939.79420.700.011410          0 0 1          0 0 1  9  5  4        9  2  7      534233837294713152    19.0   19.0
 11  256.755306 1.005E-27 5.692E-01.07730.412 4125.14870.68-.012700          1 0 0          0 0 1  5  5  1        4  3  2      534223837294713152    11.0    9.0
 11  256.800928 9.321E-26 1.718E+00.01960.146 3831.17920.21-.003800          0 0 0          0 0 0 13 12  1       13 11  2      464426837260783049    81.0   81.0
 11  256.800930 3.107E-26 1.718E+00.01960.146 3831.17920.21-.003790          0 0 0          0 0 0 13 12  2       13 11  3      464426837260783049    27.0   27.0
 11  256.870318 6.000E-29 3.252E-02.07840.391 4150.28730.70-.006480          0 2 0          1 0 0  6  6  0        5  3  3      534233837294713152    13.0   11.0
 11  256.961702 8.834E-29 2.108E-10.07810.371  447.25240.670.000000          0 0 0          0 0 0  7  1  6        6  1  6     q7422308079917122 0    45.0   39.0
 11  257.045808 2.131E-30 4.506E+00.08160.391 5851.26850.70-.001300          0 1 1          0 1 1  6  4  3        5  3  2      434233837294713152    13.0   11.0
 11  257.098016 5.415E-26 3.080E+00.08070.410 3967.48850.680.003600          0 2 0          0 2 0  8  3  6        7  2  5      564223837294783152    51.0   45.0
 11  257.100044 8.226E-21 4.744E+00.05710.320 1437.96860.470.009470          0 0 0          0 0 0 11  3  9       10  2  8      664426837240783049    23.0   21.0
 11  257.377464 2.018E-30 5.415E+00.02670.281 6260.43440.160.001230          0 3 0          0 3 0 12  2 11       11  1 10      434233837294713152    75.0   69.0
 11  257.442404 2.395E-29 1.666E-03.09210.412 3877.57520.720.004710          1 0 0          1 0 0  4  4  1        4  1  4      534233837294713152    27.0   27.0
 11  257.881726 5.495E-29 5.687E-03.05750.235 4184.83120.600.015700          0 1 0          0 1 0 13  6  7       14  3 12      534233837294713152    81.0   87.0
 11  258.310935 1.339E-25 1.351E-03.07220.380 2042.37410.710.008760          0 0 0          0 0 0 12  5  7       13  2 12      564426837260783049    25.0   27.0
 11  258.331037 3.156E-27 1.876E+00.02600.281 4510.90160.29-.003960          0 1 0          0 1 0 11 10  1       11  9  2      434223837294713152    69.0   69.0
 11  258.331086 1.052E-27 1.876E+00.02600.281 4510.90150.29-.003950          0 1 0          0 1 0 11 10  2       11  9  3      434223837294713152    23.0   23.0
 11  258.420300 1.973E-22 1.907E+00.06330.351 2275.37290.57-.010980          0 0 0          0 0 0 13  4  9       12  5  8      564426837260783049    81.0   75.0
 11  258.436956 1.262E-22 2.242E+00.08820.421 2024.15260.720.003910          0 1 0          0 1 0  6  3  3        5  2  4      764223837294783152    13.0   11.0
 11  258.669215 3.176E-24 2.028E+00.01420.183 2952.3866-.030.000980          0 0 0          0 0 0 16  2 14       16  1 15      564426837260783049    33.0   33.0
 11  258.818896 9.534E-24 2.031E+00.01450.183 2952.3937-.020.001070          0 0 0          0 0 0 16  3 14       16  2 15      564426837260783049    99.0   99.0
 11  259.314421 8.526E-27 1.249E-03.07990.315 2512.37570.700.004700          0 1 0          0 1 0  8  4  4        9  1  9      534223837294713152    17.0   19.0
 11  259.485517 8.611E-27 2.362E+00.02040.235 4172.15250.20-.003100          0 0 0          0 0 0 14 12  2       14 11  3      434426837260713049    29.0   29.0
 11  259.485535 2.583E-26 2.362E+00.02030.160 4172.15250.20-.003090          0 0 0          0 0 0 14 12  3       14 11  4      464426837260783049    87.0   87.0
 11  259.711430 2.070E-27 1.505E-03.06660.315 2841.43080.630.003660          0 1 0          0 1 0  8  6  2        9  3  7      534223837294713152    17.0   19.0
 11  259.853717 4.889E-29 1.980E-10.08330.391  326.62550.690.000000          0 0 0          0 0 0  7  1  7        5  1  5     q7422308079917122 0    15.0   11.0
 11  260.005131 2.737E-28 3.345E+00.03800.281 4922.09000.33-.005030          0 2 0          0 2 0 12  2 10       11  3  9      534223837294713152    25.0   23.0
 11  260.148560 6.975E-30 4.900E-04.08960.412 3598.72690.71-.010580          1 0 0          0 2 0  3  2  2        4  3  1      534223837294713152     7.0    9.0
 11  260.220332 6.209E-29 5.279E+00.03800.281 5320.88900.33-.005030          1 0 0          1 0 0 12  2 10       11  3  9      434233837294713152    25.0   23.0
 11  260.308133 2.510E-28 3.194E+00.01490.161 5031.79410.030.000560          0 0 0          0 0 0 20  4 16       20  3 17      434233837260713049    41.0   41.0
 11  260.321106 3.664E-28 2.525E+00.02700.265 4803.82030.29-.003280          0 1 0          0 1 0 12 10  2       12  9  3      434223837294713152    25.0   25.0
 11  260.321393 1.099E-27 2.524E+00.02700.265 4803.82000.29-.003270          0 1 0          0 1 0 12 10  3       12  9  4      434223837294713152    75.0   75.0
 11  260.363612 2.508E-27 8.015E-01.07420.371 4292.90990.62-.014800          0 0 1          1 0 0  7  3  5        6  3  4      534223837294713152    45.0   39.0
 11  260.706477 3.868E-26 2.717E+00.01370.174 3940.5449-.020.000260          0 0 0          0 0 0 18  3 15       18  2 16      464426837260783049    37.0   37.0
 11  260.895641 1.512E-28 2.041E-10.08330.391  325.34790.690.000000          0 0 0          0 0 0  7  0  7        5  0  5     q7422308079917122 0    45.0   33.0
 11  260.916228 4.432E-30 1.837E+00.06330.265 5887.76560.57-.010980          1 0 0          1 0 0 13  4  9       12  5  8      434233837294713152    81.0   75.0
 11  261.008898 1.934E-29 3.329E+00.05880.281 5465.05330.54-.014300          1 0 0          1 0 0 12  3  9       11  4  8      434233837294713152    25.0   23.0
 11  261.208795 4.795E-29 7.848E-02.07640.371 4401.94190.66-.006520          0 0 1          1 0 0  7  4  3        6  4  2      534233837294713152    15.0   13.0
 11  261.243594 4.092E-31 7.527E+00.03290.232 6456.36960.400.000000          0 3 0          0 3 0 14  0 14       13  1 13      4333308387659336 0    29.0   27.0
 11  261.270925 1.163E-25 2.732E+00.01410.175 3940.58730.600.001940          0 0 0          0 0 0 18  4 15       18  3 16      46440683726078 049   111.0  111.0
 11  261.517203 9.235E-30 4.308E+00.08160.391 5761.02880.70-.001300          1 1 0          1 1 0  6  4  3        5  3  2      434233837294713152    39.0   33.0
 11  261.617753 2.924E-30 3.680E+00.01410.141 6220.53830.010.002400          0 0 0          0 0 0 22  6 17       22  5 18      344233833260713049   135.0  135.0
 11  261.653940 2.551E-28 2.961E+00.01670.195 5204.74850.05-.000100          0 1 0          0 1 0 17  3 14       17  2 15      434233837294713152   105.0  105.0
 11  261.668691 3.027E-27 2.455E-03.06370.208 3211.21260.680.014710          0 0 0          0 0 0 15  6  9       16  3 14      534426837260713049    93.0   99.0
 11  261.748552 6.974E-29 8.728E+00.01600.250 5429.1289-.040.000370          1 0 0          1 0 0 14  0 14       13  1 13      434233837294713152    29.0   27.0
 11  261.761220 2.092E-28 8.727E+00.01600.250 5429.1184-.040.000370          1 0 0          1 0 0 14  1 14       13  0 13      434233837294713152    87.0   81.0
 11  261.900840 1.263E-28 1.073E+00.09520.412 4902.13040.740.003640          0 3 0          0 3 0  5  2  3        4  1  4      434233837294713152    33.0   27.0
 11  262.000584 3.458E-30 2.088E-03.07980.371 4195.81810.660.002910          1 0 0          0 0 1  7  3  5        6  1  6      534233837294713152    15.0   13.0
 11  262.006982 5.736E-27 2.904E+00.02030.221 4534.96360.18-.002560          0 0 0          0 0 0 15 12  3       15 11  4      434426837260713049    93.0   93.0
 11  262.007057 1.912E-27 2.904E+00.02030.221 4534.96350.18-.002540          0 0 0          0 0 0 15 12  4       15 11  5      434426837260713049    31.0   31.0
 11  262.059216 7.585E-28 3.253E+00.01390.161 5031.97800.600.003300          0 0 0          0 0 0 20  5 16       20  4 17      43440683726071 049   123.0  123.0
 11  262.064993 1.218E-28 5.683E+00.03800.281 5421.26760.33-.005030          0 0 1          0 0 1 12  2 10       11  3  9      534233837294713152    75.0   69.0
 11  262.153376 6.207E-29 7.197E+00.02090.265 5398.25060.070.000850          1 0 0          1 0 0 13  2 12       12  1 11      434233837294713152    27.0   25.0
 11  262.177177 3.059E-28 3.049E+00.02690.250 5119.37560.27-.002830          0 1 0          0 1 0 13 10  3       13  9  4      434223837294713152    81.0   81.0
 11  262.178534 1.020E-28 3.050E+00.02690.250 5119.37420.27-.002820          0 1 0          0 1 0 13 10  4       13  9  5      434233837294713152    27.0   27.0
 11  262.263737 4.489E-30 1.971E-03.06800.333 4381.73540.60-.022870          1 0 0          0 2 0  8  3  6        8  4  5      534253837294713152    51.0   51.0
 11  262.277396 3.472E-31 1.081E+00.02320.161 6170.83150.16-.005780          0 0 0          0 0 0 21  8 14       20  9 11      344233833260713049    43.0   41.0
 11  262.385313 6.848E-28 8.043E+00.01600.250 4941.6233-.040.000370          0 2 0          0 2 0 14  0 14       13  1 13      434223837294713152    29.0   27.0
 11  262.408963 7.187E-24 1.512E-01.08270.373 2309.73020.710.006560          0 1 0          0 1 0  7  4  3        7  1  6      664223837294783152    45.0   45.0
 11  262.412111 2.055E-27 8.046E+00.01600.250 4941.6066-.040.000370          0 2 0          0 2 0 14  1 14       13  0 13      434223837294713152    87.0   81.0
 11  262.610994 1.496E-26 9.936E-01.01660.135 4087.98010.21-.004210          0 0 0          0 0 0 13 13  0       13 12  1      464426837260783049    81.0   81.0
 11  262.610994 4.986E-27 9.935E-01.01660.250 4087.98010.21-.004210          0 0 0          0 0 0 13 13  1       13 12  2      434426837260713049    27.0   27.0
 11  262.685159 1.118E-28 3.151E+00.04070.281 5316.80420.360.006940          1 0 0          1 0 0 12  3 10       11  2  9      434233837294713152    75.0   69.0
 11  262.774714 4.266E-29 8.946E+00.01600.250 5534.1116-.040.000370          0 0 1          0 0 1 14  1 14       13  0 13      434233837294713152    29.0   27.0
 11  262.824530 6.609E-30 4.706E+00.07520.391 5846.51160.640.001430          0 1 1          0 1 1  6  4  2        5  3  3      434233837294713152    39.0   33.0
 11  262.832172 1.264E-28 8.838E+00.01600.250 5534.1105-.040.000370          0 0 1          0 0 1 14  0 14       13  1 13      434233837294713152    87.0   81.0
 11  262.838273 8.527E-22 3.350E+00.05880.339 1843.02960.54-.014300          0 0 0          0 0 0 12  3  9       11  4  8      564426837260783049    25.0   23.0
 11  262.873850 3.823E-29 1.894E-02.08490.371 4350.69930.720.002370          0 0 1          0 0 1  6  5  1        6  2  4      534233837294713152    39.0   39.0
 11  262.911631 3.222E-29 2.381E-10.07810.371  446.69660.670.000000          0 0 0          0 0 0  7  2  6        6  0  6     q7422308079917122 0    15.0   13.0
 11  262.922712 6.110E-25 1.374E+00.02280.216 3391.12620.130.001900          0 1 0          0 1 0 13  1 12       13  0 13      564223837294783152    81.0   81.0
 11  262.947671 3.042E-27 1.544E-03.04420.235 3084.83570.47-.003990          0 0 0          0 0 0 13  9  4       14  6  9      534426837260713049    81.0   87.0
 11  263.038588 5.099E-25 1.053E-04.07780.334 1131.77560.73-.002360          0 0 0          0 0 0  7  7  1        8  4  4      764426837260783049    15.0   17.0
 11  263.084262 2.038E-25 1.376E+00.02280.216 3391.13080.130.001920          0 1 0          0 1 0 13  2 12       13  1 13      564223837294783152    27.0   27.0
 11  263.143989 1.615E-28 6.311E+00.02100.265 5399.33130.070.000720          1 0 0          1 0 0 13  1 12       12  2 11      434233837294713152    81.0   75.0
 11  263.269318 1.851E-21 2.590E-03.09210.442  224.83840.720.004710          0 0 0          0 0 0  4  4  1        4  1  4      764426807260783049    27.0   27.0
 11  263.269538 3.954E-29 7.600E+00.02100.265 5500.91570.070.000720          0 0 1          0 0 1 13  1 12       12  2 11      434233837294713152    27.0   25.0
 11  263.347673 1.187E-28 7.607E+00.02090.265 5500.85660.070.000850          0 0 1          0 0 1 13  2 12       12  1 11      434233837294713152    81.0   75.0
 11  263.624251 1.891E-26 2.339E+00.01730.221 4243.10960.040.000610          0 1 0          0 1 0 15  2 13       15  1 14      564223837294713152    93.0   93.0
 11  263.714862 8.096E-27 3.491E+00.07490.333 4173.22570.650.007670          0 2 0          0 2 0  9  3  7        8  2  6      534223837294713152    19.0   17.0
 11  263.855978 2.393E-29 3.475E+00.02590.235 5457.24240.24-.002510          0 1 0          0 1 0 14 10  4       14  9  5      434233837294713152    29.0   29.0
 11  263.861217 7.178E-29 3.475E+00.02590.235 5457.23700.24-.002490          0 1 0          0 1 0 14 10  5       14  9  6      434233837294713152    87.0   87.0
 11  263.999262 1.278E-29 2.555E+00.02120.235 5522.85340.110.000100          0 2 0          0 2 0 14  2 12       14  1 13      434233837294713152    29.0   29.0
 11  264.195896 8.594E-29 3.040E+00.01660.195 5204.98800.050.002560          0 1 0          0 1 0 17  4 14       17  3 15      434233837294713152    35.0   35.0
 11  264.247385 7.824E-29 9.798E-01.04680.281 4922.09000.46-.017700          1 0 0          0 2 0 12  0 12       11  3  9      534233837294713152    25.0   23.0
 11  264.268915 9.697E-30 8.051E+00.05460.412 5842.02790.52-.002320          0 1 1          0 1 1  5  5  1        4  4  0      434233837294713152    33.0   27.0
 11  264.295780 1.110E-29 3.530E-04.09080.391 3482.48020.720.003940          0 2 0          0 2 0  4  4  0        5  1  5      534233837294713152     9.0   11.0
 11  264.297892 3.233E-30 8.053E+00.05420.412 5842.00200.51-.001980          0 1 1          0 1 1  5  5  0        4  4  1      434233837294713152    11.0    9.0
 11  264.337840 3.592E-28 3.363E+00.01960.208 4919.25320.15-.002150          0 0 0          0 0 0 16 12  4       16 11  5      434423837260713049    33.0   33.0
 11  264.338169 1.078E-27 3.364E+00.01960.208 4919.25280.15-.002140          0 0 0          0 0 0 16 12  5       16 11  6      434426837260713049    99.0   99.0
 11  264.352034 1.359E-24 8.607E+00.01600.250 3391.1308-.040.000370          0 1 0          0 1 0 14  0 14       13  1 13      564223837294713152    29.0   27.0
 11  264.358994 4.078E-24 8.609E+00.01600.212 3391.1262-.040.000370          0 1 0          0 1 0 14  1 14       13  0 13      564223837294783152    87.0   81.0
 11  264.368542 6.323E-27 2.357E+00.01780.221 4243.15400.050.001080          0 1 0          0 1 0 15  3 13       15  2 14      434223837294713152    31.0   31.0
 11  264.396819 9.587E-25 5.066E+00.03800.272 3323.26980.33-.005030          0 1 0          0 1 0 12  2 10       11  3  9      564223837294783152    25.0   23.0
 11  264.510418 3.999E-27 2.144E+00.06810.371 4394.46430.59-.012210          0 0 1          1 0 0  7  4  4        6  4  3      534223837294713152    45.0   39.0
 11  264.854596 6.931E-28 2.509E+00.08300.352 4586.68320.71-.001640          0 0 1          0 0 1  8  4  5        7  3  4      534223837294713152    17.0   15.0
 11  264.871407 2.981E-24 4.737E+00.05160.305 3058.39840.470.009470          0 1 0          0 1 0 11  3  9       10  2  8      564223837294783152    23.0   21.0
 11  265.138785 2.883E-21 5.590E+00.04200.291 1695.06860.33-.005030          0 0 0          0 0 0 12  2 10       11  3  9      564426837240783049    25.0   23.0
 11  265.151069 5.803E-30 2.187E-01.04640.273 5389.55230.550.000000         -2 1-2          0 2 0 13 11  2       12  4  9      1333308287659336 0    81.0   75.0
 11  265.154293 1.032E-29 1.498E-02.07240.333 4624.30280.640.004930          1 0 0          0 0 1  8  5  4        8  1  7      534233837294713152    51.0   51.0
 11  265.171447 2.404E-28 3.715E+00.08850.412 5021.39140.710.003260          0 3 0          0 3 0  5  3  2        4  2  3      434233837294713152    33.0   27.0
 11  265.229060 9.088E-29 3.427E+00.06290.265 5389.55230.68-.000590          0 1 0          0 2 0 13 11  2       12  4  9      434233837294713152    81.0   75.0
 11  265.315801 1.455E-29 3.820E+00.02440.221 5817.09680.20-.002360          0 1 0          0 1 0 15 10  5       15  9  6      434233837294713152    93.0   93.0
 11  265.331751 4.852E-30 3.822E+00.02440.221 5817.08010.20-.002330          0 1 0          0 1 0 15 10  6       15  9  7      434233837294713152    31.0   31.0
 11  265.431844 3.394E-28 6.741E-03.01620.172 3675.11310.120.003210          0 0 0          0 0 0 18  2 16       19  1 19      434223837260713049    37.0   39.0
 11  265.474209 1.018E-27 6.741E-03.01620.172 3675.11310.120.003210          0 0 0          0 0 0 18  3 16       19  0 19      434426837260713049   111.0  117.0
 11  265.543877 3.477E-30 1.181E+00.03300.172 5701.27800.310.012670          0 0 0          0 0 0 20  8 12       19  9 11      434233837260713049    41.0   39.0
 11  265.663206 1.352E-28 3.547E+00.08910.391 5164.03120.720.000200          0 3 0          0 3 0  6  3  4        5  2  3      434233837294713152    39.0   33.0
 11  265.726831 4.213E-29 5.951E+00.04070.281 5418.80340.360.006940          0 0 1          0 0 1 12  3 10       11  2  9      434233837294713152    25.0   23.0
 11  265.824661 3.603E-30 4.109E-04.08670.371 3784.67920.730.002150          0 2 0          0 2 0  5  5  1        6  2  4      534233837294713152    11.0   13.0
 11  266.023082 1.817E-27 1.827E+00.01730.235 4431.63810.17-.003650          0 0 0          0 0 0 14 13  1       14 12  2      434426837260713049    29.0   29.0
 11  266.023082 5.450E-27 1.826E+00.01730.235 4431.63810.17-.003660          0 0 0          0 0 0 14 13  2       14 12  3      434426837260713049    87.0   87.0
 11  266.194988 1.951E-19 4.174E+00.08320.417  661.54890.71-.001720          0 0 0          0 0 0  7  4  4        6  3  3      764426807260783049    15.0   13.0
 11  266.327658 4.286E-31 1.202E+00.02380.204 6077.10590.400.000000          0 0 1          0 0 1 15  1 14       15  0 15      4333308387659336 0    31.0   31.0
 11  266.453268 1.756E-28 3.752E+00.01860.195 5324.66660.11-.001840          0 0 0          0 0 0 17 12  5       17 11  6      434433837260713049   105.0  105.0
 11  266.454485 5.854E-29 3.753E+00.01860.195 5324.66540.11-.001830          0 0 0          0 0 0 17 12  6       17 11  7      434233837260713049    35.0   35.0
 11  266.461811 8.549E-29 1.815E-10.08870.412  382.51690.710.000000          0 0 0          0 0 0  6  3  4        4  3  2     q7422308079917122 0    39.0   27.0
 11  266.497953 2.273E-29 9.904E-02.07970.333 4622.90610.700.007960          1 0 0          1 0 0  8  5  3        8  2  6      434233837294713152    17.0   17.0
 11  266.507895 8.637E-31 4.111E+00.02290.208 6198.62420.280.000000          0 1 0          0 1 0 16 10  6       16  9  7      4333308387659336 0    33.0   33.0
 11  266.554734 2.586E-30 4.103E+00.02280.208 6198.57190.17-.002250          0 1 0          0 1 0 16 10  7       16  9  8      334233837294713152    99.0   99.0
 11  266.595694 1.421E-29 1.211E+00.03000.315 5483.32320.38-.006200          0 2 0          0 2 0  9  9  0        9  8  1      434233837294713152    57.0   57.0
 11  266.595714 4.737E-30 1.211E+00.03000.315 5483.32310.38-.006210          0 2 0          0 2 0  9  9  1        9  8  2      434233837294713152    19.0   19.0
 11  266.843475 3.168E-21 9.199E+00.01600.213 1806.6715-.040.000370          0 0 0          0 0 0 14  0 14       13  1 13      564426837260783049    29.0   27.0
 11  266.845621 9.503E-21 9.198E+00.01600.213 1806.6700-.040.000370          0 0 0          0 0 0 14  1 14       13  0 13      564426837260783049    87.0   81.0
 11  266.859498 3.936E-29 3.766E+00.05880.281 5563.39970.54-.014300          0 0 1          0 0 1 12  3  9       11  4  8      434233837294713152    75.0   69.0
 11  266.897749 2.018E-29 4.891E-04.09120.412 3597.86600.72-.003900          1 0 0          0 2 0  3  2  1        4  3  2      534243837294713152    21.0   27.0
 11  267.059359 5.664E-29 1.213E-01.08590.333 4725.06220.720.001080          1 0 0          0 0 1  9  4  5        8  2  6      534233837294713152    57.0   51.0
 11  267.128105 6.354E-29 1.001E-03.08590.371 3601.85890.700.003960          0 2 0          0 2 0  5  4  1        6  1  6      534233837294713152    33.0   39.0
 11  267.159902 3.804E-30 2.277E-03.04350.298 4483.22780.38-.015510          1 0 0          0 2 0 10  1 10       10  2  9      534243837294713152    63.0   63.0
 11  267.171207 1.394E-29 1.751E-03.04330.208 4016.13450.46-.012380          0 0 0          0 0 0 15 10  6       16  7  9      434233837260713049    31.0   33.0
 11  267.315142 3.834E-29 2.607E+00.02170.235 5523.11740.120.001580          0 2 0          0 2 0 14  3 12       14  2 13      534233837294713152    87.0   87.0
 11  267.408736 8.727E-29 3.321E-10.08870.412  275.49700.710.000000          0 0 0          0 0 0  6  1  5        4  1  3     q7422308079917122 0    13.0    9.0
 11  267.426199 1.129E-27 1.147E+00.07720.371 4296.56340.650.002800          1 0 0          0 0 1  7  4  4        6  2  5      534223837294713152    15.0   13.0
 11  267.524519 1.951E-28 3.349E-03.05150.265 3770.87890.520.005620          0 1 0          0 1 0 11  7  4       12  4  9      534233837294713152    69.0   75.0
 11  267.559479 8.635E-21 7.718E+00.02400.225 1774.75110.070.000720          0 0 0          0 0 0 13  1 12       12  2 11      564426837240783049    81.0   75.0
 11  267.669407 3.248E-24 7.333E+00.02100.220 3386.37950.070.000720          0 1 0          0 1 0 13  1 12       12  2 11      564223837294783152    81.0   75.0
 11  267.757825 2.884E-21 7.737E+00.02090.225 1774.61630.070.000850          0 0 0          0 0 0 13  2 12       12  1 11      564426837260783049    27.0   25.0
 11  267.887199 4.793E-22 5.024E+00.08160.361 2130.49430.70-.001300          0 1 0          0 1 0  6  4  3        5  3  2      764223837294783152    39.0   33.0
 11  267.967172 4.714E-27 7.034E+00.06170.391 4345.55910.56-.003840          0 0 1          0 0 1  6  5  2        5  4  1      534223837294713152    13.0   11.0
 11  267.976661 2.719E-30 2.088E+00.03050.298 5728.66110.34-.004000          0 2 0          0 2 0 10  9  1       10  8  2      434233837294713152    21.0   21.0
 11  267.976795 8.159E-30 2.089E+00.03050.298 5728.66100.34-.004000          0 2 0          0 2 0 10  9  2       10  8  3      434233837294713152    63.0   63.0
 11  268.038869 7.303E-31 1.230E+00.02380.204 5970.20350.400.000000          1 0 0          1 0 0 15  2 14       15  1 15      4333308387659336 0    31.0   31.0
 11  268.041782 3.159E-30 4.450E+00.07520.391 5754.74270.640.001430          1 1 0          1 1 0  6  4  2        5  3  3      434233837294713152    13.0   11.0
 11  268.107487 5.152E-28 1.137E+00.02170.281 4769.23260.29-.005150          0 1 0          0 1 0 11 11  0       11 10  1      434223837294713152    69.0   69.0
 11  268.107488 1.717E-28 1.136E+00.02170.281 4769.23260.29-.005150          0 1 0          0 1 0 11 11  1       11 10  2      434233837294713152    23.0   23.0
 11  268.107512 3.584E-31 1.013E+00.01150.278 5996.63780.480.000000          1 0 0          0 2 0 10 10  0       10  9  1      4333308387659336 0    21.0   21.0
 11  268.107513 1.073E-30 1.011E+00.02730.298 5996.63780.38-.027770          1 0 0          0 2 0 10 10  1       10  9  2      434233837294713152    63.0   63.0
 11  268.162704 1.088E-24 7.378E+00.02090.265 3386.05230.070.000850          0 1 0          0 1 0 13  2 12       12  1 11      564223837294713152    27.0   25.0
 11  268.301241 1.418E-26 7.057E+00.06030.310 4345.27190.54-.002980          0 0 1          0 0 1  6  5  1        5  4  2      564223837294783152    39.0   33.0
 11  268.328282 8.390E-30 4.082E+00.01740.183 5750.85310.08-.001610          0 0 0          0 0 0 18 12  6       18 11  7      334233837260713049    37.0   37.0
 11  268.332400 2.517E-29 4.082E+00.01740.183 5750.84880.08-.001590          0 0 0          0 0 0 18 12  7       18 11  8      334233837260713049   111.0  111.0
 11  268.376073 4.364E-29 6.966E-03.08750.391 4076.89590.710.004580          0 0 1          0 0 1  5  4  2        5  1  5      534233837294713152    33.0   33.0
 11  268.468070 1.406E-27 6.941E+00.02100.265 4967.49080.070.000720          0 2 0          0 2 0 13  1 12       12  2 11      534223837294713152    81.0   75.0
 11  268.499553 7.227E-26 6.986E-04.05790.271 1985.78490.60-.004100          0 0 0          0 0 0 10  8  2       11  5  7      564426837260783049    21.0   23.0
 11  268.617083 2.188E-29 7.855E-11.08870.412  488.10770.710.000000          0 0 0          0 0 0  6  4  3        4  4  1     q7422308079917122 0    39.0   27.0
 11  268.933710 4.906E-27 4.804E+00.06030.391 4257.78670.54-.002980          1 0 0          1 0 0  6  5  1        5  4  2      534223807294713152    13.0   11.0
 11  269.195376 3.144E-30 2.729E+00.03160.281 5997.17620.34-.003370          0 2 0          0 2 0 11  9  2       11  8  3      434233837294713152    69.0   69.0
 11  269.195851 1.048E-30 2.729E+00.03160.281 5997.17560.34-.003370          0 2 0          0 2 0 11  9  3       11  8  4      434233837294713152    23.0   23.0
 11  269.258291 1.344E-27 2.534E+00.01790.221 4796.97050.15-.003010          0 0 0          0 0 0 15 13  2       15 12  3      434426837260713049    93.0   93.0
 11  269.258292 4.480E-28 2.534E+00.01790.221 4796.97050.15-.003020          0 0 0          0 0 0 15 13  3       15 12  4      434423837260713049    31.0   31.0
 11  269.380422 2.750E-28 1.027E+00.01480.235 4697.66110.17-.003800          0 0 0          0 0 0 14 14  0       14 13  1      434423837260713049    29.0   29.0
 11  269.380422 8.251E-28 1.027E+00.01480.235 4697.66110.17-.003790          0 0 0          0 0 0 14 14  1       14 13  2      434426837260713049    87.0   87.0
 11  269.412889 8.847E-29 1.099E-02.02420.208 4237.32090.230.002020          0 1 0          0 1 0 15  2 13       16  1 16      434233837294713152    93.0   99.0
 11  269.516231 3.676E-31 9.640E-01.07590.383 5910.31950.660.000000          0 1 1          1 1 0  7  3  4        6  3  3      4333308387659336 0    15.0   13.0
 11  269.646012 7.451E-30 8.072E-11.08870.412  488.13420.710.000000          0 0 0          0 0 0  6  4  2        4  4  0     q7422308079917122 0    13.0    9.0
 11  269.673753 1.765E-27 1.726E-01.09060.412 3974.63100.720.005880          0 0 1          0 0 1  5  3  3        4  0  4      534223837294713152    33.0   27.0
 11  269.769830 7.397E-29 4.764E-02.08180.352 4426.06640.700.004550          1 0 0          1 0 0  7  5  2        7  2  5      534233837294713152    45.0   45.0
 11  269.798353 4.743E-28 7.048E+00.02090.265 4966.63370.070.000850          0 2 0          0 2 0 13  2 12       12  1 11      534223837294713152    27.0   25.0
 11  269.799077 3.846E-28 1.663E+00.02780.265 4696.83460.200.001580          0 2 0          0 2 0 12  1 11       12  0 12      534223837294713152    25.0   25.0
 11  269.913512 4.934E-30 8.380E+00.05460.412 5756.66680.52-.002320          1 1 0          1 1 0  5  5  1        4  4  0      434233837294713152    11.0    9.0
 11  269.923475 1.480E-29 8.379E+00.05420.412 5756.65850.51-.001980          1 1 0          1 1 0  5  5  0        4  4  1      434233837294713152    33.0   27.0
 11  269.938009 3.202E-30 4.358E+00.01610.172 6197.46730.04-.001460          0 0 0          0 0 0 19 12  7       19 11  8      334233837260713049   117.0  117.0
 11  269.949408 1.067E-30 4.356E+00.01610.172 6197.45530.04-.001440          0 0 0          0 0 0 19 12  8       19 11  9      334233837260713049    39.0   39.0
 11  269.969735 7.631E-31 1.373E-03.05030.308 4480.39240.550.000000          1 0 0          0 2 0 10  0 10       10  1  9      4333308387659336 0    21.0   21.0
 11  270.026176 7.677E-30 7.842E-02.07980.315 4816.99090.710.005920          0 0 1          0 0 1  9  4  5        9  1  8      534233837294713152    19.0   19.0
 11  270.029519 4.408E-29 1.660E-01.07780.315 4837.69960.700.011410          1 0 0          1 0 0  9  5  4        9  2  7      434233837294713152    57.0   57.0
 11  270.053415 5.471E-31 3.837E-02.06220.285 5213.26970.600.000000          0 2 0          1 0 0  9  8  2        8  7  1      4333308387659336 0    19.0   17.0
 11  270.053813 1.637E-30 3.827E-02.03120.333 5213.26930.32-.020340          0 2 0          1 0 0  9  8  1        8  7  2      434233837294713152    57.0   51.0
 11  270.146007 1.294E-25 6.124E+00.07890.334 3598.72690.67-.001830          0 2 0          0 2 0  5  4  2        4  3  1      564223837294783152    11.0    9.0
 11  270.193746 1.007E-26 4.082E+00.06460.339 4399.54210.580.010640          0 2 0          0 2 0 10  3  8        9  2  7      464223837294783152    63.0   57.0
 11  270.202215 2.956E-29 1.107E-02.02460.208 4237.32040.240.002390          0 1 0          0 1 0 15  3 13       16  0 16      434233837294713152    31.0   33.0
 11  270.478584 1.925E-26 6.291E+00.06170.347 4256.24130.56-.003840          1 0 0          1 0 0  6  5  2        5  4  1      564223837294783152    39.0   33.0
 11  270.624952 1.158E-27 1.677E+00.02790.265 4696.86580.200.001660          0 2 0          0 2 0 12  2 11       12  1 12      534223837294713152    75.0   75.0
 11  270.670966 5.813E-30 6.366E-03.08210.371 4308.21130.73-.007930          0 2 0          1 0 0  7  6  2        6  3  3      534233837294713152    15.0   13.0
 11  270.696111 1.454E-29 4.350E-03.09100.391 3977.45640.720.000940          0 0 1          1 0 0  5  3  2        5  1  5      534233837294713152    11.0   11.0
 11  270.714508 8.919E-29 2.631E+00.05280.281 5316.80420.490.018820          0 2 0          1 0 0 12  5  8       11  2  9      534233837294713152    75.0   69.0
 11  270.718766 7.884E-29 2.043E+00.02250.265 5064.14140.25-.003890          0 1 0          0 1 0 12 11  1       12 10  2      434233837294713152    25.0   25.0
 11  270.718778 2.365E-28 2.043E+00.02250.265 5064.14140.25-.003890          0 1 0          0 1 0 12 11  2       12 10  3      434233837294713152    75.0   75.0
 11  270.738331 4.336E-31 5.253E-03.04320.219 4938.25370.440.000000          0 1 0          0 1 0 14  8  6       15  5 11      4333308387659336 0    29.0   31.0
 11  271.037934 1.281E-29 2.219E-01.07540.298 5171.05990.700.014120          0 0 1          0 0 1 10  5  5       10  2  8      534233837294713152    63.0   63.0
 11  271.087436 3.688E-27 1.980E-04.08380.352 2462.87530.74-.001060          0 1 0          0 1 0  6  6  1        7  3  4      534223807294713152    39.0   45.0
 11  271.120933 3.907E-25 6.172E+00.07480.318 3597.86600.63-.000900          0 2 0          0 2 0  5  4  1        4  3  2      564223837294783152    33.0   27.0
 11  271.249242 2.035E-30 1.238E-03.07140.352 4186.56940.61-.018120          1 0 0          0 2 0  7  3  5        7  4  4      534253837294713152    15.0   15.0
 11  271.269341 4.118E-29 9.032E-02.07700.333 4725.06220.680.008190          0 2 0          0 0 1  9  6  3        8  2  6      534233837294713152    57.0   51.0
 11  271.345813 1.105E-30 2.335E+00.06330.265 5984.67510.57-.010980          0 0 1          0 0 1 13  4  9       12  5  8      434233837294713152    27.0   25.0
 11  271.401834 4.733E-27 3.615E+00.08300.352 4484.99220.71-.001640          1 0 0          1 0 0  8  4  5        7  3  4      534223837294713152    51.0   45.0
 11  271.520911 2.086E-30 6.524E-02.09310.412 4891.74280.730.005710          0 3 0          0 3 0  4  3  1        4  0  4      434233837294713152     9.0    9.0
 11  271.842524 9.238E-21 6.070E+00.04070.275 1690.66440.360.006940          0 0 0          0 0 0 12  3 10       11  2  9      664426837260783049    75.0   69.0
 11  271.898773 1.298E-29 2.565E-03.06860.250 4285.64750.67-.008680          0 1 0          0 1 0 12  8  5       13  5  8      534233837294713152    75.0   81.0
 11  272.068030 1.629E-27 4.156E-01.09100.391 3977.45640.720.002330          1 0 0          1 0 0  6  2  4        5  1  5      534223837294713152    13.0   11.0
 11  272.105668 1.600E-24 1.110E-04.07340.293 1122.70850.70-.001390          0 0 0          0 0 0  7  7  0        8  4  5      764426807260783049    45.0   51.0
 11  272.297613 8.870E-29 3.139E+00.01780.208 5183.59100.13-.002470          0 0 0          0 0 0 16 13  3       16 12  4      434233837260713049    33.0   33.0
 11  272.297622 2.661E-28 3.139E+00.01780.208 5183.59100.13-.002480          0 0 0          0 0 0 16 13  4       16 12  5      434433837260713049    99.0   99.0
 11  272.450529 4.069E-31 4.447E-01.04300.248 5862.46660.480.000000          0 2 0          1 0 0 14  4 10       13  3 11      4333308387659336 0    29.0   27.0
 11  272.655529 5.157E-30 1.878E-02.06800.352 4578.88230.64-.006600          0 0 1          0 2 0  8  4  5        7  6  2      534233837294713152    17.0   15.0
 11  272.705590 1.443E-29 1.755E-02.06290.352 4353.23140.53-.017640          0 0 1          1 0 0  8  2  7        7  2  6      534233837294713152    17.0   15.0
 11  272.726758 5.029E-30 4.402E-03.08810.391 4195.97100.740.001260          0 0 1          0 0 1  5  5  0        5  2  3      534233837294713152    11.0   11.0
 11  272.757753 1.643E-22 5.205E+00.07520.368 2126.40770.640.001430          0 1 0          0 1 0  6  4  2        5  3  3      764223837294783152    13.0   11.0
 11  272.790883 5.336E-27 2.332E+00.05850.250 4252.44820.55-.014470          0 1 0          0 1 0 14  4 10       13  5  9      434223837294713152    29.0   27.0
 11  272.886896 2.276E-28 1.184E-03.07720.298 3253.73800.72-.003420          0 1 0          0 1 0  9  7  3       10  4  6      534233837294713152    19.0   21.0
 11  272.918987 4.445E-23 9.973E-02.09520.471 1731.89670.730.007240          0 1 0          0 1 0  4  3  2        3  0  3      564223837294783152    27.0   21.0
 11  272.967482 9.515E-23 1.302E+00.01570.193 2358.30140.600.002330          0 0 0          0 0 0 15  1 14       15  0 15      56440683726078 049    93.0   93.0
 11  272.981769 3.172E-23 1.303E+00.01570.193 2358.30170.600.002340          0 0 0          0 0 0 15  2 14       15  1 15      56440683726078 049    31.0   31.0
 11  272.987117 1.140E-30 1.822E-02.03340.235 5204.01870.330.000340          0 2 0          0 2 0 13  2 11       14  1 14      434233837294713152    81.0   87.0
 11  272.999829 1.204E-21 1.126E-01.07970.398  982.91170.700.007960          0 0 0          0 0 0  8  5  3        8  2  6      764426837260783049    17.0   17.0
 11  273.150613 6.882E-29 2.610E+00.04290.250 5381.55280.350.000000         -2 1-2          0 1 0 13 11  2       13 10  3      1333308287659336 0    81.0   81.0
 11  273.228272 2.442E-29 2.780E+00.02340.250 5381.55270.24-.003180          0 1 0          0 1 0 13 11  3       13 10  4      434233837294713152    27.0   27.0
 11  273.228604 4.643E-30 1.762E-01.02170.250 5381.55280.350.000000          0 1 0          0 1 0 13 11  2       13 10  3      4333308387659336 0    81.0   81.0
 11  273.303502 1.240E-29 3.077E-10.07340.352  709.60820.650.000000          0 0 0          0 0 0  8  2  6        7  2  6     q7422308079917122 0    17.0   15.0
 11  273.442290 2.669E-28 1.907E+00.01530.221 5066.22880.12-.003490          0 0 0          0 0 0 15 14  1       15 13  2      434423837260713049    93.0   93.0
 11  273.442290 8.897E-29 1.907E+00.01530.221 5066.22880.12-.003480          0 0 0          0 0 0 15 14  2       15 13  3      434233837260713049    31.0   31.0
 11  273.524504 1.271E-27 3.481E-03.07080.265 3386.37950.690.009940          0 1 0          0 1 0 11  5  6       12  2 11      534223837294713152    69.0   75.0
 11  273.664776 2.475E-30 2.515E-03.07590.333 4564.03480.69-.026830          1 0 0          0 2 0  9  2  7        8  5  4      434233837294713152    57.0   51.0
 11  273.741350 2.767E-27 1.138E-01.08900.371 3600.05240.720.004730          0 2 0          0 2 0  6  3  3        6  0  6      534223837294713152    13.0   13.0
 11  273.788460 2.083E-29 2.612E-10.07810.371  542.90580.670.000000          0 0 0          0 0 0  7  3  5        6  1  5     q7422308079917122 0    15.0   13.0
 11  273.803464 2.792E-27 3.887E-01.09100.391 4076.89590.720.002330          0 0 1          0 0 1  6  2  4        5  1  5      534223837294713152    39.0   33.0
 11  274.069302 1.020E-30 1.320E-03.04890.333 4387.35720.40-.018690          0 0 1          1 0 0  9  0  9        8  0  8      534233837294713152    19.0   17.0
 11  274.385685 4.703E-30 2.030E-03.04900.333 4387.06290.40-.018800          0 0 1          1 0 0  9  1  9        8  1  8      534233837294713152    57.0   51.0
 11  274.416223 1.284E-29 1.045E+00.01320.221 5339.67110.13-.003430          0 0 0          0 0 0 15 15  1       15 14  2      434233837260713049    31.0   31.0
 11  274.416223 3.853E-29 1.046E+00.01320.221 5339.67110.13-.003420          0 0 0          0 0 0 15 15  0       15 14  1      434233837260713049    93.0   93.0
 11  274.736457 9.768E-28 3.029E+00.08120.333 4792.34030.70-.001370          0 0 1          0 0 1  9  4  6        8  3  5      534223837294713152    57.0   51.0
 11  274.750456 3.524E-30 1.778E-04.09980.434 3791.37210.750.005390          0 0 1          1 0 0  4  2  2        3  0  3      534233837294713152    27.0   21.0
 11  274.820228 2.868E-29 2.988E+00.05030.265 5587.51870.51-.039320          1 0 0          0 2 0 13  2 11       12  5  8      434233837294713152    81.0   75.0
 11  275.121558 4.469E-29 3.661E+00.01730.195 5591.11990.10-.002040          0 0 0          0 0 0 17 13  4       17 12  5      334233837260713049   105.0  105.0
 11  275.121596 1.490E-29 3.662E+00.01730.195 5591.11990.10-.002060          0 0 0          0 0 0 17 13  5       17 12  6      334233837260713049    35.0   35.0
 11  275.240924 6.782E-27 7.284E-04.07230.333 2630.19260.670.001770          0 1 0          0 1 0  7  6  1        8  3  6      634223837294713152    45.0   51.0
 11  275.270150 1.082E-27 2.018E-01.09060.412 3875.01710.720.005880          1 0 0          1 0 0  5  3  3        4  0  4      534223837294713152    11.0    9.0
 11  275.277815 7.208E-26 2.967E+00.08820.411 3598.51590.720.003910          0 2 0          0 2 0  6  3  3        5  2  4      564223837294783152    13.0   11.0
 11  275.375873 2.358E-21 1.932E-01.08000.360 1201.92150.700.011410          0 0 0          0 0 0  9  5  4        9  2  7      764426807240783049    57.0   57.0
 11  275.572254 3.278E-30 4.635E+00.08320.371 6002.29070.71-.001720          0 1 1          0 1 1  7  4  4        6  3  3      434233837294713152    45.0   39.0
 11  275.591829 6.055E-30 3.387E+00.02330.235 5721.09840.22-.002650          0 1 0          0 1 0 14 11  3       14 10  4      434233837294713152    29.0   29.0
 11  275.591908 1.817E-29 3.388E+00.02330.235 5721.09820.22-.002670          0 1 0          0 1 0 14 11  4       14 10  5      434233837294713152    87.0   87.0
 11  275.764505 3.873E-24 1.840E+00.05670.335 3084.83570.52-.002520          0 0 0          0 0 0 15  5 10       14  6  9      564426837260783049    93.0   87.0
 11  275.888063 2.293E-30 9.244E-04.06590.352 4348.41470.54-.007480          0 0 1          1 0 0  8  1  7        7  1  6      534233837294713152    51.0   45.0
 11  275.915934 2.547E-27 4.217E+00.07690.371 4387.23480.660.004650          0 0 1          0 0 1  7  4  3        6  3  4      534223837294713152    15.0   13.0
 11  275.951337 3.041E-29 4.296E-11.09400.434  212.15640.730.000000          0 0 0          0 0 0  4  4  1        3  2  1     q7422308079917122 0    27.0   21.0
 11  276.025207 2.021E-24 2.322E+00.01190.170 3291.1486-.090.001260          0 0 0          0 0 0 17  2 15       17  1 16      564426837260783049   105.0  105.0
 11  276.102642 6.738E-25 2.323E+00.01200.170 3291.1521-.090.001270          0 0 0          0 0 0 17  3 15       17  2 16      464426837260783049    35.0   35.0
 11  276.148028 8.803E-20 4.510E-01.09100.448  326.62550.720.002330          0 0 0          0 0 0  6  2  4        5  1  5      764426837260783049    13.0   11.0
 11  276.154791 3.545E-29 7.644E-02.07980.315 4715.96680.710.005920          1 0 0          1 0 0  9  4  5        9  1  8      434233837294713152    57.0   57.0
 11  276.256990 9.805E-29 3.685E+00.01250.150 5471.8640-.030.001130          0 0 0          0 0 0 21  4 17       21  3 18      444233833260713049   129.0  129.0
 11  276.274499 8.211E-27 9.829E-04.05580.250 2756.41530.59-.010560          0 0 0          0 0 0 12  9  4       13  6  7      534426837260713049    75.0   81.0
 11  276.290183 5.857E-31 3.506E-05.07980.395 3598.72690.710.000000          1 0 0          0 2 0  4  0  4        4  3  1      5333308387659336 0     9.0    9.0
 11  276.522269 2.325E-22 9.029E+00.05460.258 2129.61860.52-.002320          0 1 0          0 1 0  5  5  1        4  4  0      764223837294783152    11.0    9.0
 11  276.534020 2.132E-29 1.754E-03.08240.352 3739.51880.690.004280          0 2 0          0 2 0  6  4  2        7  1  7      534233837294713152    13.0   15.0
 11  276.543888 6.977E-22 9.031E+00.05420.258 2129.59920.51-.001980          0 1 0          0 1 0  5  5  0        4  4  1      764223837294783152    33.0   27.0
 11  276.733665 3.184E-28 7.950E+00.07300.434 5065.45360.64-.001410          0 3 0          0 3 0  4  4  1        3  3  0      434223837294713152    27.0   21.0
 11  276.803174 9.337E-30 2.977E-10.06860.333 1006.11590.620.000000          0 0 0          0 0 0  9  3  6        8  3  6     q7422308079917122 0    57.0   51.0
 11  276.833604 1.062E-28 7.955E+00.07170.434 5065.36190.62-.000800          0 3 0          0 3 0  4  4  0        3  3  1      434233837294713152     9.0    7.0
 11  276.921929 2.373E-29 3.709E+00.08550.371 5321.65590.700.001340          0 3 0          0 3 0  7  3  5        6  2  4      434233837294713152    15.0   13.0
 11  277.156902 1.899E-26 3.089E+00.01140.164 4331.0667-.080.000560          0 0 0          0 0 0 19  3 16       19  2 17      464426837260783049   117.0  117.0
 11  277.196011 1.804E-29 1.777E-02.08490.371 4249.52440.720.002370          1 0 0          1 0 0  6  5  1        6  2  4      534233837294713152    13.0   13.0
 11  277.234473 4.426E-29 1.867E-03.03630.208 4006.07320.39-.004530          0 0 0          0 0 0 15 10  5       16  7 10      434233837260713049    93.0   99.0
 11  277.264566 1.952E-29 2.668E+00.01580.208 5455.88860.11-.002940          0 0 0          0 0 0 16 14  2       16 13  3      434233837260713049    33.0   33.0
 11  277.264567 5.855E-29 2.668E+00.01580.208 5455.88860.11-.002930          0 0 0          0 0 0 16 14  3       16 13  4      434233837260713049    99.0   99.0
 11  277.276242 3.281E-29 3.722E+00.01200.150 5471.9660-.040.003140          0 0 0          0 0 0 21  5 17       21  4 18      444233833260713049    43.0   43.0
 11  277.394844 7.260E-30 7.651E-04.07380.371 4015.51510.63-.014090          1 0 0          0 2 0  6  3  4        6  4  3      534223837294713152    39.0   39.0
 11  277.425620 3.861E-21 5.275E-02.08180.390  782.40980.700.004550          0 0 0          0 0 0  7  5  2        7  2  5      764426807260783049    45.0   45.0
 11  277.467022 6.338E-27 3.098E+00.01200.172 4331.0892-.050.001290          0 0 0          0 0 0 19  4 16       19  3 17      434426837260713049    39.0   39.0
 11  277.477341 3.920E-30 6.076E-03.06100.221 4507.52260.640.015840          0 1 0          0 1 0 14  6  8       15  3 13      434233837294713152    29.0   31.0
 11  277.568272 3.267E-24 5.946E+00.04070.281 3314.85570.360.006940          0 1 0          0 1 0 12  3 10       11  2  9      564223807294783152    75.0   69.0
 11  277.633172 3.570E-29 1.195E+00.01890.265 5334.86020.25-.004660          0 1 0          0 1 0 12 12  1       12 11  2      434233837294713152    75.0   75.0
 11  277.633178 1.190E-29 1.195E+00.01890.265 5334.86020.25-.004660          0 1 0          0 1 0 12 12  0       12 11  1      434233837294713152    25.0   25.0
 11  277.706402 3.649E-29 2.490E-10.08870.412  383.84250.710.000000          0 0 0          0 0 0  6  3  3        4  3  1     q7422308079917122 0    13.0    9.0
 11  277.714072 2.176E-30 4.110E+00.01640.183 6019.18130.07-.001700          0 0 0          0 0 0 18 13  5       18 12  6      334233837260713049    37.0   37.0
 11  277.714213 6.527E-30 4.110E+00.01640.183 6019.18120.07-.001710          0 0 0          0 0 0 18 13  6       18 12  7      334233837260713049   111.0  111.0
 11  277.784557 3.807E-30 3.892E+00.02250.221 6082.41260.19-.002280          0 1 0          0 1 0 15 11  4       15 10  5      434233837294713152    93.0   93.0
 11  277.785131 1.269E-30 3.892E+00.02240.221 6082.41180.19-.002290          0 1 0          0 1 0 15 11  5       15 10  6      434233837294713152    31.0   31.0
 11  277.839128 1.538E-30 1.051E+00.01190.208 6012.34470.10-.003100          0 0 0          0 0 0 16 16  1       16 15  2      334233837260713049    99.0   99.0
 11  277.839128 5.137E-31 1.053E+00.00690.208 6012.3447-.040.000000          0 0 0          0 0 0 16 16  0       16 15  1      3333308387659336 0    33.0   33.0
 11  277.872784 1.285E-27 4.891E+00.05160.298 4644.21720.470.009470          0 2 0          0 2 0 11  3  9       10  2  8      534223837294713152    23.0   21.0
 11  277.931059 7.967E-31 2.068E+00.04480.259 5986.53580.490.000000          0 3 0          0 3 0 11  2 10       11  1 11      4333308387659336 0    23.0   23.0
 11  278.161991 4.646E-29 6.608E+00.01660.250 5662.4753-.020.000610          1 0 0          1 0 0 14  2 13       13  1 12      434233837294713152    87.0   81.0
 11  278.257573 1.125E-18 7.720E+00.06170.333  610.34120.56-.003840          0 0 0          0 0 0  6  5  2        5  4  1      764426807260783049    39.0   33.0
 11  278.424963 1.299E-29 1.116E-02.09120.371 4249.52440.73-.010170          0 0 1          1 0 0  7  2  5        6  2  4      534233837294713152    15.0   13.0
 11  278.471899 9.275E-28 1.061E+00.09090.371 4308.21130.74-.008280          0 0 1          1 0 0  7  3  4        6  3  3      534223837294713152    15.0   13.0
 11  278.518220 3.757E-19 7.736E+00.06030.311  610.11440.54-.002980          0 0 0          0 0 0  6  5  1        5  4  2      764426837260783049    13.0   11.0
 11  278.549520 1.915E-27 2.390E-02.10050.456 3221.96120.750.009000          0 2 0          0 2 0  3  3  1        2  0  2      534223837294713152     7.0    5.0
 11  278.567930 2.338E-27 2.305E+00.08170.391 4248.15250.71-.011080          1 0 0          0 0 1  6  5  1        5  3  2      534223807294713152    13.0   11.0
 11  279.080724 8.917E-29 3.734E-01.04890.281 4905.65360.47-.006920          1 0 0          0 2 0 12  1 12       11  2  9      434233837294713152    75.0   69.0
 11  279.191470 1.106E-29 1.960E+00.01370.208 5733.15320.08-.003320          0 0 0          0 0 0 16 15  2       16 14  3      334233837260713049    99.0   99.0
 11  279.191470 3.687E-30 1.960E+00.01370.208 5733.15320.08-.003310          0 0 0          0 0 0 16 15  1       16 14  2      334233837260713049    33.0   33.0
 11  279.323177 6.956E-29 1.069E+01.01280.235 5690.8796-.130.000270          1 0 0          1 0 0 15  0 15       14  1 14      434233837294713152    93.0   87.0
 11  279.326032 2.319E-29 1.069E+01.01280.235 5690.8775-.130.000270          1 0 0          1 0 0 15  1 15       14  0 14      434233837294713152    31.0   29.0
 11  279.536390 9.255E-27 3.294E+00.07690.371 4292.90990.660.004650          1 0 0          1 0 0  7  4  3        6  3  4      534223837294713152    45.0   39.0
 11  279.977323 6.814E-28 9.861E+00.01280.235 5204.0187-.130.000270          0 2 0          0 2 0 15  0 15       14  1 14      434223837294713152    93.0   87.0
 11  279.991556 2.271E-28 9.859E+00.01280.235 5204.0087-.130.000270          0 2 0          0 2 0 15  1 15       14  0 14      434233837294713152    31.0   29.0
 11  280.134293 2.133E-29 9.107E+00.01660.250 5660.4040-.020.000570          1 0 0          1 0 0 14  1 13       13  2 12      434233837294713152    29.0   27.0
 11  280.161668 4.121E-29 1.066E+01.01280.235 5796.9426-.130.000270          0 0 1          0 0 1 15  1 15       14  0 14      434233837294713152    93.0   87.0
 11  280.163948 1.021E-30 1.739E-03.05690.315 4436.94050.51-.022760          1 0 0          0 2 0  9  2  8        9  3  7      534243837294713152    19.0   19.0
 11  280.206869 1.748E-30 1.172E-02.05800.352 4695.83640.53-.014210          0 0 1          1 0 0  8  5  4        7  5  3      434233837294713152    17.0   15.0
 11  280.219612 1.398E-29 1.085E+01.01280.235 5796.8863-.130.000270          0 0 1          0 0 1 15  0 15       14  1 14      434233837294713152    31.0   29.0
 11  280.257495 1.519E-29 3.430E+00.01370.183 5579.3576-.020.000260          0 1 0          0 1 0 18  3 15       18  2 16      434233837294713152    37.0   37.0
 11  280.330331 9.429E-30 2.976E-03.08750.391 3977.45640.710.004580          1 0 0          1 0 0  5  4  2        5  1  5      534233837294713152    11.0   11.0
 11  280.343387 1.191E-30 2.529E+00.05000.235 6229.89420.48-.015160          0 2 0          0 2 0 15  4 11       14  5 10      434233837294713152    93.0   87.0
 11  280.351945 2.607E-19 4.274E+00.08300.408  842.35660.71-.001640          0 0 0          0 0 0  8  4  5        7  3  4      764426807260783049    51.0   45.0
 11  280.364773 2.126E-29 4.691E-02.06760.315 4715.96680.630.005710          0 2 0          1 0 0  9  6  3        9  1  8      434233837294713152    57.0   57.0
 11  280.382569 1.434E-29 7.405E+00.03050.265 5684.53020.24-.003060          0 0 1          0 0 1 13  2 11       12  3 10      434233837294713152    27.0   25.0
 11  280.817992 4.849E-30 2.172E+00.01960.250 5654.78100.21-.003790          0 1 0          0 1 0 13 12  2       13 11  3      434233837294713152    27.0   27.0
 11  280.839809 1.034E-29 3.329E+00.01570.195 5866.24150.09-.002420          0 0 0          0 0 0 17 14  3       17 13  4      334233837260713049   105.0  105.0
 11  280.839817 3.447E-30 3.329E+00.01570.195 5866.24140.09-.002410          0 0 0          0 0 0 17 14  4       17 13  5      334233837260713049    35.0   35.0
 11  280.895609 1.365E-29 2.038E+00.04290.248 5654.70340.270.000000          0 1 0         -2 1-2 13 12  1       13 11  2      1333308387659336 0    81.0   81.0
 11  280.957106 1.331E-29 9.454E+00.01660.250 5764.1853-.020.000610          0 0 1          0 0 1 14  2 13       13  1 12      434233837294713152    29.0   27.0
 11  280.967499 3.984E-29 9.434E+00.01660.250 5764.2043-.020.000570          0 0 1          0 0 1 14  1 13       13  2 12      434233837294713152    87.0   81.0
 11  281.000499 2.754E-30 2.315E-03.07760.315 4493.80440.690.000880          0 2 0          0 2 0  8  6  3        9  3  6      534233837294713152    51.0   57.0
 11  281.155759 3.122E-21 1.454E-01.07980.370 1079.07960.710.005920          0 0 0          0 0 0  9  4  5        9  1  8      664426837260783049    57.0   57.0
 11  281.336022 1.395E-24 2.078E-01.08110.409 2490.35410.710.006360          0 1 0          0 1 0  8  4  4        8  1  7      664223837294783152    17.0   17.0
 11  281.357279 2.261E-29 7.100E+00.03190.265 5581.10940.260.004630          1 0 0          1 0 0 13  3 11       12  2 10      434233837294713152    27.0   25.0
 11  281.414326 2.358E-30 4.416E-04.07590.391 3868.87300.64-.008910          1 0 0          0 2 0  5  3  3        5  4  2      534263837294713152    11.0   11.0
 11  281.610306 3.417E-28 3.570E-02.09110.412 3974.63100.720.004850          1 0 0          0 0 1  5  4  1        4  0  4      534223807294713152    33.0   27.0
 11  281.747510 4.581E-29 3.479E+00.01410.183 5579.49120.600.001940          0 1 0          0 1 0 18  4 15       18  3 16      43420383729471 052   111.0  111.0
 11  281.832752 1.092E-29 4.645E-11.09400.434  206.30140.730.000000          0 0 0          0 0 0  4  4  0        3  2  2     q7422308079917122 0     9.0    7.0
 11  281.915342 5.619E-20 2.112E-01.09060.445  222.05280.720.005880          0 0 0          0 0 0  5  3  3        4  0  4      764426807260783049    11.0    9.0
 11  281.932006 2.667E-25 4.224E+00.04760.301 3770.87890.44-.012390          0 1 0          0 1 0 13  3 10       12  4  9      564223837294783152    81.0   75.0
 11  281.932024 6.722E-28 3.943E+00.08120.333 4689.32860.70-.001370          1 0 0          1 0 0  9  4  6        8  3  5      434223837294713152    19.0   17.0
 11  282.086531 1.338E-24 1.054E+01.01280.198 3655.4851-.130.000270          0 1 0          0 1 0 15  0 15       14  1 14      464223837294783152    93.0   87.0
 11  282.090085 4.461E-25 1.055E+01.01280.198 3655.4828-.130.000270          0 1 0          0 1 0 15  1 15       14  0 14      464223837294783152    31.0   29.0
 11  282.142292 4.375E-29 7.559E+00.03190.265 5683.33260.260.004630          0 0 1          0 0 1 13  3 11       12  2 10      434233837294713152    81.0   75.0
 11  282.232376 5.448E-24 6.838E-02.08710.387 2180.64290.720.004040          0 1 0          0 1 0  7  3  4        7  0  7      764223837294783152    45.0   45.0
 11  282.258410 6.178E-19 4.531E+00.07690.436  648.97870.660.004650          0 0 0          0 0 0  7  4  3        6  3  4      764426807260783049    45.0   39.0
 11  282.318865 1.208E-29 1.333E-02.07920.371 4296.56340.690.001260          0 2 0          0 0 1  7  6  2        6  2  5      534233837294713152    15.0   13.0
 11  282.320342 6.800E-30 2.291E-01.07540.298 5069.08830.700.014120          1 0 0          1 0 0 10  5  5       10  2  8      434233837294713152    21.0   21.0
 11  282.415137 2.422E-27 7.978E-01.07510.391 4244.30470.65-.013370          1 0 0          0 0 1  6  5  2        5  3  3      534223837294713152    39.0   33.0
 11  282.446262 1.355E-28 3.638E+00.07540.315 5022.28130.660.000480          0 0 1          0 0 1 10  4  7        9  3  6      534233837294713152    21.0   19.0
 11  282.817111 1.855E-28 7.870E-03.01460.161 4048.24960.090.004370          0 0 0          0 0 0 19  2 17       20  1 20      434233837260713049   117.0  123.0
 11  282.839607 6.184E-29 7.872E-03.01460.161 4048.24950.090.004360          0 0 0          0 0 0 19  3 17       20  0 20      434233837260713049    39.0   41.0
 11  282.849577 3.895E-29 4.078E+00.03050.265 5579.48930.24-.003060          1 0 0          1 0 0 13  2 11       12  3 10      434233837294713152    81.0   75.0
 11  282.966820 6.970E-29 2.041E+00.05410.221 5132.52170.50-.010550          0 1 0          0 1 0 16  5 11       15  6 10      434233837294713152    33.0   31.0
 11  283.041452 1.339E-30 3.784E+00.08320.371 5910.31950.71-.001720          1 1 0          1 1 0  7  4  4        6  3  3      434233837294713152    15.0   13.0
 11  283.102870 1.471E-27 2.720E+00.01420.208 4564.0861-.030.000980          0 1 0          0 1 0 16  2 14       16  1 15      434223837294713152    33.0   33.0
 11  283.123656 3.676E-28 5.914E+00.03050.265 5193.88220.24-.003060          0 2 0          0 2 0 13  2 11       12  3 10      434223837294713152    81.0   75.0
 11  283.248380 2.081E-28 4.460E-01.06860.352 4457.81870.58-.019300          0 0 1          1 0 0  8  3  6        7  3  5      534233837294713152    17.0   15.0
 11  283.325212 1.475E-28 2.289E-03.05650.281 3487.39920.560.002180          0 1 0          0 1 0 10  7  3       11  4  8      534233837294713152    21.0   23.0
 11  283.488966 1.209E-21 7.621E-03.08750.373  326.62550.710.004580          0 0 0          0 0 0  5  4  2        5  1  5      764426807260783049    11.0   11.0
 11  283.512465 4.421E-27 2.731E+00.01450.208 4564.1096-.020.001070          0 1 0          0 1 0 16  3 14       16  2 15      434223837294713152    99.0   99.0
 11  283.871873 1.336E-30 2.985E+00.02040.235 5996.69020.20-.003100          0 1 0          0 1 0 14 12  2       14 11  3      434233837294713152    29.0   29.0
 11  283.871996 4.007E-30 2.984E+00.02030.235 5996.69010.20-.003090          0 1 0          0 1 0 14 12  3       14 11  4      434233837294713152    87.0   87.0
 11  283.973673 3.451E-29 4.433E-11.08870.412  224.83840.710.000000          0 0 0          0 0 0  5  3  2        4  1  4     q7422308079917122 0    33.0   27.0
 11  284.076221 4.804E-30 2.054E-04.07920.412 3746.76270.68-.003370          1 0 0          0 2 0  4  3  2        4  4  1      534223837294713152    27.0   27.0
 11  284.161097 5.191E-31 3.917E+00.00950.182 6296.8954-.190.000000          0 0 0          0 0 0 18 14  4       18 13  5      3333308387659336 0    37.0   37.0
 11  284.161140 1.553E-30 3.907E+00.01530.183 6296.89540.06-.001980          0 0 0          0 0 0 18 14  5       18 13  6      334233837260713049   111.0  111.0
 11  284.262220 9.227E-31 5.429E-01.08610.425 5556.68450.670.000000          1 1 0          1 1 0  6  2  4        5  1  5      4333308387659336 0    13.0   11.0
 11  284.263679 6.343E-26 1.622E+00.01890.235 3655.48280.060.002150          0 1 0          0 1 0 14  1 13       14  0 14      564223837294713152    29.0   29.0
 11  284.346693 1.904E-25 1.623E+00.01890.199 3655.48510.060.002160          0 1 0          0 1 0 14  2 13       14  1 14      564223837294783152    87.0   87.0
 11  284.377918 3.019E-21 7.376E+00.03050.254 1962.50690.24-.003060          0 0 0          0 0 0 13  2 11       12  3 10      564426837260783049    81.0   75.0
 11  284.590838 2.865E-27 1.034E-03.04850.250 2748.09960.53-.005570          0 0 0          0 0 0 12  9  3       13  6  8      534426837260713049    25.0   27.0
 11  284.664660 1.013E-24 6.840E+00.03050.265 3592.42390.24-.003060          0 1 0          0 1 0 13  2 11       12  3 10      564223837294713152    81.0   75.0
 11  284.785729 3.080E-21 1.127E+01.01280.197 2073.5157-.130.000270          0 0 0          0 0 0 15  0 15       14  1 14      564426837260783049    93.0   87.0
 11  284.786713 1.027E-21 1.127E+01.01280.197 2073.5150-.130.000270          0 0 0          0 0 0 15  1 15       14  0 14      564426837260783049    31.0   29.0
 11  284.903989 3.355E-29 3.931E+00.08070.352 5505.21020.680.003600          0 3 0          0 3 0  8  3  6        7  2  5      434233837294713152    51.0   45.0
 11  284.951126 5.808E-30 3.698E-04.08270.391 3868.98700.70-.002080          1 0 0          0 2 0  5  3  2        5  4  1      534223807294713152    33.0   33.0
 11  285.077616 1.544E-30 1.991E-04.08120.412 3746.77600.69-.001820          1 0 0          0 2 0  4  3  1        4  4  0      534263837294713152     9.0    9.0
 11  285.099610 9.457E-26 3.113E-04.06840.311 1724.70540.69-.005730          0 0 0          0 0 0  9  8  2       10  5  5      564426837260783049    19.0   21.0
 11  285.099956 5.464E-31 1.783E+00.04370.195 6123.35730.340.000000          0 1 0          0 1 0 18  6 12       17  7 11      4333308387659336 0    37.0   35.0
 11  285.447573 9.137E-31 7.817E-03.07060.332 4783.64070.630.000000          1 0 0          0 2 0 10  2  8        9  5  5      4333308387659336 0    21.0   19.0
 11  285.509660 9.492E-22 9.609E+00.01660.208 2042.3741-.020.000570          0 0 0          0 0 0 14  1 13       13  2 12      564426837260783049    29.0   27.0
 11  285.531451 3.572E-25 9.139E+00.01660.203 3654.2150-.020.000570          0 1 0          0 1 0 14  1 13       13  2 12      564223837294783152    29.0   27.0
 11  285.601242 6.776E-27 1.582E+00.08680.371 4199.39090.710.003780          1 0 0          1 0 0  7  3  4        6  2  5      534223837294713152    45.0   39.0
 11  285.603428 2.850E-21 9.619E+00.01660.208 2042.3106-.020.000610          0 0 0          0 0 0 14  2 13       13  1 12      564426837260783049    87.0   81.0
 11  285.782975 1.074E-24 9.165E+00.01660.203 3654.0489-.020.000610          0 1 0          0 1 0 14  2 13       13  1 12      564223837294783152    87.0   81.0
 11  285.833942 4.471E-26 1.750E+00.05330.324 4006.07320.500.007080          0 0 0          0 0 0 17  6 11       16  7 10      464426837260783049   105.0   99.0
 11  285.855912 1.774E-29 2.534E+00.06920.250 5654.78140.74-.009590          1 0 0          0 1 0 14  2 13       13 11  2      434233837294713152    87.0   81.0
 11  285.859158 9.280E-22 1.919E-02.08490.407  602.77350.720.002370          0 0 0          0 0 0  6  5  1        6  2  4      764426807260783049    13.0   13.0
 11  285.933903 1.129E-30 1.613E-01.04290.248 5654.70340.270.000000          1 0 0         -2 1-2 14  2 13       13 11  2      1333308387659336 0    87.0   81.0
 11  285.983963 2.214E-29 4.271E-03.08810.391 4095.92000.740.001260          1 0 0          1 0 0  5  5  0        5  2  3      534233837294713152    33.0   33.0
 11  286.067932 2.597E-28 9.577E-02.07420.371 4292.90990.67-.005880          0 2 0          1 0 0  7  6  1        6  3  4      534233837294713152    45.0   39.0
 11  286.172234 9.920E-30 3.072E+00.01730.221 5827.33820.040.000610          0 2 0          0 2 0 15  2 13       15  1 14      434233837294713152    93.0   93.0
 11  286.421304 1.542E-28 8.675E+00.01660.250 5236.4321-.020.000570          0 2 0          0 2 0 14  1 13       13  2 12      434233837294713152    29.0   27.0
 11  286.629791 4.860E-30 4.138E-03.04280.235 4585.34910.440.003380          0 1 0          0 1 0 13  8  5       14  5 10      434233837294713152    81.0   87.0
 11  286.671755 1.421E-30 3.688E-01.03020.235 5790.43250.32-.019050          0 0 1          0 2 0 15  1 15       14  3 12      434233837294713152    93.0   87.0
 11  286.736820 3.617E-22 2.696E-01.07540.360 1437.96860.700.014120          0 0 0          0 0 0 10  5  5       10  2  8      664426837260783049    21.0   21.0
 11  286.821310 2.227E-29 5.249E+00.04760.265 5742.03690.44-.012390          1 0 0          1 0 0 13  3 10       12  4  9      434233837294713152    81.0   75.0
 11  286.918400 8.242E-23 5.224E+00.08320.387 2282.58960.71-.001720          0 1 0          0 1 0  7  4  4        6  3  3      564223807294783152    15.0   13.0
 11  286.993961 1.028E-28 5.301E-10.08870.412  315.77950.710.000000          0 0 0          0 0 0  6  2  4        4  2  2     q7422308079917122 0    13.0    9.0
 11  287.158562 4.655E-28 8.744E+00.01660.250 5235.9588-.020.000610          0 2 0          0 2 0 14  2 13       13  1 12      534223837294713152    87.0   81.0
 11  287.318526 1.266E-30 1.097E-01.05740.281 5293.79080.57-.040000          1 0 0          0 2 0 12  2 10       11  5  7      434233837294713152    25.0   23.0
 11  287.548195 4.246E-28 1.560E+00.06680.352 4563.98960.58-.013940          0 0 1          1 0 0  8  4  5        7  4  4      534223837294713152    17.0   15.0
 11  287.807425 4.257E-27 2.773E+00.08370.371 4408.02880.72-.011890          1 0 0          0 0 1  7  5  2        6  3  3      534223837294713152    45.0   39.0
 11  287.857102 1.039E-21 7.673E+00.03190.263 1960.20740.260.004630          0 0 0          0 0 0 13  3 11       12  2 10      564426837260783049    27.0   25.0
 11  288.055710 3.464E-29 8.233E-04.08890.434 3500.63870.71-.009570          1 0 0          0 2 0  2  2  1        3  3  0      534243837294713152    15.0   21.0
 11  288.170056 3.332E-30 3.131E+00.01780.221 5827.48610.050.001080          0 2 0          0 2 0 15  3 13       15  2 14      434233837294713152    31.0   31.0
 11  288.228624 1.270E-27 5.588E+00.04070.281 4905.65360.360.006940          0 2 0          0 2 0 12  3 10       11  2  9      534223837294713152    75.0   69.0
 11  288.361582 4.589E-23 5.885E-01.09100.423 1922.82900.720.002330          0 1 0          0 1 0  6  2  4        5  1  5      764223837294783152    13.0   11.0
 11  288.497952 1.983E-30 8.610E+00.06170.391 5963.18410.56-.003840          0 1 1          0 1 1  6  5  2        5  4  1      434233837294713152    13.0   11.0
 11  288.666574 6.788E-29 1.746E-10.09940.456   95.17590.740.000000          0 0 0          0 0 0  4  3  1        2  1  1     q7422308079917122 0     9.0    5.0
 11  288.678805 2.375E-29 4.643E-02.06190.371 4407.15760.63-.000450          1 0 0          0 2 0  7  5  3        6  6  0      534243837294713152    15.0   13.0
 11  288.750861 5.960E-30 8.628E+00.06030.391 5962.96360.54-.002980          0 1 1          0 1 1  6  5  1        5  4  2      434233837294713152    39.0   33.0
 11  288.789925 2.941E-28 1.917E-01.06240.371 4407.04630.630.000020          1 0 0          0 2 0  7  5  2        6  6  1      534223837294713152    45.0   39.0
 11  289.335446 9.063E-25 3.997E-04.07940.365 1327.11760.710.004020          0 0 0          0 0 0 10  4  6       11  1 11      564426837260783049    21.0   23.0
 11  289.356902 2.094E-29 2.698E-02.08020.352 4572.44630.69-.007240          0 0 1          1 0 0  8  4  4        7  4  3      534233837294713152    51.0   45.0
 11  289.445206 3.714E-19 1.775E+00.08680.432  552.91140.710.003780          0 0 0          0 0 0  7  3  4        6  2  5      764426807260783049    45.0   39.0
 11  289.458684 1.142E-29 8.199E-04.08960.434 3500.51070.72-.006230          1 0 0          0 2 0  2  2  0        3  3  1      534223837294713152     5.0    7.0
 11  289.567350 7.710E-28 4.324E+00.07540.315 4918.23470.660.000480          1 0 0          1 0 0 10  4  7        9  3  6      434223837294713152    63.0   57.0
 11  289.730191 2.710E-30 2.357E-02.06380.298 5027.07400.61-.038630          1 0 0          0 2 0 11  2  9       10  5  6      434233837294713152    69.0   63.0
 11  289.767110 1.561E-28 4.502E+00.06930.298 5273.63260.610.006650          0 0 1          0 0 1 11  4  8       10  3  7      434233837294713152    69.0   63.0
 11  289.772024 9.650E-22 5.345E+00.04760.305 2124.95140.44-.012390          0 0 0          0 0 0 13  3 10       12  4  9      564426837260783049    81.0   75.0
 11  289.812697 3.980E-29 3.361E-02.08240.352 4484.99220.73-.008220          0 2 0          1 0 0  8  6  3        7  3  4      534233837294713152    51.0   45.0
 11  290.119798 6.333E-28 7.288E-01.08680.371 4296.56340.710.003780          0 0 1          0 0 1  7  3  4        6  2  5      534223837294713152    15.0   13.0
 11  290.132276 1.548E-30 1.874E-03.08120.352 4332.77380.67-.013350          1 0 0          0 0 1  8  2  6        7  0  7      534233837294713152    17.0   15.0
 11  290.167964 1.766E-30 3.615E+00.08300.352 6087.85010.71-.001640          1 1 0          1 1 0  8  4  5        7  3  4      434233837294713152    51.0   45.0
 11  290.278734 8.212E-30 1.290E-01.09050.391 4996.28420.720.004910          0 3 0          0 3 0  5  3  2        5  0  5      434233837294713152    33.0   33.0
 11  290.573803 4.785E-30 4.257E+00.07490.333 5712.87710.650.007670          0 3 0          0 3 0  9  3  7        8  2  6      434233837294713152    19.0   17.0
 11  290.727207 3.474E-20 4.439E+00.08120.389 1050.15770.70-.001370          0 0 0          0 0 0  9  4  6        8  3  5      664426837260783049    19.0   17.0
 11  290.781418 4.937E-30 5.793E+00.04760.265 5841.86270.44-.012390          0 0 1          0 0 1 13  3 10       12  4  9      434233837294713152    27.0   25.0
 11  291.053859 1.174E-30 5.106E+00.07690.371 5990.17970.660.004650          0 1 1          0 1 1  7  4  3        6  3  4      434233837294713152    15.0   13.0
 11  291.086282 2.928E-25 3.222E-04.06300.271 1718.71880.65-.003980          0 0 0          0 0 0  9  8  1       10  5  6      564426837260783049    57.0   63.0
 11  291.154751 3.747E-27 1.155E+01.04040.391 4468.69770.41-.001990          0 0 1          0 0 1  6  6  1        5  5  0      434223837294713152    13.0   11.0
 11  291.159806 1.124E-26 1.155E+01.04040.255 4468.69330.41-.001900          0 0 1          0 0 1  6  6  0        5  5  1      564223837294783152    39.0   33.0
 11  291.292313 7.626E-27 7.588E+00.06560.371 4491.36980.59-.004230          0 0 1          0 0 1  7  5  3        6  4  2      534223837294713152    45.0   39.0
 11  291.358385 3.189E-30 3.660E-02.06740.315 4816.99090.610.006640          1 0 0          0 0 1  9  5  5        9  1  8      534233837294713152    19.0   19.0
 11  291.440749 8.027E-24 1.491E+00.01320.181 2660.9458-.060.002470          0 0 0          0 0 0 16  1 15       16  0 16      564426837260783049    33.0   33.0
 11  291.447779 2.408E-23 1.490E+00.01320.181 2660.9460-.060.002470          0 0 0          0 0 0 16  2 15       16  1 16      564426837260783049    99.0   99.0
 11  291.511074 1.744E-30 1.391E-03.05190.315 4268.24090.45-.014900          1 0 0          0 2 0  9  1  9        9  2  8      534233837294713152    19.0   19.0
 11  291.580469 3.827E-30 4.119E+00.01060.141 5928.3069-.070.001150          0 0 0          0 0 0 22  4 18       22  3 19      344233833260713049    45.0   45.0
 11  291.771597 1.035E-29 9.643E-03.05340.333 4525.96410.46-.018650          0 0 1          1 0 0  9  2  8        8  2  7      534233837294713152    57.0   51.0
 11  291.856543 3.185E-28 1.718E+00.04740.183 5035.12650.470.012950          0 0 0          0 0 0 19  7 12       18  8 11      434223837260713049   117.0  111.0
 11  291.978815 5.892E-30 1.642E-03.08150.371 4199.39090.680.000520          0 0 1          1 0 0  6  4  2        6  2  5      534233837294713152    39.0   39.0
 11  292.054170 3.608E-25 7.429E+00.03190.254 3587.66670.260.004630          0 1 0          0 1 0 13  3 11       12  2 10      564223837294783152    27.0   25.0
 11  292.158505 1.653E-30 5.675E-04.08450.371 4016.05280.71-.002070          1 0 0          0 2 0  6  3  3        6  4  2      534263837294713152    13.0   13.0
 11  292.174204 1.151E-29 4.143E+00.01060.141 5928.3641-.070.002590          0 0 0          0 0 0 22  5 18       22  4 19      344233833260713049   135.0  135.0
 11  292.271556 1.076E-29 1.739E-01.03590.265 5184.73430.34-.010870          0 2 0          1 0 0 13  2 11       12  1 12      434233837294713152    81.0   75.0
 11  292.271871 4.158E-30 1.302E-02.06320.333 4774.80490.59-.009580          0 0 1          0 2 0  9  4  6        8  6  3      434233837294713152    57.0   51.0
 11  292.536186 7.136E-30 1.326E-02.02090.195 4554.65280.180.002610          0 1 0          0 1 0 16  2 14       17  1 17      434233837294713152    33.0   35.0
 11  292.784055 2.354E-25 6.495E+00.08160.382 3722.73100.70-.001300          0 2 0          0 2 0  6  4  3        5  3  2      564223837294783152    39.0   33.0
 11  292.856131 2.568E-27 7.680E+00.06240.371 4490.06390.56-.002110          0 0 1          0 0 1  7  5  2        6  4  3      534223837294713152    15.0   13.0
 11  292.969714 2.143E-29 1.330E-02.02110.195 4554.65240.190.002670          0 1 0          0 1 0 16  3 14       17  0 17      434233837294713152    99.0  105.0
 11  293.003307 7.831E-31 2.349E-03.05910.302 4559.75200.560.000000          0 0 1          1 0 0 10  1 10        9  1  9      5333308387659336 0    21.0   19.0
 11  293.085438 1.300E-25 2.627E+00.01010.161 3647.4595-.140.001460          0 0 0          0 0 0 18  2 16       18  1 17      464426837260783049    37.0   37.0
 11  293.125961 3.900E-25 2.627E+00.01010.161 3647.4613-.140.001450          0 0 0          0 0 0 18  3 16       18  2 17      464426837260783049   111.0  111.0
 11  293.141401 4.396E-29 2.436E-03.08050.333 3895.25290.690.004710          0 2 0          0 2 0  7  4  3        8  1  8      534233837294713152    45.0   51.0
 11  293.172394 9.450E-28 3.467E+00.00950.161 4738.6217-.140.000920          0 0 0          0 0 0 20  3 17       20  2 18      434426837260713049    41.0   41.0
 11  293.234495 1.658E-28 1.304E-03.04320.221 3629.09610.47-.010220          0 0 0          0 0 0 14 10  5       15  7  8      434233837260713049    87.0   93.0
 11  293.344145 2.837E-27 3.473E+00.00990.161 4738.6338-.120.001060          0 0 0          0 0 0 20  4 17       20  3 18      434426837260713049   123.0  123.0
 11  293.399479 5.513E-29 4.153E-10.08330.391  416.20870.690.000000          0 0 0          0 0 0  7  2  6        5  2  4     q7422308079917122 0    15.0   11.0
 11  293.401974 7.410E-31 2.065E-03.07290.355 4523.58900.630.000000          0 0 1          1 0 0  9  1  8        8  1  7      5333308387659336 0    19.0   17.0
 11  293.626721 9.012E-27 1.215E-03.07990.298 2705.13960.710.004420          0 1 0          0 1 0  9  4  5       10  1 10      534223837294713152    57.0   63.0
 11  293.894501 3.496E-27 6.850E+00.06560.371 4401.94190.59-.004230          1 0 0          1 0 0  7  5  3        6  4  2      534223837294713152    15.0   13.0
 11  293.931944 1.435E-29 2.181E-02.08040.333 4624.30280.68-.004390          1 0 0          0 0 1  9  3  6        8  1  7      534233837294713152    57.0   51.0
 11  293.944741 9.023E-30 8.858E+00.06170.391 5877.39290.56-.003840          1 1 0          1 1 0  6  5  2        5  4  1      434233837294713152    39.0   33.0
 11  294.008474 1.301E-27 2.123E-04.07790.352 2439.95450.700.000710          0 1 0          0 1 0  6  6  0        7  3  5      634223837294713152    13.0   15.0
 11  294.028422 2.997E-30 8.828E+00.06030.391 5877.32690.54-.002980          1 1 0          1 1 0  6  5  1        5  4  2      434233837294713152    13.0   11.0
 11  294.100374 7.004E-31 1.863E+00.08260.413 5885.73540.680.000000          0 1 1          0 1 1  7  3  4        6  2  5      4333308387659336 0    15.0   13.0
 11  294.245835 1.416E-29 1.178E-02.08360.371 4195.81810.690.004830          0 0 1          0 0 1  6  4  3        6  1  6      534233837294713152    13.0   13.0
 11  294.304502 2.398E-23 3.583E+00.05850.322 2586.52970.55-.014470          0 0 0          0 0 0 14  4 10       13  5  9      564426837260783049    29.0   27.0
 11  294.334899 1.443E-29 9.143E-11.08870.412  315.77950.710.000000          0 0 0          0 0 0  5  4  2        4  2  2     q7422308079917122 0    11.0    9.0
 11  294.352226 4.012E-28 2.011E+00.02280.250 4941.60660.130.001900          0 2 0          0 2 0 13  1 12       13  0 13      534223837294713152    81.0   81.0
 11  294.808738 1.340E-28 2.020E+00.02280.250 4941.62330.130.001920          0 2 0          0 2 0 13  2 12       13  1 13      534233837294713152    27.0   27.0
 11  295.105454 5.634E-30 4.729E+00.06460.315 5942.57260.580.010640          0 3 0          0 3 0 10  3  8        9  2  7      434233837294713152    63.0   57.0
 11  295.318153 5.641E-31 3.501E+00.05130.255 6194.30320.520.000000          1 0 0          1 0 0 14  4 10       13  5  9      4333308387659336 0    29.0   27.0
 11  295.376440 1.499E-24 1.805E-05.08830.351  446.69660.720.003370          0 0 0          0 0 0  5  5  1        6  0  6      764426837260783049    11.0   13.0
 11  295.562820 5.112E-30 4.844E+00.07690.371 5897.80150.660.004650          1 1 0          1 1 0  7  4  3        6  3  4      434233837294713152    45.0   39.0
 11  295.565623 1.117E-21 4.483E-03.08810.364  446.51070.740.001260          0 0 0          0 0 0  5  5  0        5  2  3      764426807260783049    33.0   33.0
 11  295.728477 1.272E-30 2.300E-01.07450.281 5418.80340.710.013850          0 0 1          0 0 1 11  5  6       11  2  9      434233837294713152    23.0   23.0
 11  295.972210 1.717E-26 1.187E+01.04040.253 4381.90400.41-.001990          1 0 0          1 0 0  6  6  1        5  5  0      564223837294783152    39.0   33.0
 11  295.972364 5.722E-27 1.187E+01.04040.391 4381.90400.41-.001900          1 0 0          1 0 0  6  6  0        5  5  1      534223837294713152    13.0   11.0
 11  296.014088 9.166E-29 4.930E+00.06930.298 5169.03920.610.006650          1 0 0          1 0 0 11  4  8       10  3  7      434233837294713152    23.0   21.0
 11  296.125683 4.468E-30 4.081E-03.06980.315 4268.24090.640.007200          0 2 0          0 2 0  8  5  3        9  2  8      534233837294713152    17.0   19.0
 11  296.411152 2.636E-29 4.073E-10.07340.352  586.47920.650.000000          0 0 0          0 0 0  8  1  7        7  1  7     q7422308079917122 0    17.0   15.0
 11  296.557187 2.651E-30 7.061E-04.05170.315 4263.15050.45-.010740          1 0 0          0 2 0  9  0  9        9  1  8      534223837294713152    57.0   57.0
 11  296.559930 8.025E-26 6.670E+00.07520.317 3719.49290.640.001430          0 2 0          0 2 0  6  4  2        5  3  3      564223837294783152    13.0   11.0
 11  296.597882 4.017E-30 9.425E-04.08560.352 4188.39430.72-.003330          1 0 0          0 2 0  7  3  4        7  4  3      534263837294713152    45.0   45.0
 11  296.787371 4.581E-29 2.292E+00.03580.265 5186.33730.34-.007860          0 2 0          1 0 0 13  3 11       12  0 12      434233837294713152    27.0   25.0
 11  296.827904 6.985E-30 1.292E+01.01030.221 5970.2035-.200.000200          1 0 0          1 0 0 16  0 16       15  1 15      434233837294713152    33.0   31.0
 11  296.828970 2.096E-29 1.292E+01.01030.221 5970.2028-.200.000200          1 0 0          1 0 0 16  1 16       15  0 15      434233837294713152    99.0   93.0
 11  296.903578 1.927E-29 2.569E-03.07330.333 4071.73340.660.005290          0 2 0          0 2 0  7  5  2        8  2  7      534233837294713152    45.0   51.0
 11  296.910307 1.486E-28 3.900E-10.07810.371  447.25240.670.000000          0 0 0          0 0 0  8  1  8        6  1  6     q7422308079917122 0    51.0   39.0
 11  297.316219 8.762E-30 4.873E+00.03780.250 5695.88300.34-.009190          0 2 0          0 2 0 14  3 11       13  4 10      434233837294713152    29.0   27.0
 11  297.339292 3.687E-30 2.093E+00.08680.371 5790.51080.710.003780          1 1 0          1 1 0  7  3  4        6  2  5      434233837294713152    45.0   39.0
 11  297.355654 7.736E-30 7.329E+00.01320.235 6045.1718-.110.000440          0 0 1          0 0 1 15  2 14       14  1 13      434233837294713152    93.0   87.0
 11  297.367078 5.013E-29 3.946E-10.07810.371  446.69660.670.000000          0 0 0          0 0 0  8  0  8        6  0  6     q7422308079917122 0    17.0   13.0
 11  297.516541 6.826E-29 1.192E+01.01030.221 5484.0002-.200.000200          0 2 0          0 2 0 16  0 16       15  1 15      434233837294713152    33.0   31.0
 11  297.517599 1.460E-30 1.811E+00.03760.161 6167.71150.370.015440          0 0 0          0 0 0 21  8 13       20  9 12      344233833260713049   129.0  123.0
 11  297.524638 2.048E-28 1.192E+01.01030.221 5483.9960-.200.000200          0 2 0          0 2 0 16  1 16       15  0 15      434233837294713152    99.0   93.0
 11  297.576376 1.959E-29 1.118E+01.01320.235 5940.6373-.110.000420          1 0 0          1 0 0 15  1 14       14  2 13      434233837294713152    93.0   87.0
 11  297.625761 5.688E-31 1.109E-02.05810.339 4939.79420.630.000000          0 2 0          0 0 1 10  6  4        9  2  7      5333308387659336 0    21.0   19.0
 11  297.632358 1.178E-30 1.659E-01.03770.265 5398.25060.35-.002800          0 2 0          1 0 0 13  4 10       12  1 11      434233837294713152    27.0   25.0
 11  297.704093 6.529E-30 1.118E+01.01320.235 5940.5383-.110.000440          1 0 0          1 0 0 15  2 14       14  1 13      434233837294713152    31.0   29.0
 11  297.942584 4.257E-30 1.332E+01.01030.221 6077.1059-.200.000200          0 0 1          0 0 1 16  1 16       15  0 15      434233837294713152    33.0   31.0
 11  297.944415 1.277E-29 1.331E+01.01030.221 6077.1043-.200.000200          0 0 1          0 0 1 16  0 16       15  1 15      434233837294713152    99.0   93.0
 11  297.954563 5.409E-29 1.792E-02.09380.434 3926.86220.740.005040          0 0 1          0 0 1  4  4  1        3  1  2      534233837294713152     9.0    7.0
 11  298.033801 2.141E-29 8.947E+00.02510.250 5862.33890.170.002850          1 0 0          1 0 0 14  3 12       13  2 11      434233837294713152    87.0   81.0
 11  298.089324 4.929E-29 4.082E+00.08820.391 5138.18820.720.003910          0 3 0          0 3 0  6  3  3        5  2  4      434233837294713152    13.0   11.0
 11  298.133578 7.401E-30 3.901E+00.01140.172 5970.9287-.080.000560          0 1 0          0 1 0 19  3 16       19  2 17      434233837294713152   117.0  117.0
 11  298.149762 5.669E-29 1.340E-03.03980.221 3624.18130.44-.005960          0 0 0          0 0 0 14 10  4       15  7  9      434233837260713049    29.0   31.0
 11  298.224222 1.352E-29 9.337E+00.02450.250 5965.47490.16-.001630          0 0 1          0 0 1 14  2 12       13  3 11      434233837294713152    87.0   81.0
 11  298.226073 1.837E-29 5.681E+00.06310.281 5543.63660.580.011300          0 0 1          0 0 1 12  4  9       11  3  8      434233837294713152    25.0   23.0
 11  298.291196 3.997E-30 1.141E+01.01320.235 6045.1424-.110.000420          0 0 1          0 0 1 15  1 14       14  2 13      434233837294713152    31.0   29.0
 11  298.416870 3.843E-20 4.781E+00.07800.401 1282.91910.660.000480          0 0 0          0 0 0 10  4  7        9  3  6      664426807240783049    63.0   57.0
 11  298.661116 6.371E-29 1.112E-02.08360.371 4095.80320.690.004830          1 0 0          1 0 0  6  4  3        6  1  6      534233837294713152    39.0   39.0
 11  298.665743 6.695E-30 8.427E+00.02450.250 5862.46660.16-.001630          1 0 0          1 0 0 14  2 12       13  3 11      434233837294713152    29.0   27.0
 11  298.995833 9.747E-30 6.487E-03.08610.352 4426.06640.70-.010970          0 0 1          1 0 0  8  2  6        7  2  5      534233837294713152    51.0   45.0
 11  299.007014 4.545E-30 9.429E+00.02510.250 5964.91280.170.002850          0 0 1          0 0 1 14  3 12       13  2 11      434233837294713152    29.0   27.0
 11  299.007370 2.474E-30 3.931E+00.01200.172 5971.0032-.050.001290          0 1 0          0 1 0 19  4 16       19  3 17      434233837294713152    39.0   39.0
 11  299.070701 6.345E-29 4.347E-03.09600.434 3827.39270.740.002480          0 0 1          1 0 0  4  3  1        3  1  2      534233837294713152    27.0   21.0
 11  299.356670 8.235E-29 4.302E-10.07340.352  586.24350.650.000000          0 0 0          0 0 0  8  2  7        7  0  7     q7422308079917122 0    51.0   45.0
 11  299.747470 1.326E-25 1.274E+01.01030.191 3937.5729-.200.000200          0 1 0          0 1 0 16  0 16       15  1 15      464223837294783152    33.0   31.0
 11  299.749253 3.979E-25 1.275E+01.01030.191 3937.5717-.200.000200          0 1 0          0 1 0 16  1 16       15  0 15      464223837294783152    99.0   93.0
 11  299.873481 1.039E-29 9.191E-03.01400.161 4438.7482-.300.000000          0 0 0          0 0 0 20  2 18       21  1 21      4333308387659336 0    41.0   43.0
 11  299.885664 3.116E-29 9.188E-03.01400.161 4438.7482-.300.000000          0 0 0          0 0 0 20  3 18       21  0 21      4333308387659336 0   123.0  129.0
 11  300.426937 2.620E-22 5.639E+00.07690.353 2271.71220.660.004650          0 1 0          0 1 0  7  4  3        6  3  4      664223837294783152    45.0   39.0
 11  300.600475 4.096E-30 2.178E-04.09860.412 3495.93920.75-.012780          1 0 0          0 2 0  3  1  3        4  2  2      534223837294713152     7.0    9.0
 11  300.749930 4.377E-30 4.221E+00.03020.235 6045.17180.29-.016290          0 2 0          0 0 1 15  3 12       14  1 13      434233837294713152    93.0   87.0
 11  300.994754 4.242E-22 9.593E+00.06170.293 2251.86250.56-.003840          0 1 0          0 1 0  6  5  2        5  4  1      764223837294783152    39.0   33.0
 11  300.998449 7.363E-29 8.264E+00.07890.412 5163.26370.67-.001830          0 3 0          0 3 0  5  4  2        4  3  1      434233837294713152    11.0    9.0
 11  301.029625 9.984E-29 5.004E+00.03190.265 5182.09510.260.004630          0 2 0          0 2 0 13  3 11       12  2 10      434233837294713152    27.0   25.0
 11  301.184445 1.416E-22 9.608E+00.06030.294 2251.69530.54-.002980          0 1 0          0 1 0  6  5  1        5  4  2      764223837294783152    13.0   11.0
 11  301.371916 7.104E-27 4.653E+00.06240.371 4394.46430.56-.002110          1 0 0          1 0 0  7  5  2        6  4  3      534223837294713152    45.0   39.0
 11  301.377646 5.446E-30 1.378E-03.06590.333 4224.58650.57-.023470          1 0 0          0 2 0  8  2  7        8  3  6      534243837294713152    51.0   51.0
 11  301.420464 7.598E-26 1.200E-03.07210.383 2327.91400.710.007880          0 0 0          0 0 0 13  5  8       14  2 13      564426837260783049    81.0   87.0
 11  301.434228 7.019E-30 5.589E-03.06840.298 4483.22780.650.009020          0 2 0          0 2 0  9  5  4       10  2  9      534233837294713152    57.0   63.0
 11  301.589252 1.833E-22 2.320E+00.08680.412 2161.28600.710.003780          0 1 0          0 1 0  7  3  4        6  2  5      764223837294783152    45.0   39.0
 11  301.690171 2.219E-28 8.306E+00.07480.412 5162.64190.63-.000900          0 3 0          0 3 0  5  4  1        4  3  2      434233837294713152    33.0   27.0
 11  301.822167 1.097E-22 5.314E+00.08300.382 2462.87530.71-.001640          0 1 0          0 1 0  8  4  5        7  3  4      664223837294783152    51.0   45.0
 11  301.866469 2.001E-19 8.289E+00.06560.371  757.78020.59-.004230          0 0 0          0 0 0  7  5  3        6  4  2      764426807260783049    15.0   13.0
 11  301.901888 5.171E-29 4.857E-10.07340.352  704.21410.650.000000          0 0 0          0 0 0  8  3  6        7  1  6     q7422308079917122 0    51.0   45.0
 11  301.971461 1.547E-29 2.599E-02.08490.333 4387.35720.710.003090          1 0 0          1 0 0  8  3  5        8  0  8      534233837294713152    17.0   17.0
 11  302.080863 7.617E-28 1.340E-03.06200.298 3224.54660.61-.000360          0 1 0          0 1 0  9  7  2       10  4  7      534223837294713152    57.0   63.0
 11  302.134525 9.353E-28 3.116E+00.01190.195 4902.6140-.090.001260          0 1 0          0 1 0 17  2 15       17  1 16      434223837294713152   105.0  105.0
 11  302.198989 2.979E-26 8.057E-01.09100.414 3482.48020.720.002330          0 2 0          0 2 0  6  2  4        5  1  5      564223837294783152    13.0   11.0
 11  302.355201 8.457E-24 5.868E-05.08270.325  586.24350.700.003520          0 0 0          0 0 0  6  5  2        7  0  7      764426807260783049    39.0   45.0
 11  302.361465 3.120E-28 3.122E+00.01200.195 4902.6265-.090.001270          0 1 0          0 1 0 17  3 15       17  2 16      434223837294713152    35.0   35.0
 11  302.644078 3.011E-22 1.362E+01.01030.188 2358.3017-.200.000200          0 0 0          0 0 0 16  0 16       15  1 15      564426837260783049    33.0   31.0
 11  302.644554 9.033E-22 1.362E+01.01030.188 2358.3014-.200.000200          0 0 0          0 0 0 16  1 16       15  0 15      564426837260783049    99.0   93.0
 11  302.720852 3.929E-28 1.746E+00.08420.352 4586.68320.72-.011630          1 0 0          0 0 1  8  5  3        7  3  4      534223837294713152    17.0   15.0
 11  302.773461 2.394E-27 9.244E-02.09040.412 3746.76270.72-.014170          1 0 0          0 2 0  5  1  4        4  4  1      534223837294713152    33.0   27.0
 11  302.817963 3.112E-22 9.379E+00.02450.231 2248.06450.16-.001630          0 0 0          0 0 0 14  2 12       13  3 11      564426837260783049    29.0   27.0
 11  302.918900 6.041E-27 5.768E-04.05640.265 2437.50190.61-.008400          0 0 0          0 0 0 11  9  3       12  6  6      534426837260713049    23.0   25.0
 11  302.946925 1.418E-28 2.290E-03.06400.195 3567.25480.680.013080          0 0 0          0 0 0 16  6 10       17  3 15      434433837260713049    33.0   35.0
 11  302.970344 1.247E-27 1.039E-01.08480.371 3713.08250.710.006110          0 2 0          0 2 0  6  4  2        6  1  5      534223837294713152    13.0   13.0
 11  302.980622 9.193E-29 5.842E+00.06310.281 5439.05630.580.011300          1 0 0          1 0 0 12  4  9       11  3  8      434233837294713152    75.0   69.0
 11  302.981657 8.598E-19 1.277E+01.03950.245  742.07630.41-.001990          0 0 0          0 0 0  6  6  1        5  5  0      764426807240783049    39.0   33.0
 11  302.985318 2.866E-19 1.277E+01.03950.245  742.07300.41-.001900          0 0 0          0 0 0  6  6  0        5  5  1      764426807240783049    13.0   11.0
 11  303.015470 3.240E-30 5.445E-03.08600.333 4386.31320.72-.007310          1 0 0          0 2 0  8  3  5        8  4  4      534233837294713152    17.0   17.0
 11  303.020502 1.776E-28 1.521E-10.09940.456   79.49640.740.000000          0 0 0          0 0 0  4  3  2        2  1  2     q7422308079917122 0    27.0   15.0
 11  303.110665 6.050E-19 8.365E+00.05000.329  756.72480.56-.002110          0 0 0          0 0 0  7  5  2        6  4  3      764426807240783049    45.0   39.0
 11  303.193266 6.241E-30 1.255E-03.07790.352 3894.16780.680.003700          0 2 0          0 2 0  6  5  1        7  2  6      534233837294713152    13.0   15.0
 11  303.219465 9.628E-30 2.852E-03.08410.391 4165.47380.710.002630          0 0 1          0 0 1  5  5  1        5  2  4      534233837294713152    33.0   33.0
 11  303.277729 3.189E-25 1.120E+01.01320.192 3939.8318-.110.000420          0 1 0          0 1 0 15  1 14       14  2 13      564223837294783152    93.0   87.0
 11  303.354864 8.467E-22 1.176E+01.01320.197 2327.9140-.110.000420          0 0 0          0 0 0 15  1 14       14  2 13      564426837260783049    93.0   87.0
 11  303.399733 2.824E-22 1.177E+01.01320.198 2327.8838-.110.000440          0 0 0          0 0 0 15  2 14       14  1 13      564426837260783049    31.0   29.0
 11  303.407549 1.064E-25 1.121E+01.01320.235 3939.7465-.110.000440          0 1 0          0 1 0 15  2 14       14  1 13      564223837294713152    31.0   29.0
 11  303.532326 2.500E-27 4.014E-02.08790.391 3565.45460.710.005690          0 2 0          0 2 0  5  4  1        5  1  4      534223837294713152    33.0   33.0
 11  303.668163 1.046E-25 8.811E+00.02450.250 3879.72080.16-.001630          0 1 0          0 1 0 14  2 12       13  3 11      564223837294713152    29.0   27.0
 11  303.727870 1.000E-25 1.164E+01.05460.249 3746.77600.52-.002320          0 2 0          0 2 0  5  5  1        4  4  0      564223837294783152    11.0    9.0
 11  303.727928 3.916E-29 8.004E+00.02450.250 5483.12470.16-.001630          0 2 0          0 2 0 14  2 12       13  3 11      434233837294713152    29.0   27.0
 11  303.749864 2.977E-25 1.155E+01.05420.250 3746.76270.51-.001980          0 2 0          0 2 0  5  5  0        4  4  1      564223837294783152    33.0   27.0
 11  304.000533 1.298E-29 7.545E-02.05800.333 4889.45710.53-.015270          0 0 1          1 0 0  9  5  5        8  5  4      534233837294713152    57.0   51.0
 11  304.041235 2.340E-28 1.816E-01.07230.352 4452.35280.620.005310          1 0 0          0 0 1  8  4  5        7  2  6      534233837294713152    51.0   45.0
 11  304.220811 1.372E-28 1.065E+01.01320.235 5523.1174-.110.000420          0 2 0          0 2 0 15  1 14       14  2 13      434233837294713152    93.0   87.0
 11  304.249754 2.854E-29 2.639E-02.08490.333 4488.09050.710.003090          0 0 1          0 0 1  8  3  5        8  0  8      534233837294713152    51.0   51.0
 11  304.530215 6.939E-30 2.667E-01.07450.281 5316.80420.710.013850          1 0 0          1 0 0 11  5  6       11  2  9      434233837294713152    69.0   69.0
 11  304.598668 9.481E-22 9.558E+00.02510.234 2246.88480.170.002850          0 0 0          0 0 0 14  3 12       13  2 11      564426837260783049    87.0   81.0
 11  304.632752 4.589E-29 1.069E+01.01320.235 5522.8534-.110.000440          0 2 0          0 2 0 15  2 14       14  1 13      434233837294713152    31.0   29.0
 11  304.756537 2.394E-28 5.879E-10.08330.391  399.45750.690.000000          0 0 0          0 0 0  7  1  6        5  1  4     q7422308079917122 0    45.0   33.0
 11  304.880159 4.420E-21 5.385E+00.06930.402 1538.14950.610.006650          0 0 0          0 0 0 11  4  8       10  3  7      664426837260783049    23.0   21.0
 11  305.003869 1.147E-28 2.032E-01.06110.333 4643.99910.52-.021100          0 0 1          1 0 0  9  3  7        8  3  6      534233837294713152    57.0   51.0
 11  305.038329 1.047E-28 3.443E-03.07220.250 3654.21500.710.008760          0 1 0          0 1 0 12  5  7       13  2 12      534233837294713152    25.0   27.0
 11  305.106700 5.008E-30 3.018E-03.04760.250 4252.44820.490.000100          0 1 0          0 1 0 12  8  4       13  5  9      534233837294713152    25.0   27.0
 11  305.314965 7.698E-31 1.171E-03.07590.383 4308.21130.660.000000          0 0 1          1 0 0  6  5  2        6  3  3      5333308387659336 0    13.0   13.0
 11  305.342296 2.097E-30 6.138E-03.06370.208 4847.62210.680.014710          0 1 0          0 1 0 15  6  9       16  3 14      434233837294713152    93.0   99.0
 11  305.373795 7.851E-30 5.212E-02.08130.333 4689.32860.72-.007820          0 2 0          1 0 0  9  6  4        8  3  5      534233837294713152    19.0   17.0
 11  305.537891 5.381E-26 1.891E+00.01570.221 3937.57170.600.002330          0 1 0          0 1 0 15  1 14       15  0 15      46420383729471 052    93.0   93.0
 11  305.581143 1.794E-26 1.891E+00.01570.221 3937.57290.600.002340          0 1 0          0 1 0 15  2 14       15  1 15      46420383729471 052    31.0   31.0
 11  306.094005 9.835E-22 3.437E-02.08490.381  744.06370.710.003090          0 0 0          0 0 0  8  3  5        8  0  8      764426837260783049    17.0   17.0
 11  306.359364 1.233E-30 4.551E+00.00910.131 6400.9781-.120.001320          0 0 0          0 0 0 23  4 19       23  3 20      344233833260713049   141.0  141.0
 11  306.620469 1.847E-26 5.885E-04.05290.247 2433.80040.58-.006100          0 0 0          0 0 0 11  9  2       12  6  7      564426837260783049    69.0   75.0
 11  306.721000 1.142E-29 1.814E-03.07010.265 3959.25340.69-.008550          0 1 0          0 1 0 11  8  4       12  5  7      534233837294713152    23.0   25.0
 11  307.005887 6.444E-30 1.319E-01.08340.315 4939.79420.710.003130          1 0 0          0 0 1 10  4  6        9  2  7      534233837294713152    21.0   19.0
 11  307.332459 7.681E-31 3.584E+00.02600.200 6149.40700.310.000000          0 2 0          0 2 0 16  2 14       16  1 15      4333308387659336 0    33.0   33.0
 11  307.348111 3.278E-28 3.033E-01.09070.352 4484.99220.74-.009990          0 0 1          1 0 0  8  3  5        7  3  4      534223837294713152    51.0   45.0
 11  307.528810 8.476E-28 5.720E-04.07750.315 2998.76630.73-.002930          0 1 0          0 1 0  8  7  2        9  4  5      534223837294713152    51.0   57.0
 11  307.624915 1.727E-28 1.236E-02.09380.434 3827.39270.740.005040          1 0 0          1 0 0  4  4  1        3  1  2      534233837294713152    27.0   21.0
 11  307.742656 3.249E-25 9.197E+00.02510.218 3877.08860.170.002850          0 1 0          0 1 0 14  3 12       13  2 11      564223837294783152    87.0   81.0
 11  307.892207 4.200E-30 1.458E-01.07280.298 5273.63260.660.008220          0 0 1          0 0 1 10  6  4       10  3  7      434233837294713152    63.0   63.0
 11  308.002390 8.225E-25 3.440E-03.09210.424 1821.59680.720.004710          0 1 0          0 1 0  4  4  1        4  1  4      564223807294783152    27.0   27.0
 11  308.200933 2.869E-28 9.337E-03.09210.412 3438.57500.730.005320          0 2 0          0 2 0  4  4  0        4  1  3      534223837294713152     9.0    9.0
 11  308.330931 3.620E-22 3.140E-01.07450.391 1690.66440.710.013850          0 0 0          0 0 0 11  5  6       11  2  9      664426837260783049    69.0   69.0
 11  308.529680 3.541E-27 4.594E+00.07950.352 4553.27350.690.006170          0 0 1          0 0 1  8  4  4        7  3  5      534223837294713152    51.0   45.0
 11  308.601640 3.120E-28 6.142E-01.07210.371 4387.23480.62-.011750          1 0 0          0 0 1  7  5  3        6  3  4      534223837294713152    15.0   13.0
 11  308.623522 2.067E-26 1.087E-01.09520.433 3289.24250.730.007240          0 2 0          0 2 0  4  3  2        3  0  3      564223837294783152    27.0   21.0
 11  308.741228 2.905E-26 6.459E+00.03780.250 4074.03860.34-.009190          0 1 0          0 1 0 14  3 11       13  4 10      564223837294713152    29.0   27.0
 11  308.770311 1.766E-29 7.168E+00.05290.265 5830.25920.500.012220          0 0 1          0 0 1 13  4 10       12  3  9      434233837294713152    81.0   75.0
 11  308.782746 3.933E-28 3.914E+00.00820.150 5163.0812-.180.001420          0 0 0          0 0 0 21  3 18       21  2 19      444233833260713049   129.0  129.0
 11  308.878387 1.311E-28 3.916E+00.00840.150 5163.0876-.180.001440          0 0 0          0 0 0 21  4 18       21  3 19      444233833260713049    43.0   43.0
 11  308.956537 2.386E-23 2.412E-01.09060.448 1817.45120.720.005880          0 1 0          0 1 0  5  3  3        4  0  4      564223837294783152    11.0    9.0
 11  309.058065 3.545E-27 1.975E-01.08270.352 3879.33620.710.006560          0 2 0          0 2 0  7  4  3        7  1  6      534223837294713152    45.0   45.0
 11  309.236670 5.038E-27 4.204E+00.05000.235 4585.34910.48-.015160          0 1 0          0 1 0 15  4 11       14  5 10      434223837294713152    93.0   87.0
 11  309.416163 2.381E-30 7.429E+00.03780.250 6037.87490.34-.009190          1 0 0          1 0 0 14  3 11       13  4 10      434233837294713152    29.0   27.0
 11  309.472435 3.721E-21 1.363E-02.08360.379  447.25240.690.004830          0 0 0          0 0 0  6  4  3        6  1  6      764426837260783049    39.0   39.0
 11  309.749011 2.621E-28 2.511E-10.09400.434  136.76170.730.000000          0 0 0          0 0 0  5  2  3        3  0  3     q7422308079917122 0    33.0   21.0
 11  309.789123 5.544E-24 1.689E+00.01130.170 2981.3594-.110.002590          0 0 0          0 0 0 17  1 16       17  0 17      564426837260783049   105.0  105.0
 11  309.792603 1.848E-24 1.689E+00.01130.170 2981.3595-.110.002590          0 0 0          0 0 0 17  2 16       17  1 17      464426837260783049    35.0   35.0
 11  309.848796 6.858E-26 2.940E+00.00870.153 4021.2179-.190.001580          0 0 0          0 0 0 19  2 17       19  1 18      464426837260783049   117.0  117.0
 11  309.870328 2.286E-26 2.940E+00.00870.153 4021.2188-.190.001570          0 0 0          0 0 0 19  3 17       19  2 18      464426837260783049    39.0   39.0
 11  309.919348 2.614E-30 4.391E-03.08060.352 4353.23140.690.001280          0 0 1          1 0 0  7  4  3        7  2  6      534233837294713152    15.0   15.0
 11  309.978890 4.952E-29 1.052E-10.08870.412  300.36230.710.000000          0 0 0          0 0 0  5  4  1        4  2  3     q7422308079917122 0    33.0   27.0
 11  310.214117 4.368E-29 1.600E-10.08330.391  446.51070.690.000000          0 0 0          0 0 0  6  4  3        5  2  3     q7422308079917122 0    39.0   33.0
 11  310.455142 1.132E-30 7.986E-03.04420.315 4717.10450.37-.021130          0 0 1          1 0 0 10  2  9        9  2  8      534233837294713152    21.0   19.0
 11  310.479260 8.016E-29 1.190E-01.05870.352 4578.97780.57-.005820          1 0 0          0 2 0  8  5  4        7  6  1      534243837294713152    51.0   45.0
 11  310.682734 3.999E-28 1.260E+00.06350.333 4756.39400.56-.019540          0 0 1          1 0 0  9  4  6        8  4  5      434223837294713152    57.0   51.0
 11  310.686433 1.731E-24 2.346E-01.07980.411 2688.07990.710.005920          0 1 0          0 1 0  9  4  5        9  1  8      664223837294783152    57.0   57.0
 11  311.091499 5.422E-28 2.749E-01.08590.391 4076.14330.700.006090          0 0 1          0 0 1  6  3  4        5  0  5      534223837294713152    13.0   11.0
 11  311.219790 1.449E-27 3.594E+00.07950.352 4457.81870.690.006170          1 0 0          1 0 0  8  4  4        7  3  5      534223837294713152    17.0   15.0
 11  311.289878 1.335E-30 3.135E-03.04380.315 4715.96680.36-.019660          0 0 1          1 0 0 10  1  9        9  1  8      534233837294713152    63.0   57.0
 11  311.625526 1.040E-30 2.641E-03.03300.298 4750.38770.24-.024960          0 0 1          1 0 0 11  1 11       10  1 10      534233837294713152    69.0   63.0
 11  311.633166 6.568E-31 1.285E-02.05400.308 4925.78680.550.000000          0 2 0          1 0 0 10  6  4       10  1  9      5333308387659336 0    21.0   21.0
 11  311.727995 4.287E-21 6.315E+00.06310.336 1813.22340.580.011300          0 0 0          0 0 0 12  4  9       11  3  8      664426837260783049    75.0   69.0
 11  311.745461 2.075E-25 8.783E-05.07040.284 1477.29740.71-.003670          0 0 0          0 0 0  8  8  1        9  5  4      664426837260783049    51.0   57.0
 11  311.812635 9.515E-30 7.090E+00.05290.265 5726.06220.500.012220          1 0 0          1 0 0 13  4 10       12  3  9      434233837294713152    27.0   25.0
 11  311.928937 5.200E-30 5.415E-02.07710.333 4775.08820.710.003110          0 0 1          0 2 0  9  4  5        8  6  2      534233837294713152    19.0   17.0
 11  312.023654 3.192E-30 9.205E+00.06560.371 6109.33620.59-.004230          0 1 1          0 1 1  7  5  3        6  4  2      434233837294713152    45.0   39.0
 11  312.051650 4.408E-30 7.597E+00.03780.250 6139.02950.34-.009190          0 0 1          0 0 1 14  3 11       13  4 10      434233837294713152    87.0   81.0
 11  312.225607 9.214E-30 1.723E-03.08960.371 4095.80320.720.000490          0 0 1          1 0 0  6  3  3        6  1  6      534233837294713152    39.0   39.0
 11  312.533408 1.432E-23 5.403E+00.08120.388 2670.78970.70-.001370          0 1 0          0 1 0  9  4  6        8  3  5      664223837294783152    19.0   17.0
 11  312.726135 4.076E-29 5.197E-10.08330.391  503.96810.690.000000          0 0 0          0 0 0  7  3  5        5  3  3     q7422308079917122 0    15.0   11.0
 11  312.775680 4.082E-26 6.766E+00.08320.387 3873.79370.71-.001720          0 2 0          0 2 0  7  4  4        6  3  3      564223837294783152    15.0   13.0
 11  312.892575 1.179E-27 8.002E+00.07030.352 4663.15070.64-.004950          0 0 1          0 0 1  8  5  4        7  4  3      534223837294713152    17.0   15.0
 11  313.225254 1.072E-30 9.284E+00.06240.371 6108.31430.56-.002110          0 1 1          0 1 1  7  5  2        6  4  3      434233837294713152    15.0   13.0
 11  313.231976 1.015E-22 7.668E+00.03780.282 2426.19650.34-.009190          0 0 0          0 0 0 14  3 11       13  4 10      564426837260783049    29.0   27.0
 11  313.365345 6.933E-30 2.683E-04.08770.371 3736.17080.70-.012640          1 0 0          0 2 0  5  1  4        6  2  5      534233837294713152    33.0   39.0
 11  313.426702 1.259E-28 8.748E+00.02510.250 5477.00580.170.002850          0 2 0          0 2 0 14  3 12       13  2 11      434233837294713152    87.0   81.0
 11  313.756630 1.425E-30 1.414E+01.04040.391 6106.29990.41-.001990          0 1 1          0 1 1  6  6  1        5  5  0      434233837294713152    13.0   11.0
 11  313.760131 4.276E-30 1.414E+01.04040.391 6106.29680.41-.001900          0 1 1          0 1 1  6  6  0        5  5  1      434233837294713152    39.0   33.0
 11  314.062061 6.998E-26 8.890E-05.06830.271 1474.98080.70-.003160          0 0 0          0 0 0  8  8  0        9  5  5      664426837260783049    17.0   19.0
 11  314.227765 4.227E-27 1.219E-01.08710.352 3738.60920.720.004040          0 2 0          0 2 0  7  3  4        7  0  7      534223837294713152    45.0   45.0
 11  314.247540 5.733E-30 1.542E+01.00840.208 6267.0317-.280.000130          1 0 0          1 0 0 17  0 17       16  1 16      434233837294713152   105.0   99.0
 11  314.247978 1.911E-30 1.542E+01.00840.208 6267.0314-.280.000140          1 0 0          1 0 0 17  1 17       16  0 16      434233837294713152    35.0   33.0
 11  314.313654 1.932E-30 1.052E+01.01960.235 6161.13240.070.001440          1 0 0          1 0 0 15  3 13       14  2 12      434233837294713152    31.0   29.0
 11  314.331385 6.028E-30 1.091E+01.01960.235 6160.37270.07-.000670          1 0 0          1 0 0 15  2 13       14  3 12      434233837294713152    93.0   87.0
 11  314.341748 8.597E-30 3.344E-04.08320.371 3736.17080.700.002590          0 2 0          0 2 0  5  5  0        6  2  5      534233837294713152    33.0   39.0
 11  314.565169 1.054E-30 3.249E-03.07780.333 4725.06220.690.002510          1 0 0          0 0 1  8  6  3        8  2  6      534233837294713152    51.0   51.0
 11  314.719575 1.089E-30 5.029E-03.05790.298 4644.21720.54-.003250          1 0 0          0 2 0 11  1 11       10  2  8      534233837294713152    23.0   21.0
 11  314.741893 1.177E-20 1.689E-02.09380.454  173.36580.740.005040          0 0 0          0 0 0  4  4  1        3  1  2      764426807260783049    27.0   21.0
 11  314.755183 2.525E-30 7.499E-04.08270.391 4153.93810.72-.009750          0 0 1          1 0 0  5  5  1        5  3  2      534233837294713152    33.0   33.0
 11  314.950462 1.101E-30 9.916E+00.01960.235 6263.91980.07-.000670          0 0 1          0 0 1 15  2 13       14  3 12      434233837294713152    31.0   29.0
 11  314.965377 1.807E-30 1.349E+01.01060.221 6238.2424-.180.000300          1 0 0          1 0 0 16  1 15       15  2 14      434233837294713152    33.0   31.0
 11  315.002477 5.589E-29 1.425E+01.00840.208 5781.5207-.280.000130          0 2 0          0 2 0 17  0 17       16  1 16      434233837294713152   105.0   99.0
 11  315.004197 1.863E-29 1.425E+01.00840.208 5781.5167-.280.000140          0 2 0          0 2 0 17  1 17       16  0 16      434233837294713152    35.0   33.0
 11  315.005784 5.423E-30 1.350E+01.01060.221 6238.2137-.180.000320          1 0 0          1 0 0 16  2 15       15  1 14      434233837294713152    99.0   93.0
 11  315.081340 9.090E-20 4.732E+00.07950.394  816.69420.690.006170          0 0 0          0 0 0  8  4  4        7  3  5      764426807260783049    17.0   15.0
 11  315.204913 3.624E-25 3.408E+00.05410.327 3443.19190.50-.010550          0 0 0          0 0 0 16  5 11       15  6 10      464426837260783049    33.0   31.0
 11  315.260747 4.749E-30 1.587E-02.01830.183 4889.48780.150.003030          0 1 0          0 1 0 17  2 15       18  1 18      434233837294713152   105.0  111.0
 11  315.329495 8.193E-30 1.059E-03.06100.333 4071.73340.52-.014720          1 0 0          0 2 0  8  1  8        8  2  7      534233837294713152    51.0   51.0
 11  315.388794 3.151E-28 1.210E+00.08330.333 4792.34030.71-.009850          1 0 0          0 0 1  9  5  4        8  3  5      534223837294713152    57.0   51.0
 11  315.421136 3.475E-30 1.590E+01.00840.208 6375.0487-.280.000140          0 0 1          0 0 1 17  1 17       16  0 16      434233837294713152   105.0   99.0
 11  315.421412 1.158E-30 1.589E+01.00840.208 6375.0485-.280.000130          0 0 1          0 0 1 17  0 17       16  1 16      434233837294713152    35.0   33.0
 11  315.488505 6.056E-27 1.236E+01.04790.371 4613.57320.46-.002910          0 0 1          0 0 1  7  6  2        6  5  1      534223837294713152    45.0   39.0
 11  315.500688 1.584E-30 1.590E-02.01840.183 4889.48730.150.003040          0 1 0          0 1 0 17  3 15       18  0 18      434233837294713152    35.0   37.0
 11  315.542550 2.019E-27 1.237E+01.04760.371 4613.52630.45-.002700          0 0 1          0 0 1  7  6  1        6  5  2      534223837294713152    15.0   13.0
 11  315.582993 2.658E-24 1.104E-04.07810.324  744.06370.680.004000          0 0 0          0 0 0  7  5  3        8  0  8      764426837260783049    15.0   17.0
 11  315.909244 1.099E-30 4.394E+00.00990.161 6379.3889-.120.001060          0 1 0          0 1 0 20  4 17       20  3 18      434233837294713152   123.0  123.0
 11  316.006565 1.110E-30 1.390E+01.01060.221 6343.4336-.180.000320          0 0 1          0 0 1 16  2 15       15  1 14      434233837294713152    33.0   31.0
 11  316.041012 3.833E-30 1.156E+01.01960.235 6263.69910.070.001440          0 0 1          0 0 1 15  3 13       14  2 12      434233837294713152    93.0   87.0
 11  316.321288 2.966E-29 6.477E-10.06860.333  885.60020.620.000000          0 0 0          0 0 0  9  2  7        8  2  7     q6422308079917122 0    57.0   51.0
 11  316.567816 1.130E-30 3.533E-01.02640.235 5796.94260.24-.012380          0 2 0          0 0 1 15  2 13       14  0 14      434233837294713152    93.0   87.0
 11  316.586635 4.822E-30 1.071E-02.01210.141 4846.49460.060.004020          0 0 0          0 0 0 21  2 19       22  1 22      444233833260713049   129.0  135.0
 11  316.593028 1.608E-30 1.072E-02.01210.141 4846.49460.060.004020          0 0 0          0 0 0 21  3 19       22  0 22      444233833260713049    43.0   45.0
 11  316.601816 3.098E-27 3.313E-01.08590.391 3976.30810.700.006090          1 0 0          1 0 0  6  3  4        5  0  5      534223837294713152    39.0   33.0
 11  316.666139 1.086E-25 3.134E+00.08680.412 3736.17080.710.003780          0 2 0          0 2 0  7  3  4        6  2  5      564223837294783152    45.0   39.0
 11  316.772231 5.703E-30 3.333E-03.08410.391 4065.13180.710.002630          1 0 0          1 0 0  5  5  1        5  2  4      534233837294713152    11.0   11.0
 11  316.860218 1.730E-28 8.494E-04.04500.235 3266.51420.51-.008510          0 0 0          0 0 0 13 10  4       14  7  7      534233837260713049    27.0   29.0
 11  316.920206 2.355E-30 9.828E+00.01060.221 6342.5274-.180.000300          0 0 1          0 0 1 16  1 15       15  2 14      434233837294713152    99.0   93.0
 11  316.962864 7.311E-30 1.115E-02.07930.371 4296.56340.680.003650          0 0 1          0 0 1  6  5  2        6  2  5      534233837294713152    13.0   13.0
 11  317.010802 5.023E-27 7.465E+00.07030.352 4572.44630.64-.004950          1 0 0          1 0 0  8  5  4        7  4  3      534223837294713152    51.0   45.0
 11  317.269512 1.242E-28 3.176E-01.07000.352 4457.81870.63-.005290          0 2 0          1 0 0  8  6  2        7  3  5      534233837294713152    17.0   15.0
 11  317.331451 1.073E-25 1.521E+01.00840.208 4237.3209-.280.000130          0 1 0          0 1 0 17  0 17       16  1 16      464223837294713152   105.0   99.0
 11  317.332456 3.578E-26 1.522E+01.00840.208 4237.3204-.280.000140          0 1 0          0 1 0 17  1 17       16  0 16      464223837294713152    35.0   33.0
 11  317.382072 6.465E-30 2.498E-03.07990.315 4068.93110.700.004700          0 2 0          0 2 0  8  4  4        9  1  9      534233837294713152    17.0   19.0
 11  317.455652 1.611E-30 9.404E+00.06560.371 6022.78450.59-.004230          1 1 0          1 1 0  7  5  3        6  4  2      434233837294713152    15.0   13.0
 11  317.467942 5.547E-28 9.045E-02.09090.412 4027.80400.730.005490          0 0 1          0 0 1  5  4  2        4  1  3      534223837294713152    33.0   27.0
 11  317.562041 2.124E-30 7.565E-02.07630.315 5022.28130.680.001310          0 0 1          0 0 1  9  6  3        9  3  6      534233837294713152    19.0   19.0
 11  317.573633 3.256E-30 1.353E-10.08330.391  742.07300.690.000000          0 0 0          0 0 0  7  5  3        5  5  1     q7422308079917122 0    15.0   11.0
 11  317.629472 1.611E-29 3.527E-10.08330.391  610.11440.690.000000          0 0 0          0 0 0  7  4  4        5  4  2     q7422308079917122 0    15.0   11.0
 11  317.759159 9.800E-30 1.359E-10.08330.391  742.07630.690.000000          0 0 0          0 0 0  7  5  2        5  5  0     q7422308079917122 0    45.0   33.0
 11  317.791831 4.710E-30 9.169E+00.06240.371 6022.54600.56-.002110          1 1 0          1 1 0  7  5  2        6  4  3      434233837294713152    45.0   39.0
 11  317.978659 8.950E-29 9.328E-01.08330.333 4769.03850.71-.008910          0 0 1          1 0 0  9  4  5        8  4  4      534233837294713152    19.0   17.0
 11  318.069449 3.642E-27 8.286E+00.06360.352 4658.97470.57-.000170          0 0 1          0 0 1  8  5  3        7  4  4      534223837294713152    51.0   45.0
 11  318.289481 2.244E-30 1.867E-01.08900.371 5117.98800.720.004730          0 3 0          0 3 0  6  3  3        6  0  6      434233837294713152    13.0   13.0
 11  318.426081 1.343E-30 5.216E-04.04930.315 4068.93110.40-.014670          1 0 0          0 2 0  8  0  8        9  1  9      534233837294713152    17.0   19.0
 11  318.844729 4.216E-29 2.395E+00.01890.235 5204.00870.060.002150          0 2 0          0 2 0 14  1 13       14  0 14      434233837294713152    29.0   29.0
 11  319.005836 1.021E-30 1.140E-03.08180.333 4259.87640.72-.000550          0 2 0          0 2 0  7  6  2        8  3  5      534233837294713152    15.0   17.0
 11  319.037142 5.243E-28 8.583E-04.04340.235 3264.33740.50-.006690          0 0 0          0 0 0 13 10  3       14  7  8      534423837260713049    81.0   87.0
 11  319.087221 2.469E-29 1.177E+00.09100.391 5002.56870.720.002330          0 3 0          0 3 0  6  2  4        5  1  5      434233837294713152    13.0   11.0
 11  319.098677 1.266E-28 2.401E+00.01890.235 5204.01870.060.002160          0 2 0          0 2 0 14  2 13       14  1 14      434233837294713152    87.0   87.0
 11  319.616819 3.020E-30 1.126E-03.07380.352 4033.61450.63-.021590          1 0 0          0 2 0  7  2  6        7  3  5      534263837294713152    15.0   15.0
 11  319.876165 1.526E-23 5.614E+00.07540.401 2904.67040.660.000480          0 1 0          0 1 0 10  4  7        9  3  6      564223837294783152    63.0   57.0
 11  320.053194 3.053E-27 1.254E+01.04790.371 4526.72040.46-.002910          1 0 0          1 0 0  7  6  2        6  5  1      534223837294713152    15.0   13.0
 11  320.056054 9.150E-27 1.253E+01.04760.371 4526.71980.45-.002700          1 0 0          1 0 0  7  6  1        6  5  2      434223837294713152    45.0   39.0
 11  320.150555 9.993E-30 6.557E-02.07650.315 4918.23470.67-.005260          0 2 0          1 0 0 10  6  5        9  3  6      434233837294713152    63.0   57.0
 11  320.328597 4.295E-22 7.609E+00.05290.318 2105.86790.500.012220          0 0 0          0 0 0 13  4 10       12  3  9      564426837260783049    27.0   25.0
 11  320.349681 1.434E-28 4.376E-02.09470.412 3927.80280.740.002890          0 0 1          1 0 0  5  3  2        4  1  3      534233837294713152    11.0    9.0
 11  320.413478 2.402E-22 1.626E+01.00840.176 2660.9460-.280.000130          0 0 0          0 0 0 17  0 17       16  1 16      564426837260783049   105.0   99.0
 11  320.413705 8.005E-23 1.626E+01.00840.176 2660.9458-.280.000140          0 0 0          0 0 0 17  1 17       16  0 16      564426837260783049    35.0   33.0
 11  320.663275 1.159E-30 5.894E-04.07530.371 4292.90990.65-.010300          0 0 1          1 0 0  6  5  1        6  3  4      534233837294713152    39.0   39.0
 11  320.671486 6.361E-30 1.478E+01.04040.391 6026.58200.41-.001990          1 1 0          1 1 0  6  6  1        5  5  0      434233837294713152    39.0   33.0
 11  320.673292 2.120E-30 1.478E+01.04040.391 6026.58040.41-.001900          1 1 0          1 1 0  6  6  0        5  5  1      434233837294713152    13.0   11.0
 11  320.727101 5.994E-29 3.513E+00.01010.183 5258.6305-.140.001460          0 1 0          0 1 0 18  2 16       18  1 17      434233837294713152    37.0   37.0
 11  320.790804 2.585E-22 1.163E+01.01960.208 2551.48350.07-.000670          0 0 0          0 0 0 15  2 13       14  3 12      564426837260783049    93.0   87.0
 11  320.860341 1.804E-28 3.527E+00.01010.183 5258.6309-.140.001450          0 1 0          0 1 0 18  3 16       18  2 17      434233837294713152   111.0  111.0
 11  320.895935 5.122E-29 3.803E-10.08330.391  610.34120.690.000000          0 0 0          0 0 0  7  4  3        5  4  1     q7422308079917122 0    45.0   33.0
 11  320.932099 2.862E-26 1.352E+01.01060.221 4243.1540-.180.000300          0 1 0          0 1 0 16  1 15       15  2 14      464223837294713152    33.0   31.0
 11  320.953829 1.362E-30 3.226E-04.09620.412 3875.01710.740.001460          0 0 1          1 0 0  5  2  3        4  0  4      534233837294713152    11.0    9.0
 11  321.000062 8.590E-26 1.353E+01.01060.221 4243.1096-.180.000320          0 1 0          0 1 0 16  2 15       15  1 14      464223837294713152    99.0   93.0
 11  321.013292 5.014E-30 1.028E-01.07860.298 4925.78680.710.005670          1 0 0          1 0 0 10  4  6       10  1  9      434233837294713152    21.0   21.0
 11  321.103058 7.591E-23 1.420E+01.01060.183 2631.2835-.180.000300          0 0 0          0 0 0 16  1 15       15  2 14      564426837260783049    33.0   31.0
 11  321.124851 2.278E-22 1.421E+01.01060.183 2631.2689-.180.000320          0 0 0          0 0 0 16  2 15       15  1 14      564426837260783049    99.0   93.0
 11  321.389214 7.302E-29 1.423E-02.08580.391 3868.87300.71-.015610          1 0 0          0 2 0  6  1  5        5  4  2      534223837294713152    13.0   11.0
 11  321.489568 1.701E-30 8.937E+00.04210.250 6132.64410.400.010650          0 0 1          0 0 1 14  4 11       13  3 10      434233837294713152    29.0   27.0
 11  321.698033 8.681E-23 1.173E+01.01960.206 2550.88250.070.001440          0 0 0          0 0 0 15  3 13       14  2 12      564426837260783049    31.0   29.0
 11  321.902597 8.672E-26 1.100E+01.01960.235 4184.83120.07-.000670          0 1 0          0 1 0 15  2 13       14  3 12      564223837294713152    93.0   87.0
 11  321.918216 2.071E-30 6.296E-10.06460.315 1216.23130.600.000000          0 0 0          0 0 0 10  3  7        9  3  7     q6422308079917122 0    21.0   19.0
 11  321.920867 1.227E-29 1.288E+01.01060.221 5827.4861-.180.000300          0 2 0          0 2 0 16  1 15       15  2 14      434233837294713152    33.0   31.0
 11  322.155492 3.688E-29 1.291E+01.01060.221 5827.3382-.180.000320          0 2 0          0 2 0 16  2 15       15  1 14      434233837294713152    99.0   93.0
 11  322.452098 4.742E-30 4.038E-03.07440.352 4452.35280.660.002700          0 2 0          0 0 1  8  6  3        7  2  6      534233837294713152    51.0   45.0
 11  322.647934 8.705E-25 2.359E-01.07780.331 2818.39810.700.011410          0 1 0          0 1 0  9  5  4        9  2  7      664223837294783152    57.0   57.0
 11  322.695770 2.996E-30 2.853E+00.03300.235 6019.83170.34-.022910          0 0 1          0 2 0 15  2 14       14  4 11      434233837294713152    93.0   87.0
 11  322.972419 3.006E-28 6.099E-04.06780.315 2983.32310.66-.001380          0 1 0          0 1 0  8  7  1        9  4  6      534223837294713152    17.0   19.0
 11  322.996189 8.134E-30 8.666E+00.04210.250 6028.85820.400.010650          1 0 0          1 0 0 14  4 11       13  3 10      434233837294713152    87.0   81.0
 11  323.003574 3.064E-30 2.341E-01.07130.281 5439.05630.660.014260          1 0 0          1 0 0 11  6  5       11  3  8      434233837294713152    69.0   69.0
 11  323.077903 3.156E-29 9.875E+00.01960.235 5790.43250.07-.000670          0 2 0          0 2 0 15  2 13       14  3 12      434233837294713152    93.0   87.0
 11  323.272204 5.138E-29 3.682E+00.05040.208 5512.01420.48-.014840          0 1 0          0 1 0 17  5 12       16  6 11      434233837294713152   105.0   99.0
 11  323.428221 1.291E-25 7.205E+00.07690.330 3864.96610.660.004650          0 2 0          0 2 0  7  4  3        6  3  4      564223837294783152    45.0   39.0
 11  323.434910 3.029E-22 1.348E-01.07860.376 1293.01810.710.005670          0 0 0          0 0 0 10  4  6       10  1  9      664426837260783049    21.0   21.0
 11  323.475076 4.483E-28 1.733E-01.08110.333 4062.83810.710.006360          0 2 0          0 2 0  8  4  4        8  1  7      534223837294713152    17.0   17.0
 11  323.630794 1.610E-19 3.498E-01.08590.465  325.34790.700.006090          0 0 0          0 0 0  6  3  4        5  0  5      764426807260783049    39.0   33.0
 11  323.929646 2.765E-19 8.748E+00.07030.379  931.23710.64-.004950          0 0 0          0 0 0  8  5  4        7  4  3      764426807260783049    51.0   45.0
 11  324.001387 1.638E-29 4.305E+00.00720.141 5604.3055-.230.001420          0 0 0          0 0 0 22  3 19       22  2 20      444233833260713049    45.0   45.0
 11  324.055158 4.914E-29 4.307E+00.00720.141 5604.3090-.220.001410          0 0 0          0 0 0 22  4 19       22  3 20      444233833260713049   135.0  135.0
 11  324.076955 1.496E-30 1.782E-01.05400.265 5336.32710.530.000080          1 0 0          0 2 0 13  2 12       12  3  9      434233837294713152    27.0   25.0
 11  324.133597 2.943E-26 1.125E+01.01960.235 4183.38900.070.001440          0 1 0          0 1 0 15  3 13       14  2 12      464223837294713152    31.0   29.0
 11  324.201986 1.342E-28 8.695E+00.08160.391 5286.56290.70-.001300          0 3 0          0 3 0  6  4  3        5  3  2      434233837294713152    39.0   33.0
 11  324.319129 4.218E-25 1.310E-01.07970.361 2595.81290.700.007960          0 1 0          0 1 0  8  5  3        8  2  6      664223837294783152    17.0   17.0
 11  324.519085 3.186E-28 1.238E-01.06130.333 4062.83810.52-.007310          1 0 0          0 2 0  8  0  8        8  1  7      534223837294713152    17.0   17.0
 11  324.875986 7.536E-23 1.023E+01.06560.303 2399.16550.59-.004230          0 1 0          0 1 0  7  5  3        6  4  2      664223837294783152    15.0   13.0
 11  324.970410 1.232E-29 2.698E-10.07810.371  602.77350.670.000000          0 0 0          0 0 0  7  4  4        6  2  4     q7422308079917122 0    15.0   13.0
 11  325.101382 6.001E-31 1.808E-03.07830.379 4457.81870.670.000000          0 0 1          1 0 0  7  5  2        7  3  5      5333308387659336 0    15.0   15.0
 11  325.140333 1.673E-24 6.052E+00.06930.374 3162.25890.610.006650          0 1 0          0 1 0 11  4  8       10  3  7      564223837294783152    23.0   21.0
 11  325.210385 3.968E-31 3.413E-01.05650.273 5726.06220.550.000000          1 0 0          1 0 0 12  6  6       12  3  9      4333308387659336 0    25.0   25.0
 11  325.289497 1.247E-30 5.373E-03.06480.315 4600.49730.61-.029770          1 0 0          0 2 0 10  1  9        9  4  6      434233837294713152    21.0   19.0
 11  325.414451 1.429E-27 6.373E+00.06360.352 4563.98960.57-.000170          1 0 0          1 0 0  8  5  3        7  4  4      534223837294713152    17.0   15.0
 11  325.456881 3.722E-29 1.975E-03.05270.265 3940.51940.55-.002630          0 1 0          0 1 0 11  8  3       12  5  8      534233837294713152    69.0   75.0
 11  325.513784 6.316E-30 9.182E-02.05380.315 4850.44130.47-.023830          0 0 1          1 0 0 10  3  8        9  3  7      434233837294713152    21.0   19.0
 11  325.785642 2.274E-22 1.029E+01.06240.305 2398.38150.56-.002110          0 1 0          0 1 0  7  5  2        6  4  3      664223837294783152    45.0   39.0
 11  325.798638 1.102E-28 6.011E-02.08760.391 4076.14330.710.003080          1 0 0          0 0 1  6  4  2        5  0  5      534233837294713152    13.0   11.0
 11  325.864288 3.074E-22 3.724E-03.08410.367  416.20870.710.002630          0 0 0          0 0 0  5  5  1        5  2  4      764426807260783049    11.0   11.0
 11  326.062465 2.836E-29 1.559E-02.07950.352 4332.91230.680.005350          0 0 1          0 0 1  7  4  4        7  1  7      534233837294713152    45.0   45.0
 11  326.090046 4.588E-30 4.443E+00.03010.235 6019.83170.25-.006200          0 2 0          0 2 0 15  3 12       14  4 11      434233837294713152    93.0   87.0
 11  326.134610 1.063E-29 5.430E-01.05640.315 5108.34930.51-.019310          0 0 1          1 0 0 10  5  6        9  5  5      434233837294713152    21.0   19.0
 11  326.305074 3.669E-27 3.260E+00.00750.161 4412.3166-.230.001870          0 0 0          0 0 0 20  2 18       20  1 19      434426837260713049    41.0   41.0
 11  326.316749 1.101E-26 3.261E+00.00750.146 4412.3171-.230.001870          0 0 0          0 0 0 20  3 18       20  2 19      464426837260783049   123.0  123.0
 11  326.355740 2.187E-23 6.011E+00.05000.306 2918.24490.48-.015160          0 0 0          0 0 0 15  4 11       14  5 10      564426837260783049    93.0   87.0
 11  326.500609 3.173E-27 3.082E+00.04880.195 4409.34430.45-.000390          0 0 0          0 0 0 18  6 12       17  7 11      434426837260713049    37.0   35.0
 11  326.595704 1.212E-30 2.711E-03.06170.298 4669.73590.590.006300          0 2 0          0 2 0  9  6  3       10  3  8      434233837294713152    57.0   63.0
 11  326.599773 7.872E-31 5.167E+00.07830.379 6063.38380.670.000000          1 1 0          1 1 0  8  4  4        7  3  5      4333308387659336 0    17.0   15.0
 11  326.765772 4.613E-27 2.180E+00.01320.208 4237.3204-.060.002470          0 1 0          0 1 0 16  1 15       16  0 16      434223837294713152    33.0   33.0
 11  326.788700 1.384E-26 2.181E+00.01320.208 4237.3209-.060.002470          0 1 0          0 1 0 16  2 15       16  1 16      464223837294713152    99.0   99.0
 11  326.899393 4.549E-29 8.857E+00.07520.391 5284.19800.640.001430          0 3 0          0 3 0  6  4  2        5  3  3      434233837294713152    13.0   11.0
 11  327.208725 2.722E-26 2.574E-04.05890.249 2144.04630.65-.006170          0 0 0          0 0 0 10  9  2       11  6  5      564426837260783049    63.0   69.0
 11  327.328899 3.358E-29 1.120E-02.07930.371 4199.39090.680.003650          1 0 0          1 0 0  6  5  2        6  2  5      534233837294713152    39.0   39.0
 11  327.401491 2.478E-30 1.082E-03.03570.208 4207.56200.41-.007360          0 0 0          0 0 0 15 11  5       16  8  8      434233837260713049    31.0   33.0
 11  327.557119 1.525E-19 1.357E+01.04790.272  888.63270.46-.002910          0 0 0          0 0 0  7  6  2        6  5  1      764426837260783049    15.0   13.0
 11  327.595765 4.577E-19 1.358E+01.04760.268  888.59870.45-.002700          0 0 0          0 0 0  7  6  1        6  5  2      764426837260783049    45.0   39.0
 11  327.819640 2.885E-22 1.580E+01.04040.220 2406.14310.41-.001990          0 1 0          0 1 0  6  6  1        5  5  0      664223837294783152    39.0   33.0
 11  327.822043 9.617E-23 1.580E+01.04040.220 2406.14090.41-.001900          0 1 0          0 1 0  6  6  0        5  5  1      764223837294783152    13.0   11.0
 11  328.006097 6.448E-30 7.470E-02.07860.298 5027.25670.710.005670          0 0 1          0 0 1 10  4  6       10  1  9      534233837294713152    63.0   63.0
 11  328.011239 3.878E-25 1.899E+00.00970.158 3319.4483-.150.002650          0 0 0          0 0 0 18  1 17       18  0 18      464426837260783049    37.0   37.0
 11  328.013022 1.163E-24 1.898E+00.00970.158 3319.4483-.150.002650          0 0 0          0 0 0 18  2 17       18  1 18      464426837260783049   111.0  111.0
 11  328.159363 1.002E-30 2.553E-02.10050.456 4737.20250.750.009000          0 3 0          0 3 0  3  3  1        2  0  2      434233837294713152     7.0    5.0
 11  328.167646 9.435E-20 8.988E+00.05200.336  927.74390.57-.000170          0 0 0          0 0 0  8  5  3        7  4  4      764426807240783049    17.0   15.0
 11  328.176011 2.027E-30 1.405E-01.07280.298 5169.03920.660.008220          1 0 0          1 0 0 10  6  4       10  3  7      434233837294713152    21.0   21.0
 11  328.351827 1.813E-25 1.219E+01.06170.253 3868.98700.56-.003840          0 2 0          0 2 0  6  5  2        5  4  1      564223837294783152    39.0   33.0
 11  328.488092 6.043E-26 1.219E+01.06030.256 3868.87300.54-.002980          0 2 0          0 2 0  6  5  1        5  4  2      564223837294783152    13.0   11.0
 11  328.609003 9.621E-30 1.974E-03.09330.434 3796.53970.720.004000          0 0 1          1 0 0  4  3  2        3  1  3      534233837294713152     9.0    7.0
 11  328.632237 7.473E-30 1.088E-03.03520.208 4206.33130.41-.006330          0 0 0          0 0 0 15 11  4       16  8  9      434233837260713049    93.0   99.0
 11  328.657349 9.137E-27 2.592E-04.05740.281 2142.59770.64-.005380          0 0 0          0 0 0 10  9  1       11  6  6      534426837260713049    21.0   23.0
 11  328.687032 1.687E-30 5.548E-04.06730.333 4224.58650.57-.009130          0 0 1          0 2 0  7  3  5        8  3  6      534233837294713152    45.0   51.0
 11  328.803546 1.122E-29 1.064E+01.01960.235 5786.85260.070.001440          0 2 0          0 2 0 15  3 13       14  2 12      434233837294713152    31.0   29.0
 11  328.866255 5.630E-25 1.049E-02.08750.391 1922.82900.710.004580          0 1 0          0 1 0  5  4  2        5  1  5      764223837294713152    11.0   11.0
 11  328.898452 5.464E-26 6.887E+00.08300.382 4052.83690.71-.001640          0 2 0          0 2 0  8  4  5        7  3  4      564223837294783152    51.0   45.0
 11  329.002228 1.457E-25 3.550E-01.07540.298 3058.39840.700.014120          0 1 0          0 1 0 10  5  5       10  2  8      564223837294713152    21.0   21.0
 11  329.127332 2.684E-29 9.155E-01.08070.315 5022.28130.69-.001440          1 0 0          0 0 1 10  5  5        9  3  6      534233837294713152    21.0   19.0
 11  329.262778 7.354E-29 8.167E-03.09380.434 3895.58810.730.005660          0 0 1          0 0 1  4  4  0        3  1  3      534233837294713152    27.0   21.0
 11  329.286894 3.674E-30 2.889E-04.09300.391 3598.51590.72-.010720          1 0 0          0 2 0  4  1  3        5  2  4      534223837294713152     9.0   11.0
 11  329.839340 1.540E-24 6.777E+00.06310.281 3441.03950.580.011300          0 1 0          0 1 0 12  4  9       11  3  8      564223837294713152    75.0   69.0
 11  329.983901 1.267E-28 4.053E-02.09090.412 3927.80280.730.005490          1 0 0          1 0 0  5  4  2        4  1  3      534233837294713152    11.0    9.0
 11  330.052597 7.320E-30 3.377E-02.08080.333 4792.34030.72-.000780          0 0 1          0 0 1  8  6  2        8  3  5      534233837294713152    51.0   51.0
 11  330.263202 2.663E-27 4.719E-01.08600.371 4095.80320.690.000780          1 0 0          1 0 0  7  2  5        6  1  6      534223837294713152    45.0   39.0
 11  330.309287 2.538E-29 2.545E-02.07470.352 4452.35280.660.005240          0 0 1          0 0 1  7  5  3        7  2  6      534233837294713152    45.0   45.0
 11  330.570834 4.249E-31 1.042E+01.04490.231 6454.13370.490.000000          0 0 1          0 0 1 15  3 12       14  4 11      4333308387659336 0    31.0   29.0
 11  330.822864 1.473E-22 2.592E-01.07130.334 1813.22340.660.014260          0 0 0          0 0 0 11  6  5       11  3  8      664426837260783049    69.0   69.0
 11  330.969123 1.714E-29 2.810E+00.04540.172 5481.10230.440.009390          0 0 0          0 0 0 20  7 13       19  8 12      434233837260713049    41.0   39.0
 11  331.014334 4.856E-31 2.717E-04.07700.425 4076.14330.670.000000          0 2 0          0 0 1  6  6  0        5  0  5      5333308387659336 0    13.0   11.0
 11  331.300037 3.561E-22 9.270E+00.04210.281 2414.72340.400.010650          0 0 0          0 0 0 14  4 11       13  3 10      564426837260783049    87.0   81.0
 11  331.574013 4.772E-31 1.827E+01.01550.189 6581.27940.190.000000          1 0 0          1 0 0 18  0 18       17  1 17      4333308387659336 0    37.0   35.0
 11  331.574568 1.334E-24 6.037E-02.08180.352 2392.59250.700.004550          0 1 0          0 1 0  7  5  2        7  2  5      664223837294713152    45.0   45.0
 11  331.605358 1.657E-29 1.722E-02.07950.352 4232.38430.680.005350          1 0 0          1 0 0  7  4  4        7  1  7      534233837294713152    15.0   15.0
 11  331.633971 1.905E-23 3.852E-01.06750.330 2105.86790.650.018460          0 0 0          0 0 0 12  6  6       12  3  9      564426837260783049    25.0   25.0
 11  331.654433 1.394E-27 8.129E+00.07450.333 4861.80320.68-.005260          0 0 1          0 0 1  9  5  5        8  4  4      534223837294713152    57.0   51.0
 11  331.735656 3.958E-23 5.974E+00.07950.399 2439.95450.690.006170          0 1 0          0 1 0  8  4  4        7  3  5      664223837294783152    17.0   15.0
 11  331.985820 5.246E-31 1.349E+01.03740.213 6475.44600.430.000000          1 0 0          1 0 0 16  2 14       15  3 13      4333308387659336 0    33.0   31.0
 11  332.131304 5.283E-28 4.608E-01.08600.371 4195.81810.690.000780          0 0 1          0 0 1  7  2  5        6  1  6      534223837294713152    15.0   13.0
 11  332.169767 2.419E-26 9.008E+00.03010.235 4396.05140.25-.006200          0 1 0          0 1 0 15  3 12       14  4 11      564223837294713152    93.0   87.0
 11  332.284355 4.555E-31 1.614E+01.02600.200 6553.20780.310.000000          1 0 0          1 0 0 17  2 16       16  1 15      4333308387659336 0    35.0   33.0
 11  332.317272 1.700E-29 3.546E-02.06750.391 4345.55910.65-.023070          1 0 0          0 0 1  6  6  0        5  4  1      534233837294713152    13.0   11.0
 11  332.439598 1.387E-29 1.685E+01.00690.195 6096.5232-.340.000160          0 2 0          0 2 0 18  1 18       17  0 17      434233837294713152   111.0  105.0
 11  332.450853 4.621E-30 1.684E+01.00690.195 6096.5209-.340.000160          0 2 0          0 2 0 18  0 18       17  1 17      434233837294713152    37.0   35.0
 11  332.531863 2.862E-24 1.937E-04.07070.288 1079.07960.660.005360          0 0 0          0 0 0  8  6  3        9  1  8      764426807260783049    51.0   57.0
 11  332.604269 4.913E-29 3.416E-02.06640.391 4345.27190.64-.023410          1 0 0          0 0 1  6  6  1        5  4  2      534233837294713152    39.0   33.0
 11  332.688823 1.517E-28 7.962E-10.07810.371  552.91140.670.000000          0 0 0          0 0 0  8  2  7        6  2  5     q7422308079917122 0    51.0   39.0
 11  332.899680 6.283E-29 7.632E-03.08110.371 4015.51510.69-.019210          1 0 0          0 2 0  7  1  6        6  4  3      534243837294713152    45.0   39.0
 11  332.924208 3.016E-30 1.159E-02.05990.333 4774.80490.57-.001780          1 0 0          0 2 0  9  5  4        8  6  3      434223837294713152    57.0   51.0
 11  332.952622 1.776E-29 1.352E-01.08910.333 4689.32860.73-.012060          0 0 1          1 0 0  9  3  6        8  3  5      534233837294713152    19.0   17.0
 11  333.045085 1.871E-30 4.258E-03.06760.333 4643.99910.60-.003200          0 0 1          1 0 0  8  5  3        8  3  6      534233837294713152    51.0   51.0
 11  333.261146 3.077E-29 3.559E-01.05680.333 4775.08820.55-.008010          1 0 0          0 2 0  9  5  5        8  6  2      534243837294713152    19.0   17.0
 11  333.299436 9.177E-25 8.167E-05.07640.316  882.89030.690.004080          0 0 0          0 0 0  7  6  2        8  1  7      764426807260783049    15.0   17.0
 11  333.326397 6.670E-25 6.164E-02.08490.399 2337.46330.710.003090          0 1 0          0 1 0  8  3  5        8  0  8      664223837294783152    17.0   17.0
 11  333.340928 1.203E-29 8.454E-10.06860.333  882.89030.620.000000          0 0 0          0 0 0  9  3  7        8  1  7     q6422308079917122 0    19.0   17.0
 11  333.466860 3.601E-29 9.788E-01.05870.315 4971.26070.52-.023350          0 0 1          1 0 0 10  4  7        9  4  6      434233837294713152    21.0   19.0
 11  333.544539 1.820E-28 8.773E-10.08330.391  508.81210.690.000000          0 0 0          0 0 0  7  3  4        5  3  2     q7422308079917122 0    45.0   33.0
 11  333.730825 4.232E-29 7.054E-10.07340.352  586.47920.650.000000          0 0 0          0 0 0  9  1  9        7  1  7     q6422308079917122 0    19.0   15.0
 11  333.924801 1.275E-28 7.082E-10.07340.352  586.24350.650.000000          0 0 0          0 0 0  9  0  9        7  0  7     q6422308079917122 0    57.0   45.0
 11  334.030522 4.962E-31 9.733E+00.06720.349 6281.23350.640.000000          0 1 1          0 1 1  8  5  4        7  4  3      4333308387659336 0    17.0   15.0
 11  334.155205 8.265E-23 1.021E+01.03500.251 2746.02350.25-.006200          0 0 0          0 0 0 15  3 12       14  4 11      564426837240783049    93.0   87.0
 11  334.231442 9.013E-30 5.159E-03.07110.333 4381.73540.64-.026800          1 0 0          0 2 0  9  1  8        8  4  5      534223837294713152    57.0   51.0
 11  334.368722 1.248E-30 2.205E-02.06740.315 5107.72910.61-.005160          0 0 1          1 0 0 10  5  5        9  5  4      534233837294713152    63.0   57.0
 11  334.424861 1.351E-29 9.176E-04.07960.371 3864.96610.66-.018610          1 0 0          0 2 0  6  2  5        6  3  4      534233837294713152    39.0   39.0
 11  334.617390 1.334E-20 8.506E-02.09090.449  275.49700.730.005490          0 0 0          0 0 0  5  4  2        4  1  3      764426807260783049    11.0    9.0
 11  334.834487 8.775E-27 1.798E+01.00690.195 4554.6528-.340.000160          0 1 0          0 1 0 18  0 18       17  1 17      434223837294713152    37.0   35.0
 11  334.835419 2.632E-26 1.798E+01.00690.195 4554.6524-.340.000160          0 1 0          0 1 0 18  1 18       17  0 17      464223837294713152   111.0  105.0
 11  334.916924 5.879E-29 7.070E-10.06860.333  744.16270.620.000000          0 0 0          0 0 0  9  1  8        8  1  8     q6422308079917122 0    57.0   51.0
 11  334.923449 9.409E-30 6.519E-11.08330.391  326.62550.690.000000          0 0 0          0 0 0  6  3  3        5  1  5     q7422308079917122 0    13.0   11.0
 11  334.998404 5.019E-24 1.588E-04.07400.330  920.16840.670.004830          0 0 0          0 0 0  8  5  4        9  0  9      664426837260783049    51.0   57.0
 11  335.121157 5.326E-30 1.426E-03.06900.333 4224.58650.61-.017650          1 0 0          0 2 0  9  0  9        8  3  6      534233837294713152    57.0   51.0
 11  335.157480 1.412E-19 5.085E-01.08600.430  447.25240.690.000780          0 0 0          0 0 0  7  2  5        6  1  6      764426807260783049    45.0   39.0
 11  335.446248 3.467E-28 4.503E-10.09400.434  173.36580.730.000000          0 0 0          0 0 0  5  3  2        3  1  2     q7422308079917122 0    33.0   21.0
 11  335.495329 1.470E-25 7.841E+00.05290.317 3738.54320.500.012220          0 1 0          0 1 0 13  4 10       12  3  9      564223837294783152    27.0   25.0
 11  335.687355 1.863E-21 1.297E-02.07930.357  552.91140.680.003650          0 0 0          0 0 0  6  5  2        6  2  5      764426807260783049    39.0   39.0
 11  335.839066 7.840E-30 1.019E-02.08030.333 4525.96410.700.000530          0 0 1          1 0 0  8  4  4        8  2  7      534233837294713152    51.0   51.0
 11  335.899162 3.484E-28 1.255E-09.08330.391  446.51070.690.000000          0 0 0          0 0 0  7  2  5        5  2  3     q7422308079917122 0    45.0   33.0
 11  336.097288 9.655E-28 1.628E+00.08440.352 4353.23140.710.003480          1 0 0          1 0 0  8  3  5        7  2  6      434223837294713152    17.0   15.0
 11  336.144918 7.044E-31 1.055E+01.04490.231 6347.29100.490.000000          1 0 0          1 0 0 15  4 12       14  3 11      4333308387659336 0    31.0   29.0
 11  336.183580 8.680E-29 1.290E-01.06830.352 4553.27350.60-.008510          1 0 0          0 0 1  8  5  4        7  3  5      534233837294713152    51.0   45.0
 11  336.321781 1.995E-29 7.242E-10.06860.333  744.06370.620.000000          0 0 0          0 0 0  9  2  8        8  0  8     q6422308079917122 0    19.0   17.0
 11  336.392226 4.014E-27 1.848E+01.03030.371 4759.85310.31-.001610          0 0 1          0 0 1  7  7  1        6  6  0      534223837294713152    45.0   39.0
 11  336.392915 1.338E-27 1.848E+01.03030.371 4759.85250.31-.001600          0 0 1          0 0 1  7  7  0        6  6  1      534223837294713152    15.0   13.0
 11  336.532176 4.810E-29 1.537E+01.05460.412 5342.19550.52-.002320          0 3 0          0 3 0  5  5  1        4  4  0      434233837294713152    11.0    9.0
 11  336.542094 1.443E-28 1.537E+01.05420.412 5342.18720.51-.001980          0 3 0          0 3 0  5  5  0        4  4  1      434233837294713152    33.0   27.0
 11  336.583338 1.168E-30 7.695E-02.07040.298 5169.03920.630.007660          0 2 0          1 0 0 11  6  6       10  3  7      434233837294713152    23.0   21.0
 11  336.730939 6.041E-30 3.067E-03.07960.391 4050.50380.70-.007520          0 0 1          0 2 0  6  3  4        5  5  1      534233837294713152    13.0   11.0
 11  336.904945 7.720E-29 4.389E+00.08680.371 5276.46430.710.003780          0 3 0          0 3 0  7  3  4        6  2  5      434233837294713152    45.0   39.0
 11  336.931574 2.297E-30 1.585E-04.05870.333 3895.25290.48-.014140          1 0 0          0 2 0  7  0  7        8  1  8      534233837294713152    45.0   51.0
 11  337.019541 7.643E-30 5.757E-03.07620.352 4186.56940.67-.023200          1 0 0          0 2 0  8  1  7        7  4  4      434223837294713152    17.0   15.0
 11  337.312353 9.725E-23 1.523E-01.07280.387 1538.14950.660.008220          0 0 0          0 0 0 10  6  4       10  3  7      664426837260783049    21.0   21.0
 11  337.604292 6.743E-29 1.062E-03.06910.281 3659.90400.69-.007790          0 1 0          0 1 0 10  8  3       11  5  6      534233837294713152    63.0   69.0
 11  337.843673 8.371E-28 1.065E-03.07940.281 2915.89430.710.004020          0 1 0          0 1 0 10  4  6       11  1 11      534223837294713152    21.0   23.0
 11  338.088745 1.933E-23 1.920E+01.00690.164 2981.3595-.340.000160          0 0 0          0 0 0 18  0 18       17  1 17      464426837260783049    37.0   35.0
 11  338.088859 5.799E-23 1.920E+01.00690.164 2981.3594-.340.000160          0 0 0          0 0 0 18  1 18       17  0 17      464426837260783049   111.0  105.0
 11  338.106014 1.518E-30 9.956E+00.06360.352 6277.86300.57-.000170          0 1 1          0 1 1  8  5  3        7  4  4      434233837294713152    51.0   45.0
 11  338.147651 9.207E-31 2.354E-03.07040.339 4436.94050.630.000000          0 2 0          0 2 0  8  6  2        9  3  7      5333308387659336 0    17.0   19.0
 11  338.213919 9.449E-30 7.480E-02.07630.315 4918.23470.680.001310          1 0 0          1 0 0  9  6  3        9  3  6      434233837294713152    57.0   57.0
 11  338.216477 4.289E-30 8.888E-04.07010.352 3894.16780.59-.014960          1 0 0          0 2 0  7  1  7        7  2  6      534253837294713152    15.0   15.0
 11  338.221430 1.837E-28 1.626E-04.07780.333 2771.69010.73-.002360          0 1 0          0 1 0  7  7  1        8  4  4      634233837294713152    15.0   17.0
 11  338.227341 6.318E-25 3.337E-04.06550.291 1293.01810.630.006800          0 0 0          0 0 0  9  6  4       10  1  9      664426837260783049    19.0   21.0
 11  338.258665 2.863E-29 6.154E-03.09380.434 3796.53970.730.005660          1 0 0          1 0 0  4  4  0        3  1  3      534233837294713152     9.0    7.0
 11  338.475252 2.150E-23 1.414E+01.01560.192 2872.5805-.010.000140          0 0 0          0 0 0 16  2 14       15  3 13      564426837260783049    33.0   31.0
 11  338.504392 2.096E-26 1.613E+01.00860.208 4564.1096-.260.000220          0 1 0          0 1 0 17  1 16       16  2 15      464223837294713152   105.0   99.0
 11  338.540394 6.989E-27 1.614E+01.00860.208 4564.0861-.260.000220          0 1 0          0 1 0 17  2 16       16  1 15      434223837294713152    35.0   33.0
 11  338.656692 1.576E-28 1.653E+00.05470.315 4996.33160.52-.010580          1 0 0          0 2 0 10  5  6        9  6  3      434233837294713152    63.0   57.0
 11  338.754822 5.552E-23 1.694E+01.00860.170 2952.3937-.260.000220          0 0 0          0 0 0 17  1 16       16  2 15      564426837260783049   105.0   99.0
 11  338.765559 1.851E-23 1.694E+01.00860.170 2952.3866-.260.000220          0 0 0          0 0 0 17  2 16       16  1 15      464426837260783049    35.0   33.0
 11  338.823161 1.230E-27 4.666E-04.04810.250 2927.94130.56-.007190          0 0 0          0 0 0 12 10  3       13  7  6      534426837260713049    75.0   81.0
 11  338.832347 5.625E-30 4.692E+00.00620.131 6062.1458-.270.001770          0 0 0          0 0 0 23  3 20       23  2 21      344233833260713049   141.0  141.0
 11  338.863055 1.875E-30 4.693E+00.00620.131 6062.1478-.270.001760          0 0 0          0 0 0 23  4 20       23  3 21      344233833260713049    47.0   47.0
 11  338.886475 3.166E-29 3.935E+00.00870.172 5632.0422-.190.001580          0 1 0          0 1 0 19  2 17       19  1 18      434233837294713152   117.0  117.0
 11  338.938323 6.473E-23 1.420E+01.01520.194 2872.2743-.030.000770          0 0 0          0 0 0 16  3 14       15  2 13      564426837260783049    99.0   93.0
 11  338.956539 1.055E-29 3.935E+00.00870.172 5632.0467-.190.001570          0 1 0          0 1 0 19  3 17       19  2 18      434233837294713152    39.0   39.0
 11  339.310868 5.863E-28 6.777E+00.07450.333 4769.03850.68-.005260          1 0 0          1 0 0  9  5  5        8  4  4      534223837294713152    19.0   17.0
 11  339.427457 9.564E-28 1.323E+01.05140.352 4782.92000.48-.002790          0 0 1          0 0 1  8  6  3        7  5  2      534223837294713152    17.0   15.0
 11  339.555698 8.955E-30 1.539E+01.00860.208 6149.4937-.260.000220          0 2 0          0 2 0 17  1 16       16  2 15      434233837294713152   105.0   99.0
 11  339.666427 7.186E-27 1.344E+01.01560.221 4507.5226-.010.000140          0 1 0          0 1 0 16  2 14       15  3 13      434223837294713152    33.0   31.0
 11  339.689261 4.116E-28 4.683E-04.04740.250 2927.07520.55-.006570          0 0 0          0 0 0 12 10  2       13  7  7      534223837260713049    25.0   27.0
 11  339.693398 2.988E-30 1.541E+01.00860.208 6149.4070-.260.000220          0 2 0          0 2 0 17  2 16       16  1 15      434233837294713152    35.0   33.0
 11  339.730822 2.875E-27 1.325E+01.05080.352 4782.66210.48-.002400          0 0 1          0 0 1  8  6  2        7  5  3      534223837294713152    51.0   45.0
 11  339.984557 6.159E-29 9.564E-10.07810.371  542.90580.670.000000          0 0 0          0 0 0  8  1  7        6  1  5     q7422308079917122 0    17.0   13.0
 11  339.987512 1.510E-27 1.399E+00.08440.352 4452.35280.710.003480          0 0 1          0 0 1  8  3  5        7  2  6      534223837294713152    51.0   45.0
 11  340.164689 3.305E-28 2.765E-01.08700.391 4149.89920.710.006100          0 0 1          0 0 1  6  4  3        5  1  4      534223837294713152    13.0   11.0
 11  340.298711 2.735E-29 4.542E-10.07340.352  782.40980.650.000000          0 0 0          0 0 0  8  4  5        7  2  5     q7422308079917122 0    51.0   45.0
 11  340.477619 3.059E-23 3.178E-01.07390.400 1960.20740.710.012170          0 0 0          0 0 0 12  5  7       12  2 10      564426837260783049    25.0   25.0
 11  340.549452 5.115E-20 1.791E+00.08440.397  709.60820.710.003480          0 0 0          0 0 0  8  3  5        7  2  6      764426837260783049    17.0   15.0
 11  340.620900 7.071E-27 6.922E+00.08120.333 4259.87640.70-.001370          0 2 0          0 2 0  9  4  6        8  3  5      434223837294713152    19.0   17.0
 11  340.843896 1.234E-24 1.837E-05.08260.323  704.21410.710.003280          0 0 0          0 0 0  6  6  1        7  1  6      764426807260783049    39.0   45.0
 11  340.888276 2.176E-26 1.359E+01.01520.221 4506.7338-.030.000770          0 1 0          0 1 0 16  3 14       15  2 13      564223837294713152    99.0   93.0
 11  341.083270 2.698E-30 1.261E+01.01560.221 6115.6562-.010.000140          0 2 0          0 2 0 16  2 14       15  3 13      434233837294713152    33.0   31.0
 11  341.160449 6.064E-25 3.239E-04.07780.376 1557.84770.710.003550          0 0 0          0 0 0 11  4  7       12  1 12      564426837260783049    69.0   75.0
 11  341.264720 8.703E-22 1.904E-02.07950.347  586.47920.680.005350          0 0 0          0 0 0  7  4  4        7  1  7      764426807260783049    15.0   15.0
 11  341.571451 1.688E-29 1.866E-10.08330.391  416.20870.690.000000          0 0 0          0 0 0  6  4  2        5  2  4     q7422308079917122 0    13.0   11.0
 11  341.627407 1.231E-30 2.156E-04.08520.352 4052.83690.72-.008450          1 0 0          0 2 0  6  4  3        7  3  4      534253837294713152    39.0   45.0
 11  341.689118 3.258E-25 2.218E-02.08490.371 2211.19060.720.002370          0 1 0          0 1 0  6  5  1        6  2  4      764223837294713152    13.0   13.0
 11  341.691850 1.685E-23 4.951E-01.06470.324 2414.72340.630.020000          0 0 0          0 0 0 13  6  7       13  3 10      564426837260783049    81.0   81.0
 11  341.842073 4.461E-28 6.839E+00.04030.221 4938.25370.38-.013200          0 1 0          0 1 0 16  4 12       15  5 11      434223837294713152    33.0   31.0
 11  342.147587 2.320E-29 4.281E-04.10030.434 3392.74930.75-.014180          1 0 0          0 2 0  2  1  2        3  2  1      534243837294713152    15.0   21.0
 11  342.149739 2.000E-27 1.905E+01.03030.371 4677.87640.31-.001610          1 0 0          1 0 0  7  7  1        6  6  0      434223837294713152    15.0   13.0
 11  342.149946 6.001E-27 1.906E+01.03030.371 4677.87620.31-.001600          1 0 0          1 0 0  7  7  0        6  6  1      434223837294713152    45.0   39.0
 11  342.385616 1.933E-30 1.184E-02.08200.352 4586.68320.73-.001180          0 0 1          0 0 1  7  6  1        7  3  4      534233837294713152    15.0   15.0
 11  342.438503 1.579E-27 3.506E+00.00690.150 4820.6427-.250.002270          0 0 0          0 0 0 21  2 19       21  1 20      454233833460713049   129.0  129.0
 11  342.444621 5.475E-28 3.647E+00.00690.150 4820.6430-.250.002270          0 0 0          0 0 0 21  3 19       21  2 20      444233833260713049    43.0   43.0
 11  342.605054 1.140E-29 2.246E-02.07470.352 4353.23140.660.005240          1 0 0          1 0 0  7  5  3        7  2  6      434233837294713152    15.0   15.0
 11  342.866674 2.515E-28 2.637E+00.07690.315 4992.12160.70-.004850          1 0 0          1 0 0 10  5  6        9  4  5      434233837294713152    63.0   57.0
 11  343.205207 3.639E-20 8.985E+00.07500.371 1131.77560.68-.005260          0 0 0          0 0 0  9  5  5        8  4  4      664426837240783049    19.0   17.0
 11  343.226645 4.789E-29 2.683E+00.07670.298 5355.26280.70-.004780          0 0 1          0 0 1 11  5  7       10  4  6      434233837294713152    69.0   63.0
 11  343.240526 1.172E-25 9.272E+00.04210.250 4052.81090.400.010650          0 1 0          0 1 0 14  4 11       13  3 10      564223837294713152    87.0   81.0
 11  343.342165 3.624E-29 2.818E+00.01570.221 5483.99600.600.002330          0 2 0          0 2 0 15  1 14       15  0 15      43420383729471 052    93.0   93.0
 11  343.369664 1.703E-30 4.449E-01.01980.333 5406.54920.19-.019220          0 2 0          1 0 0  9  9  1        8  8  0      434233837294713152    19.0   17.0
 11  343.369667 5.110E-30 4.450E-01.01980.333 5406.54920.19-.019220          0 2 0          1 0 0  9  9  0        8  8  1      434233837294713152    57.0   51.0
 11  343.485925 1.209E-29 2.822E+00.01570.221 5484.00020.600.002340          0 2 0          0 2 0 15  2 14       15  1 15      43420383729471 052    31.0   31.0
 11  343.791172 4.307E-27 1.327E+01.05140.352 4695.83620.48-.002790          1 0 0          1 0 0  8  6  3        7  5  2      434223837294713152    51.0   45.0
 11  343.805722 1.428E-27 1.320E+01.05080.352 4695.83640.48-.002400          1 0 0          1 0 0  8  6  2        7  5  3      434223837294713152    17.0   15.0
 11  343.895188 1.284E-30 1.327E-03.08350.315 4493.80440.70-.015190          1 0 0          0 2 0  9  2  7        9  3  6      534253837294713152    57.0   57.0
 11  343.951798 8.899E-29 1.558E-02.07110.391 4050.51250.66-.002530          1 0 0          0 2 0  6  4  3        5  5  0      534253837294713152    39.0   33.0
 11  344.194918 1.174E-26 2.740E-01.09060.419 3375.29800.720.005880          0 2 0          0 2 0  5  3  3        4  0  4      564223837294783152    11.0    9.0
 11  344.436749 2.995E-23 1.129E+01.03290.263 2739.42850.290.008080          0 0 0          0 0 0 15  4 12       14  3 11      564426837260783049    31.0   29.0
 11  344.500623 8.308E-30 1.301E+01.01520.221 6113.5104-.030.000770          0 2 0          0 2 0 16  3 14       15  2 13      434233837294713152    99.0   93.0
 11  344.928201 1.281E-27 2.243E-01.08700.391 4049.53610.710.006100          1 0 0          1 0 0  6  4  3        5  1  4      534223837294713152    39.0   33.0
 11  344.962732 4.963E-28 8.798E+00.06320.333 4851.53780.560.003070          0 0 1          0 0 1  9  5  4        8  4  5      534223837294713152    19.0   17.0
 11  345.001559 3.180E-30 4.629E-02.04580.298 5076.26600.40-.023550          0 0 1          1 0 0 11  3  9       10  3  8      534233837294713152    69.0   63.0
 11  345.048327 1.621E-25 4.514E-01.07450.281 3314.85560.710.013850          0 1 0          0 1 0 11  5  6       11  2  9      564223837294713152    69.0   69.0
 11  345.051635 1.131E-30 1.553E+01.04790.371 6171.35530.46-.002910          1 1 0          1 1 0  7  6  2        6  5  1      434233837294713152    15.0   13.0
 11  345.071726 3.392E-30 1.552E+01.04760.371 6171.33770.45-.002700          1 1 0          1 1 0  7  6  1        6  5  2      434233837294713152    45.0   39.0
 11  345.075804 1.484E-30 6.064E-01.08600.371 5674.30940.690.000780          1 1 0          1 1 0  7  2  5        6  1  6      434233837294713152    45.0   39.0
 11  345.214146 5.673E-28 1.672E-04.07340.333 2764.69740.70-.001390          0 1 0          0 1 0  7  7  0        8  4  5      634223837294713152    45.0   51.0
 11  345.303206 2.354E-29 9.083E+00.08320.371 5436.27750.71-.001720          0 3 0          0 3 0  7  4  4        6  3  3      434233837294713152    15.0   13.0
 11  345.323722 7.127E-30 4.227E-02.06610.333 4625.93690.580.005660          1 0 0          0 0 1  9  4  6        8  2  7      534233837294713152    19.0   17.0
 11  345.328214 1.888E-29 3.899E-04.09680.412 3482.06450.74-.009560          1 0 0          0 2 0  3  1  2        4  2  3      534243837294713152    21.0   27.0
 11  345.638905 5.820E-30 7.287E-04.08400.391 3719.49290.68-.016080          1 0 0          0 2 0  5  2  4        5  3  3      534233837294713152    11.0   11.0
 11  345.815673 6.348E-29 3.152E-03.07210.235 3939.83180.710.007880          0 1 0          0 1 0 13  5  8       14  2 13      534233837294713152    81.0   87.0
 11  345.855693 1.925E-21 8.280E-03.09380.421  142.27850.730.005660          0 0 0          0 0 0  4  4  0        3  1  3      764426837260783049     9.0    7.0
 11  345.950069 4.013E-28 4.178E+00.08070.333 4741.06700.710.006010          0 0 1          0 0 1  9  4  5        8  3  6      534223837294713152    19.0   17.0
 11  346.059208 4.827E-31 8.555E-03.07040.339 4850.44130.630.000000          0 0 1          1 0 0  9  5  4        9  3  7      5333308387659336 0    19.0   19.0
 11  346.104806 2.227E-25 2.117E+00.00850.150 3675.1131-.190.002700          0 0 0          0 0 0 19  1 18       19  0 19      464426837260783049   117.0  117.0
 11  346.105739 7.423E-26 2.117E+00.00850.150 3675.1131-.190.002700          0 0 0          0 0 0 19  2 18       19  1 19      464426837260783049    39.0   39.0
 11  346.999600 2.342E-29 1.105E-03.05790.281 3650.50900.60-.004100          0 1 0          0 1 0 10  8  2       11  5  7      534233837294713152    21.0   23.0
 11  347.154582 2.511E-29 6.685E-04.03890.221 3824.99790.47-.006790          0 0 0          0 0 0 14 11  4       15  8  7      434233837260713049    87.0   93.0
 11  347.466819 1.503E-28 7.662E+00.07690.315 5087.01710.70-.004850          0 0 1          0 0 1 10  5  6        9  4  5      434233837294713152    21.0   19.0
 11  347.493821 1.047E-22 1.079E+01.07030.326 2572.13920.64-.004950          0 1 0          0 1 0  8  5  4        7  4  3      664223837294783152    51.0   45.0
 11  347.654003 8.384E-30 6.696E-04.03860.221 3824.49850.46-.006450          0 0 0          0 0 0 14 11  3       15  8  8      434233837260713049    29.0   31.0
 11  347.701769 1.793E-29 6.898E-01.08200.298 5273.63260.710.005110          1 0 0          0 0 1 11  5  6       10  3  7      434233837294713152    69.0   63.0
 11  347.961641 3.244E-27 2.493E+00.01130.195 4554.6524-.110.002590          0 1 0          0 1 0 17  1 16       17  0 17      434223837294713152   105.0  105.0
 11  347.973710 1.081E-27 2.492E+00.01130.195 4554.6528-.110.002590          0 1 0          0 1 0 17  2 16       17  1 17      434223837294713152    35.0   35.0
 11  348.122496 1.001E-27 2.189E+00.08070.333 4643.99910.710.006010          1 0 0          1 0 0  9  4  5        8  3  6      434223837294713152    57.0   51.0
 11  348.326916 7.340E-27 7.005E+00.07540.315 4493.80440.660.000480          0 2 0          0 2 0 10  4  7        9  3  6      534223837294713152    63.0   57.0
 11  348.463909 4.535E-22 7.975E-02.05000.380 1282.91910.680.001310          0 0 0          0 0 0  9  6  3        9  3  6      664426807240783049    57.0   57.0
 11  348.644347 1.065E-27 3.666E-01.07980.315 4263.15050.710.005920          0 2 0          0 2 0  9  4  5        9  1  8      534223837294713152    57.0   57.0
 11  349.609029 1.386E-30 1.430E-03.07140.333 4488.09050.61-.018010          1 0 0          0 0 1  9  2  7        8  0  8      534233837294713152    57.0   51.0
 11  349.755820 9.634E-20 2.038E+01.03030.210 1045.05830.31-.001610          0 0 0          0 0 0  7  7  1        6  6  0      764426837260783049    15.0   13.0
 11  349.756260 2.890E-19 2.038E+01.03030.210 1045.05800.31-.001600          0 0 0          0 0 0  7  7  0        6  6  1      764426807260783049    45.0   39.0
 11  349.823654 1.045E-30 1.974E+01.00570.183 6428.9718-.400.000310          0 2 0          0 2 0 19  1 19       18  0 18      334233837294713152    39.0   37.0
 11  349.829496 3.136E-30 1.974E+01.00570.183 6428.9628-.400.000310          0 2 0          0 2 0 19  0 19       18  1 18      434233837294713152   117.0  111.0
 11  349.839227 7.276E-23 6.554E-01.08600.441 2042.75330.690.000780          0 1 0          0 1 0  7  2  5        6  1  6      764223837294783152    45.0   39.0
 11  350.007357 7.214E-27 6.830E-05.06340.298 1875.46180.70-.004420          0 0 0          0 0 0  9  9  1       10  6  4      534426837260713049    19.0   21.0
 11  350.038440 6.611E-22 2.742E-02.07470.345  709.60820.660.005240          0 0 0          0 0 0  7  5  3        7  2  6      764426837260783049    15.0   15.0
 11  350.106333 5.882E-30 3.987E-02.07040.333 4625.93690.640.007160          0 0 1          0 0 1  8  5  4        8  2  7      534233837294713152    17.0   17.0
 11  350.125091 9.112E-25 4.736E-04.06130.270 1524.84790.610.008310          0 0 0          0 0 0 10  6  5       11  1 10      664426837260783049    63.0   69.0
 11  350.313488 3.835E-30 3.541E-02.08080.333 4689.32860.72-.000780          1 0 0          1 0 0  8  6  2        8  3  5      434233837294713152    17.0   17.0
 11  350.496198 2.169E-26 6.845E-05.06280.234 1874.97300.70-.004220          0 0 0          0 0 0  9  9  0       10  6  5      564426837260783049    57.0   63.0
 11  350.591922 1.817E-25 2.306E-01.07860.298 2903.14600.710.005670          0 1 0          0 1 0 10  4  6       10  1  9      564223837294713152    21.0   21.0
 11  350.624060 3.554E-23 1.101E+01.06360.320 2569.50800.57-.000170          0 1 0          0 1 0  8  5  3        7  4  4      564223807294783152    17.0   15.0
 11  350.945702 7.195E-23 4.154E-01.08590.424 1920.76650.700.006090          0 1 0          0 1 0  6  3  4        5  0  5      764223837294783152    39.0   33.0
 11  351.319909 5.228E-29 2.062E-03.06120.183 3940.58730.650.010800          0 0 0          0 0 0 17  6 11       18  3 16      434433837260713049   105.0  111.0
 11  351.327875 8.736E-30 3.006E-03.07990.298 4260.46690.710.004420          0 2 0          0 2 0  9  4  5       10  1 10      434233807294713152    57.0   63.0
 11  351.335071 1.923E-27 7.371E+00.06320.333 4756.39400.560.003070          1 0 0          1 0 0  9  5  4        8  4  5      434223837294713152    57.0   51.0
 11  351.346045 2.386E-30 3.416E-12.09400.434  136.76170.730.000000          0 0 0          0 0 0  4  4  1        3  0  3     q7422308079917122 0    27.0   21.0
 11  351.438078 3.149E-28 1.713E-01.07310.391 4050.50380.67-.001220          1 0 0          0 2 0  6  4  2        5  5  1      534223837294713152    13.0   11.0
 11  351.775994 2.144E-19 1.447E+01.05140.287 1059.83550.48-.002790          0 0 0          0 0 0  8  6  3        7  5  2      764426807260783049    51.0   45.0
 11  351.970259 1.111E-28 4.772E-10.09940.456  136.16390.740.000000          0 0 0          0 0 0  4  4  0        2  2  0     q7422308079917122 0     9.0    5.0
 11  351.995237 7.155E-20 1.449E+01.04600.284 1059.64670.48-.002400          0 0 0          0 0 0  8  6  2        7  5  3      764426837240783049    17.0   15.0
 11  352.041434 2.635E-25 5.867E+00.05040.296 3822.24600.48-.014840          0 0 0          0 0 0 17  5 12       16  6 11      464426837260783049   105.0   99.0
 11  352.048311 1.223E-30 1.714E-02.07170.315 4816.99090.62-.013160          1 0 0          0 0 1 10  3  7        9  1  8      534233837294713152    21.0   19.0
 11  352.049319 4.006E-31 5.008E-05.08220.413 3713.08250.680.000000          1 0 0          0 2 0  5  2  4        6  1  5      5333308387659336 0    11.0   13.0
 11  352.112888 4.175E-27 1.031E-03.06950.221 2631.28350.690.007150          0 0 0          0 0 0 14  5  9       15  2 14      534426837260713049    29.0   31.0
 11  352.174392 4.030E-25 5.284E-03.08810.408 2053.96870.740.001260          0 1 0          0 1 0  5  5  0        5  2  3      764223837294783152    33.0   33.0
 11  352.249774 2.557E-23 2.356E+00.08440.409 2318.53990.710.003480          0 1 0          0 1 0  8  3  5        7  2  6      664223837294783152    17.0   15.0
 11  352.253898 1.959E-27 2.105E+01.00570.183 4889.4873-.400.000310          0 1 0          0 1 0 19  1 19       18  0 18      434223837294713152    39.0   37.0
 11  352.255130 5.878E-27 2.105E+01.00570.183 4889.4878-.400.000310          0 1 0          0 1 0 19  0 19       18  1 18      434223837294713152   117.0  111.0
 11  352.332478 8.766E-28 1.955E+00.06500.333 4643.99910.60-.002770          0 2 0          1 0 0  9  6  3        8  3  6      434223837294713152    57.0   51.0
 11  352.493250 3.218E-26 1.289E+01.06560.277 4016.05280.59-.004230          0 2 0          0 2 0  7  5  3        6  4  2      564223837294783152    15.0   13.0
 11  352.550914 5.088E-23 1.662E+01.04790.249 2552.87980.46-.002910          0 1 0          0 1 0  7  6  2        6  5  1      564223807294783152    15.0   13.0
 11  352.576265 1.527E-22 1.663E+01.04760.248 2552.85720.45-.002700          0 1 0          0 1 0  7  6  1        6  5  2      664223837294783152    45.0   39.0
 11  352.698637 1.276E-26 4.917E+00.07950.340 4033.61450.690.006170          0 2 0          0 2 0  8  4  4        7  3  5      564223837294783152    17.0   15.0
 11  352.835836 8.313E-30 5.156E+00.07240.281 5631.83930.65-.004870          0 0 1          0 0 1 12  5  8       11  4  7      434233837294713152    25.0   23.0
 11  352.848238 1.516E-29 1.043E-03.07170.352 3879.33620.59-.002670          1 0 0          0 2 0  7  0  7        7  1  6      534223837294713152    45.0   45.0
 11  352.996771 7.698E-28 7.239E+00.06930.298 4752.73290.610.006650          0 2 0          0 2 0 11  4  8       10  3  7      534223837294713152    23.0   21.0
 11  353.014225 7.355E-29 9.495E+00.07690.371 5429.69440.660.004650          0 3 0          0 3 0  7  4  3        6  3  4      434233837294713152    45.0   39.0
 11  353.094520 1.947E-27 1.178E+01.02420.221 4736.24170.17-.004110          0 1 0          0 1 0 16  3 13       15  4 12      434223837294713152    33.0   31.0
 11  353.121882 9.686E-26 1.294E+01.06240.282 4015.51510.56-.002110          0 2 0          0 2 0  7  5  2        6  4  3      564223837294783152    45.0   39.0
 11  353.206063 3.376E-28 4.832E-10.09940.456  134.90160.740.000000          0 0 0          0 0 0  4  4  1        2  2  1     q7422308079917122 0    27.0   15.0
 11  353.412014 6.582E-24 1.296E+01.02420.224 3083.86520.17-.004110          0 0 0          0 0 0 16  3 13       15  4 12      564426837260783049    33.0   31.0
 11  353.448967 1.858E-29 5.441E-04.08720.412 3597.86600.70-.012550          1 0 0          0 2 0  4  2  3        4  3  2      534243837294713152    27.0   27.0
 11  353.461878 9.562E-27 1.107E+01.03290.235 4382.77980.290.008080          0 1 0          0 1 0 15  4 12       14  3 11      434223837294713152    31.0   29.0
 11  353.489908 3.832E-30 4.652E-02.04520.195 4902.62650.600.007550          0 0 0          0 1 0 18  9  9       17  2 16      434233837294713152    37.0   35.0
 11  353.509288 4.341E-30 1.042E-01.07760.298 5171.05990.680.005390          1 0 0          0 0 1 11  4  7       10  2  8      534233837294713152    69.0   63.0
 11  353.620233 1.235E-30 6.250E-04.07340.352 4033.61450.61-.008980          0 0 1          0 2 0  6  3  4        7  3  5      534233837294713152    13.0   15.0
 11  353.742646 7.172E-27 2.777E+00.07580.352 4033.61450.65-.016450          1 0 0          0 2 0  8  0  8        7  3  5      534223837294713152    17.0   15.0
 11  354.100001 5.550E-30 1.078E-03.09120.412 4027.80400.730.003730          1 0 0          0 0 1  5  5  0        4  1  3      534233837294713152    33.0   27.0
 11  354.119399 1.009E-19 4.743E+00.07500.383 1006.11590.710.006010          0 0 0          0 0 0  9  4  5        8  3  6      764426837240783049    57.0   51.0
 11  354.209398 2.672E-30 4.963E-04.08380.352 4052.83690.74-.001060          0 2 0          0 2 0  6  6  1        7  3  4      534233837294713152    39.0   45.0
 11  354.225290 1.860E-24 9.066E+00.04030.280 3269.53980.38-.013200          0 0 0          0 0 0 16  4 12       15  5 11      464426837260783049    33.0   31.0
 11  354.298957 4.893E-31 5.657E-04.07410.362 4232.38430.610.000000          0 0 1          1 0 0  7  3  4        7  1  7      5333308387659336 0    15.0   15.0
 11  354.391352 2.933E-30 1.089E-03.07230.333 4224.58650.670.001770          0 2 0          0 2 0  7  6  1        8  3  6      534233837294713152    45.0   51.0
 11  354.588834 1.148E-19 9.532E+00.05610.337 1122.70850.560.003070          0 0 0          0 0 0  9  5  4        8  4  5      764426837240783049    57.0   51.0
 11  354.731311 5.704E-29 5.969E+00.07670.298 5246.80010.70-.004780          1 0 0          1 0 0 11  5  7       10  4  6      434233837294713152    23.0   21.0
 11  355.164461 6.089E-28 6.973E+00.06310.281 5034.38790.580.011300          0 2 0          0 2 0 12  4  9       11  3  8      434223837294713152    75.0   69.0
 11  355.397871 9.682E-30 7.513E-02.08520.315 4918.23470.70-.016050          0 0 1          1 0 0 10  3  7        9  3  6      434233837294713152    63.0   57.0
 11  355.406138 6.537E-29 8.917E-02.06850.371 4491.36980.64-.022330          1 0 0          0 0 1  7  6  1        6  4  2      534233837294713152    45.0   39.0
 11  355.597631 2.271E-29 6.580E-01.05300.298 5207.80210.47-.027370          0 0 1          1 0 0 11  4  8       10  4  7      434233837294713152    69.0   63.0
 11  355.628153 1.824E-24 1.947E-02.08360.364 2042.75330.690.004830          0 1 0          0 1 0  6  4  3        6  1  6      664223837294783152    39.0   39.0
 11  355.664774 1.274E-23 2.247E+01.00570.151 3319.4483-.400.000310          0 0 0          0 0 0 19  0 19       18  1 18      464426837260783049   117.0  111.0
 11  355.664833 4.246E-24 2.247E+01.00570.151 3319.4483-.400.000310          0 0 0          0 0 0 19  1 19       18  0 18      464426837260783049    39.0   37.0
 11  355.796448 1.612E-30 1.973E-04.06800.352 3739.51880.55-.013200          1 0 0          0 2 0  6  0  6        7  1  7      534243837294713152    13.0   15.0
 11  355.934719 1.528E-29 5.004E-03.07430.371 4197.33880.66-.011520          0 0 1          0 2 0  7  3  5        6  5  2      534233837294713152    45.0   39.0
 11  355.961133 1.456E-23 1.693E+01.01220.179 3211.2126-.110.000380          0 0 0          0 0 0 17  2 15       16  3 14      564426837260783049   105.0   99.0
 11  356.003936 1.546E-27 1.899E+01.00710.195 4902.6265-.320.000190          0 1 0          0 1 0 18  1 17       17  2 16      434223837294713152    37.0   35.0
 11  356.016855 4.651E-27 1.904E+01.00710.195 4902.6140-.320.000200          0 1 0          0 1 0 18  2 17       17  1 16      434223837294713152   111.0  105.0
 11  356.198986 4.863E-24 1.697E+01.01200.179 3211.0558-.110.000500          0 0 0          0 0 0 17  3 15       16  2 14      464426837260783049    35.0   33.0
 11  356.307381 4.098E-24 1.998E+01.00710.156 3291.1521-.320.000190          0 0 0          0 0 0 18  1 17       17  2 16      464426837260783049    37.0   35.0
 11  356.312758 1.229E-23 1.997E+01.00710.156 3291.1486-.320.000200          0 0 0          0 0 0 18  2 17       17  1 16      564426837260783049   111.0  105.0
 11  356.524014 3.876E-30 2.195E-01.08710.352 5256.84530.720.004040          0 3 0          0 3 0  7  3  4        7  0  7      434233837294713152    45.0   45.0
 11  356.533789 9.754E-26 1.810E+01.04040.213 4050.51250.41-.001990          0 2 0          0 2 0  6  6  1        5  5  0      564223837294783152    39.0   33.0
 11  356.549881 1.690E-30 4.348E+00.00750.161 6022.7923-.230.001870          0 1 0          0 1 0 20  2 18       20  1 19      434233837294713152    41.0   41.0
 11  356.592528 5.070E-30 4.349E+00.00750.161 6022.7964-.230.001870          0 1 0          0 1 0 20  3 18       20  2 19      434233837294713152   123.0  123.0
 11  356.653774 3.530E-26 1.967E+01.04040.212 4050.50380.41-.001900          0 2 0          0 2 0  6  6  0        5  5  1      564223837294783152    13.0   11.0
 11  356.709711 1.831E-29 7.490E-02.06520.371 4490.06390.61-.021930          1 0 0          0 0 1  7  6  2        6  4  3      534233837294713152    15.0   13.0
 11  357.073120 1.088E-30 8.985E-02.06630.281 5439.05630.610.018450          0 2 0          1 0 0 12  6  7       11  3  8      434233837294713152    75.0   69.0
 11  357.126452 4.846E-27 1.613E+01.01220.208 4847.6221-.110.000380          0 1 0          0 1 0 17  2 15       16  3 14      434223837294713152   105.0   99.0
 11  357.137245 1.221E-28 1.146E-09.07810.371  648.97870.670.000000          0 0 0          0 0 0  8  3  6        6  3  4     q7422308079917122 0    51.0   39.0
 11  357.185741 4.200E-24 1.753E-02.09380.396 1772.41340.740.005040          0 1 0          0 1 0  4  4  1        3  1  2      564223837294783152    27.0   21.0
 11  357.194056 4.596E-30 1.879E-04.06780.352 3738.60920.55-.012400          1 0 0          0 2 0  6  1  6        7  0  7      534233837294713152    39.0   45.0
 11  357.225258 1.980E-30 1.820E+01.00710.195 6489.0494-.320.000200          0 2 0          0 2 0 18  2 17       17  1 16      434233837294713152   111.0  105.0
 11  357.267270 7.249E-20 2.647E-01.08000.409  399.45750.710.006100          0 0 0          0 0 0  6  4  3        5  1  4      764426807240783049    39.0   33.0
 11  357.356383 1.257E-29 2.655E+00.03110.250 5662.47530.28-.007180          0 2 0          1 0 0 14  4 11       13  1 12      434233837294713152    87.0   81.0
 11  357.510192 9.739E-28 1.807E-01.08770.391 4049.53610.730.005300          0 2 0          1 0 0  6  6  1        5  1  4      534223837294713152    39.0   33.0
 11  357.516289 8.394E-27 1.565E+00.08420.391 4050.51250.73-.002150          0 0 1          0 2 0  6  3  3        5  5  0      534223807294713152    39.0   33.0
 11  357.583140 6.486E-30 1.206E-09.06460.315 1080.38540.600.000000          0 0 0          0 0 0 10  2  8        9  2  8     q6422308079917122 0    21.0   19.0
 11  357.728993 1.109E-29 1.170E-01.09520.434 4804.91290.730.007240          0 3 0          0 3 0  4  3  2        3  0  3      434233837294713152    27.0   21.0
 11  357.796253 1.208E-27 3.954E-01.08020.371 4195.47730.670.006850          0 0 1          0 0 1  7  3  5        6  0  6      534223837294713152    45.0   39.0
 11  357.798989 1.623E-27 1.623E+01.01200.208 4847.1890-.110.000500          0 1 0          0 1 0 17  3 15       16  2 14      434223837294713152    35.0   33.0
 11  357.973157 5.941E-30 7.617E-10.06860.333  982.91170.620.000000          0 0 0          0 0 0  9  4  6        8  2  6     q6422308079917122 0    19.0   17.0
 11  358.226669 7.346E-29 3.978E+00.00610.141 5246.0789-.280.002190          0 0 0          0 0 0 22  2 20       22  1 21      444233833260713049    45.0   45.0
 11  358.229970 2.204E-28 3.979E+00.00610.141 5246.0790-.280.002190          0 0 0          0 0 0 22  3 20       22  2 21      444233833260713049   135.0  135.0
 11  358.230514 1.087E-29 1.310E-10.08870.412  383.84250.710.000000          0 0 0          0 0 0  5  5  1        4  3  1     q7422308079917122 0    11.0    9.0
 11  358.364828 4.662E-30 3.355E-04.08940.434 3500.51070.71-.008460          1 0 0          0 2 0  3  2  2        3  3  1      534263837294713152     7.0    7.0
 11  358.483477 3.700E-20 8.977E+00.07690.372 1360.23530.70-.004850          0 0 0          0 0 0 10  5  6        9  4  5      664426837260783049    63.0   57.0
 11  358.492692 6.132E-29 1.143E-02.09240.391 4049.53610.730.003300          0 0 1          1 0 0  6  3  3        5  1  4      534233837294713152    39.0   33.0
 11  358.527106 1.748E-29 2.662E-02.08080.315 4559.70760.690.002070          1 0 0          1 0 0  9  3  6        9  0  9      434233837294713152    57.0   57.0
 11  358.573190 7.918E-30 6.745E+00.06410.265 5933.54640.570.000180          0 0 1          0 0 1 13  5  9       12  4  8      434233837294713152    81.0   75.0
 11  358.743315 1.810E-30 1.523E+01.01220.208 6458.0111-.110.000380          0 2 0          0 2 0 17  2 15       16  3 14      434233837294713152   105.0   99.0
 11  358.931202 1.314E-28 1.515E+00.07590.315 4996.33160.690.005230          0 0 1          0 2 0 10  4  6        9  6  3      434233837294713152    63.0   57.0
 11  359.128117 2.063E-23 1.365E+01.02590.227 3080.17870.200.005650          0 0 0          0 0 0 16  4 13       15  3 12      564426837260783049    99.0   93.0
 11  359.555937 5.934E-29 8.356E+00.05290.265 5336.32710.500.012220          0 2 0          0 2 0 13  4 10       12  3  9      434233837294713152    27.0   25.0
 11  359.559406 3.324E-29 1.335E-10.08870.412  382.51690.710.000000          0 0 0          0 0 0  5  5  0        4  3  2     q7422308079917122 0    33.0   27.0
 11  359.632430 1.911E-29 7.805E-04.07840.371 3736.17080.64-.014500          1 0 0          0 2 0  6  1  6        6  2  5      534233837294713152    39.0   39.0
 11  359.722787 6.718E-28 1.982E-04.05230.265 2613.10460.62-.005900          0 0 0          0 0 0 11 10  2       12  7  5      534423837260713049    23.0   25.0
 11  360.027566 2.018E-27 1.984E-04.05190.265 2612.79980.62-.005730          0 0 0          0 0 0 11 10  1       12  7  6      534426837260713049    69.0   75.0
 11  360.363797 1.353E-30 2.226E+01.03030.371 6420.05690.31-.001610          0 1 1          0 1 1  7  7  1        6  6  0      434233837294713152    45.0   39.0
 11  360.364216 4.523E-31 2.232E+01.05000.333 6420.05660.610.000000          0 1 1          0 1 1  7  7  0        6  6  1      4333308387659336 0    15.0   13.0
 11  360.448546 7.885E-25 1.939E-04.07040.311 1114.53220.660.005800          0 0 0          0 0 0  9  5  5       10  0 10      564426837260783049    19.0   21.0
 11  360.854781 3.166E-30 2.397E-02.08080.315 4661.42650.690.002070          0 0 1          0 0 1  9  3  6        9  0  9      534233837294713152    19.0   19.0
 11  360.889130 6.297E-28 1.957E+01.03740.352 4929.06880.37-.002520          0 0 1          0 0 1  8  7  2        7  6  1      434223837294713152    17.0   15.0
 11  360.897371 1.889E-27 1.957E+01.03730.352 4929.06170.37-.002480          0 0 1          0 0 1  8  7  1        7  6  2      534223837294713152    51.0   45.0
 11  360.930267 1.136E-30 2.695E-02.04510.333 5122.39290.49-.023390          0 2 0          0 0 1  9  8  1        8  6  2      434233837294713152    57.0   51.0
 11  360.975635 3.800E-31 2.705E-02.06240.315 5122.34750.630.000000          0 2 0          0 0 1  9  8  2        8  6  3      4333308387659336 0    19.0   17.0
 11  361.118968 3.659E-30 6.205E+00.04390.195 5911.62820.43-.015490          0 1 0          0 1 0 18  5 13       17  6 12      434233837294713152    37.0   35.0
 11  361.152349 1.887E-30 7.689E-04.05440.315 4263.15050.46-.016290          0 0 1          0 2 0  8  1  7        9  1  8      534233837294713152    51.0   57.0
 11  361.300072 8.670E-29 1.587E+01.06170.391 5464.33210.56-.003840          0 3 0          0 3 0  6  5  2        5  4  1      434233837294713152    39.0   33.0
 11  361.386468 2.891E-29 1.588E+01.06030.391 5464.26210.54-.002980          0 3 0          0 3 0  6  5  1        5  4  2      434233837294713152    13.0   11.0
 11  361.484225 1.842E-22 3.719E-02.08080.355 1050.15770.72-.000780          0 0 0          0 0 0  8  6  2        8  3  5      764426837260783049    17.0   17.0
 11  361.605648 4.680E-26 5.827E-04.05620.272 1960.20740.580.009900          0 0 0          0 0 0 11  7  5       12  2 10      564426837260783049    23.0   25.0
 11  361.689617 8.640E-29 3.270E-10.09400.434  142.27850.730.000000          0 0 0          0 0 0  5  3  3        3  1  3     q7422308079917122 0    11.0    7.0
 11  361.783711 1.032E-29 1.405E-02.08200.352 4484.99220.73-.001180          1 0 0          1 0 0  7  6  1        7  3  4      534233837294713152    45.0   45.0
 11  362.012482 1.271E-24 5.552E-01.06430.322 2739.42850.640.020000          0 0 0          0 0 0 14  6  8       14  3 11      564426837260783049    29.0   29.0
 11  362.503425 7.392E-28 4.557E-01.08020.371 4095.31520.670.006850          1 0 0          1 0 0  7  3  5        6  0  6      534223837294713152    15.0   13.0
 11  362.597180 1.190E-27 1.403E+01.05410.333 4977.04420.51-.003370          0 0 1          0 0 1  9  6  4        8  5  3      534223837294713152    57.0   51.0
 11  362.750766 9.469E-22 3.048E-02.08080.400  920.16840.690.002070          0 0 0          0 0 0  9  3  6        9  0  9      664426837260783049    57.0   57.0
 11  362.783787 9.386E-30 5.575E-04.09960.434 3387.68070.74-.007830          1 0 0          0 2 0  2  1  1        3  2  2      534223837294713152     5.0    7.0
 11  363.029668 1.083E-30 1.314E-03.08820.333 4259.87640.73-.012580          1 0 0          0 2 0  8  2  6        8  3  5      434253837294713152    17.0   17.0
 11  363.089893 3.197E-29 9.310E+00.08300.352 5613.36930.71-.001640          0 3 0          0 3 0  8  4  5        7  3  4      434233837294713152    51.0   45.0
 11  363.123266 1.168E-30 2.111E-01.07090.298 5351.40860.63-.005550          0 0 1          1 0 0 11  5  6       10  5  5      434233837294713152    23.0   21.0
 11  363.141184 2.147E-28 2.471E+00.08470.315 4992.12160.71-.011960          0 0 1          1 0 0 10  4  6        9  4  5      434233837294713152    63.0   57.0
 11  363.196401 5.658E-29 7.280E+00.07240.281 5524.56920.65-.004870          1 0 0          1 0 0 12  5  8       11  4  7      434233837294713152    75.0   69.0
 11  363.392152 4.886E-30 1.801E-02.07520.333 4488.14570.660.006030          0 0 1          0 0 1  8  4  5        8  1  8      534233837294713152    17.0   17.0
 11  363.492966 2.244E-29 3.315E-02.07040.333 4525.96410.640.007160          1 0 0          1 0 0  8  5  4        8  2  7      534233837294713152    51.0   51.0
 11  363.501155 9.888E-29 5.510E+00.05360.298 5334.98830.49-.026560          0 0 1          1 0 0 11  5  7       10  5  6      434233837294713152    69.0   63.0
 11  363.680835 2.788E-25 3.451E-04.06220.276 1690.66440.620.008200          0 0 0          0 0 0 10  7  4       11  2  9      664426837260783049    63.0   69.0
 11  363.767871 7.131E-31 8.328E+00.05130.255 6256.02090.520.000000          0 0 1          0 0 1 14  5 10       13  4  9      4333308387659336 0    29.0   27.0
 11  363.800028 3.996E-28 1.415E+01.05270.333 4976.04330.50-.002010          0 0 1          0 0 1  9  6  3        8  5  4      434223837294713152    19.0   17.0
 11  364.067039 1.298E-26 2.345E+00.00750.144 4048.2495-.230.002960          0 0 0          0 0 0 20  1 19       20  0 20      464426837260783049    41.0   41.0
 11  364.067530 3.895E-26 2.346E+00.00750.144 4048.2496-.230.002960          0 0 0          0 0 0 20  2 19       20  1 20      464426837260783049   123.0  123.0
 11  364.111437 8.318E-30 8.678E-01.05260.298 5237.42000.50-.016770          1 0 0          0 2 0 11  5  7       10  6  4      534233837294713152    23.0   21.0
 11  364.125114 1.330E-29 3.277E-04.09220.434 3500.63870.73-.004510          1 0 0          0 2 0  3  2  1        3  3  0      534243837294713152    21.0   21.0
 11  364.360380 6.920E-28 2.712E-05.08830.371 2041.78050.720.003370          0 1 0          0 1 0  5  5  1        6  0  6      734223837294713152    11.0   13.0
 11  364.943453 6.435E-29 7.703E-01.06280.281 5034.38790.58-.000590          1 0 0          0 2 0 12  2 11       11  3  8      434233837294713152    75.0   69.0
 11  365.015500 3.005E-29 4.738E-04.06840.298 3387.40070.69-.005730          0 1 0          0 1 0  9  8  2       10  5  5      534233837294713152    19.0   21.0
 11  365.050304 3.313E-29 6.978E+00.06000.250 5654.78140.69-.002200          0 2 0          0 1 0 14  4 11       13 11  2      434233837294713152    87.0   81.0
 11  365.058439 4.157E-28 4.487E-03.09210.412 3381.70420.720.004710          0 2 0          0 2 0  4  4  1        4  1  4      534223837294713152    27.0   27.0
 11  365.077540 5.560E-28 1.154E-01.08490.333 3894.79890.710.003090          0 2 0          0 2 0  8  3  5        8  0  8      534223837294713152    17.0   17.0
 11  365.128295 2.120E-30 4.465E-01.04290.248 5654.70340.270.000000          0 2 0         -2 1-2 14  4 11       13 11  2      1333308387659336 0    87.0   81.0
 11  365.629603 4.690E-26 8.879E-01.08600.441 3601.85890.690.000780          0 2 0          0 2 0  7  2  5        6  1  6      564223837294783152    45.0   39.0
 11  365.708665 1.553E-26 3.224E+00.08440.409 3894.16780.710.003480          0 2 0          0 2 0  8  3  5        7  2  6      564223837294783152    17.0   15.0
 11  365.863094 6.434E-27 1.323E+01.02590.221 4728.22120.200.005650          0 1 0          0 1 0 16  4 13       15  3 12      434223837294713152    99.0   93.0
 11  365.914965 5.318E-26 8.341E-04.05130.271 2246.88480.550.011420          0 0 0          0 0 0 12  7  6       13  2 11      564426837260783049    75.0   81.0
 11  365.983756 6.022E-29 9.933E-10.07810.371  756.72480.670.000000          0 0 0          0 0 0  8  4  5        6  4  3     q7422308079917122 0    51.0   39.0
 11  366.109197 2.165E-29 3.521E-04.04280.235 3465.07000.53-.006320          0 0 0          0 0 0 13 11  3       14  8  6      434233837260713049    27.0   29.0
 11  366.291776 6.499E-29 3.523E-04.04270.235 3464.88740.53-.006220          0 0 0          0 0 0 13 11  2       14  8  7      434233837260713049    81.0   87.0
 11  366.388111 1.801E-27 5.231E+00.04580.183 4833.20850.43-.008330          0 0 0          0 0 0 19  6 13       18  7 12      434426837260713049   117.0  111.0
 11  366.493451 2.814E-27 2.004E+01.03740.352 4846.77590.37-.002520          1 0 0          1 0 0  8  7  2        7  6  1      434223837294713152    51.0   45.0
 11  366.496097 9.380E-28 2.004E+01.03730.352 4846.77360.37-.002480          1 0 0          1 0 0  8  7  1        7  6  2      434223837294713152    17.0   15.0
 11  366.553496 3.145E-30 2.112E-10.07810.371 1045.05800.670.000000          0 0 0          0 0 0  8  6  3        6  6  1     q7422308079917122 0    51.0   39.0
 11  366.568008 1.823E-29 5.723E-10.07810.371  888.59880.670.000000          0 0 0          0 0 0  8  5  4        6  5  2     q7422308079917122 0    51.0   39.0
 11  366.628569 7.615E-29 7.853E-02.06780.371 4197.36100.61-.007160          1 0 0          0 2 0  7  4  4        6  5  1      534233837294713152    15.0   13.0
 11  366.729492 8.090E-29 8.017E-03.08980.412 3877.57520.710.002620          0 0 1          1 0 0  5  3  3        4  1  4      534233837294713152    33.0   27.0
 11  366.977374 5.938E-28 1.399E+01.05410.333 4889.40410.51-.003370          1 0 0          1 0 0  9  6  4        8  5  3      434223837294713152    19.0   17.0
 11  366.991570 1.736E-27 1.364E+01.05270.333 4889.45710.50-.002010          1 0 0          1 0 0  9  6  3        8  5  4      534223837294713152    57.0   51.0
 11  367.048663 2.161E-29 1.389E-09.06460.315 1079.07960.600.000000          0 0 0          0 0 0 10  3  8        9  1  8     q7422308079917122 0    63.0   57.0
 11  367.095165 3.576E-30 1.250E-09.06000.298 1446.12830.570.000000          0 0 0          0 0 0 11  3  8       10  3  8     q6422308079917122 0    69.0   63.0
 11  367.218394 5.757E-30 3.944E-04.08140.371 3864.96610.68-.014850          1 0 0          0 2 0  7  0  7        6  3  4      534233837294713152    45.0   39.0
 11  367.278898 6.144E-30 5.806E-10.07810.371  888.63270.670.000000          0 0 0          0 0 0  8  5  3        6  5  1     q7422308079917122 0    17.0   13.0
 11  367.282278 1.494E-29 1.714E-01.06390.333 4741.06700.56-.003000          1 0 0          0 0 1  9  5  5        8  3  6      534233837294713152    19.0   17.0
 11  367.785693 1.394E-23 1.116E+01.07450.374 2771.69010.68-.005260          0 1 0          0 1 0  9  5  5        8  4  4      664223837294783152    19.0   17.0
 11  367.832346 5.449E-30 5.130E-04.09280.412 3598.72690.73-.005000          1 0 0          0 2 0  4  2  2        4  3  1      534233837294713152     9.0    9.0
 11  367.890251 3.153E-30 3.283E+00.01320.208 5781.5167-.060.002470          0 2 0          0 2 0 16  1 15       16  0 16      434233837294713152    33.0   33.0
 11  367.973019 9.462E-30 3.286E+00.01320.208 5781.5207-.060.002470          0 2 0          0 2 0 16  2 15       16  1 16      434233837294713152    99.0   99.0
 11  367.981390 1.136E-25 5.905E-04.05790.271 1774.61630.600.009810          0 0 0          0 0 0 11  6  6       12  1 11      564426837260783049    23.0   25.0
 11  368.169075 5.064E-30 8.016E+00.06410.265 5826.13410.570.000180          1 0 0          1 0 0 13  5  9       12  4  8      434233837294713152    27.0   25.0
 11  368.217711 1.097E-27 5.980E-01.08330.371 4290.75700.700.007250          0 0 1          0 0 1  7  4  4        6  1  5      534223837294713152    45.0   39.0
 11  368.297550 4.707E-29 2.288E-02.08990.412 3977.26160.720.005300          0 0 1          0 0 1  5  4  1        4  1  4      534233837294713152    11.0    9.0
 11  368.573759 4.552E-23 6.127E+00.08070.417 2630.19260.710.006010          0 1 0          0 1 0  9  4  5        8  3  6      664223837294783152    57.0   51.0
 11  369.108105 1.599E-30 1.638E+01.05140.352 6340.33780.48-.002790          1 1 0          1 1 0  8  6  3        7  5  2      434233837294713152    51.0   45.0
 11  369.143077 6.940E-28 2.828E+00.00970.183 4889.4878-.150.002650          0 1 0          0 1 0 18  2 17       18  1 18      434223837294713152   111.0  111.0
 11  369.143159 2.307E-28 2.820E+00.00970.183 4889.4873-.150.002650          0 1 0          0 1 0 18  1 17       18  0 18      434233837294713152    37.0   37.0
 11  369.150773 9.173E-29 4.813E-04.06300.298 3383.26540.65-.003980          0 1 0          0 1 0  9  8  1       10  5  6      534233837294713152    57.0   63.0
 11  369.221501 5.349E-31 1.644E+01.06720.349 6340.24010.640.000000          1 1 0          1 1 0  8  6  2        7  5  3      4333308387659336 0    17.0   15.0
 11  369.331163 2.733E-29 2.110E-02.07520.333 4387.06290.660.006030          1 0 0          1 0 0  8  4  5        8  1  8      534233837294713152    51.0   51.0
 11  369.331847 3.666E-21 8.888E+00.07670.374 1616.45310.70-.004780          0 0 0          0 0 0 11  5  7       10  4  6      664426837260783049    23.0   21.0
 11  369.441099 3.530E-30 1.103E+01.03290.235 5993.19920.290.008080          0 2 0          0 2 0 15  4 12       14  3 11      434233837294713152    31.0   29.0
 11  369.566539 1.427E-21 4.475E-02.07040.326  885.60020.640.007160          0 0 0          0 0 0  8  5  4        8  2  7      764426807260783049    51.0   51.0
 11  369.586843 1.196E-27 2.442E+01.00490.172 5241.7429-.45-.000860          0 1 0          0 1 0 20  1 20       19  0 19      434223837294713152   123.0  117.0
 11  369.588119 3.988E-28 2.443E+01.00490.172 5241.7412-.45-.000860          0 1 0          0 1 0 20  0 20       19  1 19      434223837294713152    41.0   39.0
 11  369.665065 1.629E-30 3.368E-03.08280.371 4308.21130.73-.001230          1 0 0          1 0 0  6  6  0        6  3  3      534233837294713152    13.0   13.0
 11  369.912640 2.372E-30 2.451E-02.07990.315 4717.10450.70-.000530          0 0 1          1 0 0  9  4  5        9  2  8      434233837294713152    19.0   19.0
 11  369.997650 3.822E-20 4.835E-01.08000.393  446.69660.670.006850          0 0 0          0 0 0  7  3  5        6  0  6      764426807240783049    15.0   13.0
 11  370.310059 3.023E-28 1.012E+01.03170.208 5310.23980.28-.009870          0 1 0          0 1 0 17  4 13       16  5 12      434223837294713152   105.0   99.0
 11  370.387257 9.325E-29 1.195E-09.06860.333  744.16270.620.000000          0 0 0          0 0 0 10  1 10        8  1  8     q6422308079917122 0    63.0   51.0
 11  370.468616 3.114E-29 1.197E-09.06860.333  744.06370.620.000000          0 0 0          0 0 0 10  0 10        8  0  8     q5422308079917122 0    21.0   17.0
 11  370.777228 3.823E-29 1.375E-09.07340.352  709.60820.650.000000          0 0 0          0 0 0  9  2  8        7  2  6     q6422308079917122 0    19.0   15.0
 11  371.027816 6.202E-31 1.196E-01.08260.413 5240.06960.680.000000          0 3 0          0 3 0  6  4  2        6  1  5      4333308387659336 0    13.0   13.0
 11  371.248752 7.628E-30 4.617E+00.04200.161 5947.30550.400.003720          0 0 0          0 0 0 21  7 14       20  8 13      344233833260713049   129.0  123.0
 11  371.380674 4.186E-30 9.985E-02.07580.281 5153.18850.690.005840          1 0 0          1 0 0 11  4  7       11  1 10      434233837294713152    69.0   69.0
 11  371.586717 1.519E-26 4.961E-01.07390.265 3587.66670.710.012170          0 1 0          0 1 0 12  5  7       12  2 10      564223837294713152    25.0   25.0
 11  371.629947 4.212E-24 1.593E+01.01980.200 3439.30680.10-.002880          0 0 0          0 0 0 17  3 14       16  4 13      464426837260783049   105.0   99.0
 11  371.925158 3.714E-30 8.898E+00.05950.250 6148.68180.550.008280          1 0 0          1 0 0 14  5 10       13  4  9      434233837294713152    87.0   81.0
 11  372.214354 4.235E-27 9.521E-05.08270.352 2180.64290.700.003520          0 1 0          0 1 0  6  5  2        7  0  7      734223837294713152    39.0   45.0
 11  372.318228 1.249E-27 1.475E+01.01980.208 5094.08430.10-.002880          0 1 0          0 1 0 17  3 14       16  4 13      434223837294713152   105.0   99.0
 11  372.520983 1.360E-30 2.919E-03.06990.352 4368.54610.62-.016600          0 0 1          0 2 0  8  3  6        7  5  3      534233837294713152    17.0   15.0
 11  372.614700 1.274E-25 1.593E-04.06890.296 1437.96860.660.006280          0 0 0          0 0 0  9  7  3       10  2  8      664426837260783049    19.0   21.0
 11  372.617705 1.016E-30 3.125E-03.07800.371 4387.23480.700.000370          0 0 1          0 0 1  6  6  1        6  3  4      534233837294713152    13.0   13.0
 11  372.808135 1.245E-29 1.138E-09.06460.315  920.21000.600.000000          0 0 0          0 0 0 10  1  9        9  1  9     q7422308079917122 0    21.0   19.0
 11  373.010662 1.860E-30 2.384E-01.08270.352 5409.69800.710.006560          0 3 0          0 3 0  7  4  3        7  1  6      434233837294713152    45.0   45.0
 11  373.136460 8.497E-25 2.606E+01.00490.141 3675.1131-.45-.000860          0 0 0          0 0 0 20  0 20       19  1 19      464426837260783049    41.0   39.0
 11  373.136491 2.549E-24 2.606E+01.00490.141 3675.1131-.45-.000860          0 0 0          0 0 0 20  1 20       19  0 19      464426837260783049   123.0  117.0
 11  373.189029 1.482E-29 7.120E-04.09260.391 3722.73100.74-.006400          1 0 0          0 2 0  5  2  3        5  3  2      534253837294713152    33.0   33.0
 11  373.229493 6.614E-30 1.160E-03.09060.352 4052.83690.73-.012240          1 0 0          0 2 0  7  2  5        7  3  4      534223837294713152    45.0   45.0
 11  373.290177 9.949E-25 2.003E+01.00970.166 3567.2548-.190.000360          0 0 0          0 0 0 18  2 16       17  3 15      464426837260783049    37.0   35.0
 11  373.411357 9.389E-28 2.225E+01.00600.183 5258.6309-.380.000330          0 1 0          0 1 0 19  1 18       18  2 17      434223837294713152   117.0  111.0
 11  373.413512 2.987E-24 2.005E+01.00970.166 3567.1738-.190.000360          0 0 0          0 0 0 18  3 16       17  2 15      464426837260783049   111.0  105.0
 11  373.416204 3.122E-28 2.220E+01.00600.183 5258.6305-.380.000330          0 1 0          0 1 0 19  2 18       18  1 17      434223837294713152    39.0   37.0
 11  373.465706 3.762E-29 1.149E-09.06460.315  920.16830.600.000000          0 0 0          0 0 0 10  2  9        9  0  9     q7422308079917122 0    63.0   57.0
 11  373.543068 5.357E-31 2.965E-04.07830.379 4033.61450.670.000000          0 2 0          0 2 0  6  6  0        7  3  5      5333308387659336 0    13.0   15.0
 11  373.643630 2.708E-29 4.308E+00.00540.131 5688.5022-.300.002500          0 0 0          0 0 0 23  2 21       23  1 22      344233833260713049   141.0  141.0
 11  373.645558 9.024E-30 4.307E+00.00540.131 5688.5022-.300.002500          0 0 0          0 0 0 23  3 21       23  2 22      344233833260713049    47.0   47.0
 11  373.727447 5.487E-28 5.642E-01.08330.371 4190.26220.700.007250          1 0 0          1 0 0  7  4  4        6  1  5      534223837294713152    15.0   13.0
 11  373.756558 2.477E-24 2.334E+01.00600.145 3647.4613-.380.000330          0 0 0          0 0 0 19  1 18       18  2 17      464426837260783049   117.0  111.0
 11  373.759333 8.256E-25 2.334E+01.00600.145 3647.4595-.380.000330          0 0 0          0 0 0 19  2 18       18  1 17      464426837260783049    39.0   37.0
 11  373.837914 4.951E-22 1.453E-02.08200.380  842.35660.73-.001180          0 0 0          0 0 0  7  6  1        7  3  4      764426807260783049    45.0   45.0
 11  373.995387 2.274E-29 1.172E-09.07810.371  757.78020.670.000000          0 0 0          0 0 0  8  4  4        6  4  2     q7422308079917122 0    17.0   13.0
 11  374.160280 2.264E-22 1.197E-01.07580.383 1524.84790.690.005840          0 0 0          0 0 0 11  4  7       11  1 10      664426837260783049    69.0   69.0
 11  374.293382 1.212E-30 4.505E-02.08790.391 5090.03870.710.005690          0 3 0          0 3 0  5  4  1        5  1  4      434233837294713152    33.0   33.0
 11  374.358760 1.657E-30 5.003E-04.08950.371 3873.79370.73-.006060          0 0 1          0 2 0  5  3  2        6  3  3      534233837294713152    11.0   13.0
 11  374.369572 3.296E-28 1.911E+01.00970.195 5204.9880-.190.000360          0 1 0          0 1 0 18  2 16       17  3 15      434223837294713152    37.0   35.0
 11  374.449223 8.805E-30 2.364E-04.07860.371 3601.85890.63-.012390          1 0 0          0 2 0  5  0  5        6  1  6      534243837294713152    33.0   39.0
 11  374.495553 1.344E-19 2.148E+01.03760.235 1216.19450.37-.002520          0 0 0          0 0 0  8  7  2        7  6  1      764426807240783049    51.0   45.0
 11  374.500941 4.481E-20 2.149E+01.03460.235 1216.18980.37-.002480          0 0 0          0 0 0  8  7  1        7  6  2      764426807240783049    17.0   15.0
 11  374.535907 1.141E-30 5.082E-01.08310.281 5543.63660.740.003840          1 0 0          0 0 1 12  5  7       11  3  8      434233837294713152    25.0   23.0
 11  374.597398 5.561E-31 4.360E-02.06610.323 5169.03920.620.000000          0 0 1          1 0 0 11  3  8       10  3  7      4333308387659336 0    23.0   21.0
 11  374.742671 9.914E-28 1.917E+01.00970.195 5204.7485-.190.000360          0 1 0          0 1 0 18  3 16       17  2 15      434223837294713152   111.0  105.0
 11  374.769628 1.437E-24 1.637E+01.02090.201 3437.27720.120.003740          0 0 0          0 0 0 17  4 14       16  3 13      464426837260783049    35.0   33.0
 11  374.865529 1.264E-28 1.503E-09.07340.352  704.21410.650.000000          0 0 0          0 0 0  9  1  8        7  1  6     q6422308079917122 0    57.0   45.0
 11  375.021059 5.204E-28 9.091E+00.06380.315 5067.07680.570.008290          0 0 1          0 0 1 10  5  5        9  4  6      534223837294713152    63.0   57.0
 11  375.107497 1.269E-27 4.529E-01.07320.371 4197.33880.66-.001190          1 0 0          0 2 0  7  4  3        6  5  2      534223837294713152    45.0   39.0
 11  375.333934 2.935E-20 1.533E+01.05410.301 1255.91160.51-.003370          0 0 0          0 0 0  9  6  4        8  5  3      664426807260783049    19.0   17.0
 11  375.640492 4.497E-26 1.359E+01.07030.287 4188.39430.64-.004950          0 2 0          0 2 0  8  5  4        7  4  3      564223837294783152    51.0   45.0
 11  375.721902 9.108E-30 5.250E-02.06630.315 4817.73570.620.009100          0 0 1          0 0 1  9  5  5        9  2  8      534233837294713152    57.0   57.0
 11  375.730679 3.655E-30 9.394E-04.09190.371 3873.79370.74-.009840          1 0 0          0 2 0  6  2  4        6  3  3      534263837294713152    13.0   13.0
 11  375.788168 6.188E-30 1.250E-02.07310.352 4553.27350.670.000980          0 0 1          0 0 1  7  6  2        7  3  5      534233837294713152    45.0   45.0
 11  375.930232 8.355E-31 5.933E-02.02860.183 5256.11640.230.000000          0 1 0          0 0 0 19  2 18       18  9  9      4333308387659336 0    39.0   37.0
 11  375.948612 2.832E-23 2.478E+01.03030.190 2733.96290.31-.001610          0 1 0          0 1 0  7  7  1        6  6  0      564223807294783152    15.0   13.0
 11  375.948877 8.496E-23 2.478E+01.03030.190 2733.96270.31-.001600          0 1 0          0 1 0  7  7  0        6  6  1      664223837294783152    45.0   39.0
 11  376.082917 1.169E-29 8.716E-04.10160.456 3317.21060.75-.014090          1 0 0          0 2 0  1  1  1        2  2  0      534233837294713152     3.0    5.0
 11  376.192709 5.330E-27 1.065E-03.04760.235 2550.88250.520.012690          0 0 0          0 0 0 13  7  7       14  2 12      534426837260713049    27.0   29.0
 11  376.216271 8.852E-20 1.542E+01.04200.298 1255.16680.50-.002010          0 0 0          0 0 0  9  6  3        8  5  4      664426807240783049    57.0   51.0
 11  376.225607 4.654E-24 8.566E-02.09090.420 1875.46970.730.005490          0 1 0          0 1 0  5  4  2        4  1  3      764223837294783152    11.0    9.0
 11  376.348582 4.364E-23 1.169E+01.06320.313 2764.69750.560.003070          0 1 0          0 1 0  9  5  4        8  4  5      564223807294783152    57.0   51.0
 11  376.364689 2.954E-21 8.946E+00.07240.403 1899.00820.65-.004870          0 0 0          0 0 0 12  5  8       11  4  7      564426837260783049    75.0   69.0
 11  376.491428 2.228E-29 2.038E-01.07220.352 4663.15070.67-.022530          1 0 0          0 0 1  8  6  2        7  4  3      534233837294713152    17.0   15.0
 11  376.643809 4.167E-30 9.369E+00.08120.333 5818.33080.70-.001370          0 3 0          0 3 0  9  4  6        8  3  5      434233837294713152    19.0   17.0
 11  376.809383 1.241E-30 3.811E-01.04710.281 5465.05330.42-.027690          0 0 1          1 0 0 12  4  9       11  4  8      434233837294713152    25.0   23.0
 11  376.821206 6.597E-30 6.520E-03.08670.391 4149.89920.710.003520          1 0 0          0 0 1  6  5  1        5  1  4      534233807294713152    13.0   11.0
 11  376.956680 7.133E-23 1.758E+01.05140.268 2724.16710.48-.002790          0 1 0          0 1 0  8  6  3        7  5  2      664223837294783152    51.0   45.0
 11  376.969031 1.676E-28 5.976E-02.08550.371 4195.47730.700.002230          1 0 0          0 0 1  7  4  3        6  0  6      534233837294713152    45.0   39.0
 11  377.094197 1.643E-30 9.231E+00.02590.221 6345.92170.200.005650          0 2 0          0 2 0 16  4 13       15  3 12      434233837294713152    99.0   93.0
 11  377.100787 2.380E-23 1.760E+01.05080.261 2724.04140.48-.002400          0 1 0          0 1 0  8  6  2        7  5  3      664223837294783152    17.0   15.0
 11  377.403999 2.576E-30 2.083E-04.07700.371 3600.05240.61-.010040          1 0 0          0 2 0  5  1  5        6  0  6      534223837294713152    11.0   13.0
 11  377.797192 1.517E-26 1.376E+01.06360.292 4186.56940.57-.000170          0 2 0          0 2 0  8  5  3        7  4  4      464223837294783152    17.0   15.0
 11  378.325717 3.956E-29 2.900E-10.07810.371  552.91140.670.000000          0 0 0          0 0 0  7  4  3        6  2  5     q7422308079917122 0    45.0   39.0
 11  378.370344 1.215E-24 1.253E+01.03170.269 3639.53800.28-.009870          0 0 0          0 0 0 17  4 13       16  5 12      464426837260783049   105.0   99.0
 11  378.545883 1.405E-21 2.305E-02.07500.342  744.16270.660.006030          0 0 0          0 0 0  8  4  5        8  1  8      764426807240783049    51.0   51.0
 11  378.666045 1.685E-28 1.760E-02.08990.412 3877.57520.720.005300          1 0 0          1 0 0  5  4  1        4  1  4      534233837294713152    33.0   27.0
 11  378.940464 8.624E-30 6.970E-04.08650.391 3598.51590.68-.013310          1 0 0          0 2 0  5  1  5        5  2  4      534233837294713152    11.0   11.0
 11  378.999815 6.366E-30 3.079E-03.09020.412 3966.55930.73-.005570          0 0 1          1 0 0  5  4  1        4  2  2      534233837294713152    11.0    9.0
 11  379.338623 7.008E-30 6.906E-04.07760.371 3864.96610.64-.006690          0 0 1          0 2 0  5  3  3        6  3  4      534233837294713152    33.0   39.0
 11  379.414483 1.015E-29 1.252E-09.06460.315 1201.92150.600.000000          0 0 0          0 0 0 10  4  7        9  2  7     q6422308079917122 0    63.0   57.0
 11  379.509982 3.595E-28 2.735E+01.02340.352 5096.24540.23-.001200          0 0 1          0 0 1  8  8  1        7  7  0      434223837294713152    17.0   15.0
 11  379.510070 1.079E-27 2.736E+01.02340.352 5096.24530.23-.001200          0 0 1          0 0 1  8  8  0        7  7  1      434223837294713152    51.0   45.0
 11  379.786688 3.925E-29 2.697E-10.08330.391  508.81210.690.000000          0 0 0          0 0 0  6  5  2        5  3  2     q7422308079917122 0    39.0   33.0
 11  379.847693 4.398E-28 1.574E+01.02090.208 5089.33620.120.003740          0 1 0          0 1 0 17  4 14       16  3 13      434223837294713152    35.0   33.0
 11  379.982756 1.765E-27 5.050E-05.05770.281 2321.90570.69-.004730          0 0 0          0 0 0 10 10  1       11  7  4      534426837260713049    63.0   69.0
 11  380.075407 5.886E-28 5.052E-05.05760.281 2321.81310.69-.004680          0 0 0          0 0 0 10 10  0       11  7  5      534423837260713049    21.0   23.0
 11  380.138228 9.189E-29 2.290E-09.07810.371  602.77350.670.000000          0 0 0          0 0 0  8  2  6        6  2  4     q7422308079917122 0    17.0   13.0
 11  380.147930 2.392E-28 8.047E+00.06380.315 4971.26070.570.008290          1 0 0          1 0 0 10  5  5        9  4  6      434233837294713152    21.0   19.0
 11  380.619423 4.650E-30 9.232E-04.06210.333 4071.73340.52-.012190          0 0 1          0 2 0  7  2  6        8  2  7      534233837294713152    45.0   51.0
 11  380.652670 3.754E-29 1.142E-01.06440.352 4658.97470.59-.020750          1 0 0          0 0 1  8  6  3        7  4  4      534233837294713152    51.0   45.0
 11  380.720732 9.810E-29 5.037E-10.08870.412  222.05280.710.000000          0 0 0          0 0 0  6  2  4        4  0  4     q7422308079917122 0    13.0    9.0
 11  380.876978 2.450E-22 9.332E+00.06410.398 2205.65270.570.000180          0 0 0          0 0 0 13  5  9       12  4  8      564426837260783049    27.0   25.0
 11  380.926272 6.080E-30 7.282E-04.08390.352 3967.48850.69-.007080          1 0 0          0 2 0  7  1  6        7  2  5      534263837294713152    45.0   45.0
 11  381.141505 1.149E-29 1.012E+01.07950.352 5598.57780.690.006170          0 3 0          0 3 0  8  4  4        7  3  5      434233837294713152    17.0   15.0
 11  381.280459 2.228E-30 3.039E-02.06780.333 4741.06700.630.002520          0 0 1          0 0 1  8  6  3        8  3  6      534233837294713152    17.0   17.0
 11  381.521235 1.862E-26 2.050E+01.04790.226 4197.36100.46-.002910          0 2 0          0 2 0  7  6  2        6  5  1      564223837294783152    15.0   13.0
 11  381.639039 5.497E-26 2.019E+01.04760.225 4197.33880.45-.002700          0 2 0          0 2 0  7  6  1        6  5  2      564223837294783152    45.0   39.0
 11  381.894574 6.100E-27 2.529E+00.00690.150 4438.7482-.230.003360          0 0 0          0 0 0 21  1 20       21  0 21      454233833460713049   129.0  129.0
 11  381.894840 2.034E-27 2.530E+00.00690.150 4438.7482-.230.003360          0 0 0          0 0 0 21  2 20       21  1 21      454233833460713049    43.0   43.0
 11  381.988264 1.184E-25 4.603E-03.08410.359 2024.15260.710.002630          0 1 0          0 1 0  5  5  1        5  2  4      764223837294783152    11.0   11.0
 11  382.232772 6.549E-30 7.929E-04.08250.371 3713.08250.66-.001620          1 0 0          0 2 0  6  0  6        6  1  5      534223837294713152    13.0   13.0
 11  382.346024 3.703E-29 9.409E-04.10130.456 3316.14530.75-.008150          1 0 0          0 2 0  1  1  0        2  2  1      534223837294713152     9.0   15.0
 11  382.449648 1.886E-23 2.946E-01.07210.395 2246.88480.700.011200          0 0 0          0 0 0 13  5  8       13  2 11      564426837260783049    81.0   81.0
 11  382.536259 4.508E-31 3.967E-01.07290.355 5597.18310.630.000000          0 3 0          0 3 0  8  4  4        8  1  7      4333308387659336 0    17.0   17.0
 11  382.592161 3.698E-30 4.717E-01.05120.281 5505.17340.48-.023480          1 0 0          0 2 0 12  5  8       11  6  5      434233837294713152    75.0   69.0
 11  382.919368 1.147E-29 4.605E+00.08440.352 5435.41140.710.003480          0 3 0          0 3 0  8  3  5        7  2  6      434233837294713152    17.0   15.0
 11  382.958767 3.603E-31 1.072E-03.03730.259 4469.79650.490.000000          0 0 1          0 2 0 10  1 10       11  1 11      4333308387659336 0    21.0   23.0
 11  383.143680 5.218E-30 3.197E+00.05080.281 5601.53140.46-.025050          0 0 1          1 0 0 12  5  8       11  5  7      434233837294713152    25.0   23.0
 11  383.210861 5.333E-30 7.443E-04.09060.352 3967.48850.72-.001720          0 0 1          0 2 0  6  2  4        7  2  5      534233837294713152    39.0   45.0
 11  383.509430 8.510E-23 3.745E-03.08280.387  661.54890.73-.001230          0 0 0          0 0 0  6  6  0        6  3  3      764426807260783049    13.0   13.0
 11  383.609618 3.903E-29 1.292E+00.08600.371 5121.60060.690.000780          0 3 0          0 3 0  7  2  5        6  1  6      434233837294713152    45.0   39.0
 11  383.820526 1.335E-20 9.895E+00.06380.364 1340.88490.570.008290          0 0 0          0 0 0 10  5  5        9  4  6      664426837260783049    21.0   19.0
 11  383.980852 1.240E-28 3.902E-01.07860.298 4480.39240.710.005670          0 2 0          0 2 0 10  4  6       10  1  9      434233837294713152    21.0   21.0
 11  383.992980 6.356E-31 2.001E-04.07880.383 3873.79370.660.000000          1 0 0          0 2 0  5  4  2        6  3  3      5333308387659336 0    11.0   13.0
 11  384.317724 1.433E-28 1.467E+01.05580.315 5196.50050.53-.005260          0 0 1          0 0 1 10  6  5        9  5  4      534233837294713152    21.0   19.0
 11  384.451739 1.715E-22 1.015E+01.05950.344 2533.79320.550.008280          0 0 0          0 0 0 14  5 10       13  4  9      564426837260783049    87.0   81.0
 11  384.495467 3.556E-25 6.233E-01.05760.306 3244.60060.570.020000          0 0 0          0 0 0 15  7  8       15  4 11      564426837260783049    93.0   93.0
 11  384.499083 1.436E-23 1.125E+01.07690.401 2998.76630.70-.004850          0 1 0          0 1 0 10  5  6        9  4  5      564223837294783152    63.0   57.0
 11  384.542949 1.170E-28 1.442E-04.04740.250 3127.86190.60-.005710          0 0 0          0 0 0 12 11  2       13  8  5      534233837260713049    75.0   81.0
 11  384.602059 3.900E-29 1.442E-04.04730.250 3127.80280.60-.005680          0 0 0          0 0 0 12 11  1       13  8  6      534233837260713049    25.0   27.0
 11  384.664549 1.390E-29 2.858E-10.08330.391  503.96810.690.000000          0 0 0          0 0 0  6  5  1        5  3  3     q7422308079917122 0    13.0   11.0
 11  384.708719 1.311E-27 1.106E-03.04430.221 3080.17870.490.013340          0 0 0          0 0 0 14  8  7       15  3 12      534426837260713049    87.0   93.0
 11  384.838126 2.771E-20 5.971E-01.07800.408  542.90580.700.007250          0 0 0          0 0 0  7  4  4        6  1  5      764426807240783049    15.0   13.0
 11  384.966303 5.001E-30 3.421E-03.07800.371 4292.90990.700.000370          1 0 0          1 0 0  6  6  1        6  3  4      534233837294713152    39.0   39.0
 11  385.039155 1.022E-29 1.224E+00.08520.298 5246.80010.71-.015040          0 0 1          1 0 0 11  4  7       10  4  6      434233837294713152    23.0   21.0
 11  385.082016 7.860E-28 2.075E+01.04110.333 5122.39290.40-.002270          0 0 1          0 0 1  9  7  3        8  6  2      534223837294713152    57.0   51.0
 11  385.119911 3.412E-28 2.683E-01.07780.315 4399.54210.700.011410          0 2 0          0 2 0  9  5  4        9  2  7      434223837294713152    57.0   57.0
 11  385.128809 1.826E-26 9.290E+00.04390.285 4221.03940.43-.015490          0 0 0          0 0 0 18  5 13       17  6 12      464426837260783049    37.0   35.0
 11  385.134876 2.621E-28 2.075E+01.04100.333 5122.34750.40-.002190          0 0 1          0 0 1  9  7  2        8  6  3      434233837294713152    19.0   17.0
 11  385.302587 1.665E-30 8.575E-04.05640.265 4125.59900.61-.008400          0 1 0          0 1 0 11  9  3       12  6  6      434233837294713152    23.0   25.0
 11  385.502788 1.260E-20 2.637E-02.08950.446  224.83840.720.005300          0 0 0          0 0 0  5  4  1        4  1  4      764426807240783049    33.0   27.0
 11  385.593319 6.053E-29 4.253E-01.07540.298 4644.21720.700.014120          0 2 0          0 2 0 10  5  5       10  2  8      534233837294713152    21.0   21.0
 11  385.665752 1.536E-29 1.661E+01.06560.371 5611.09740.59-.004230          0 3 0          0 3 0  7  5  3        6  4  2      434233837294713152    15.0   13.0
 11  385.680020 4.705E-25 4.536E-01.06090.316 2880.83420.590.017850          0 0 0          0 0 0 14  7  7       14  4 10      564426837260783049    29.0   29.0
 11  385.745778 4.282E-30 9.349E+00.07540.315 6050.75230.660.000480          0 3 0          0 3 0 10  4  7        9  3  6      434233837294713152    63.0   57.0
 11  385.860360 1.000E-30 2.889E-05.09060.391 3565.45460.710.001390          1 0 0          0 2 0  4  2  3        5  1  4      534263837294713152    27.0   33.0
 11  385.943057 1.216E-30 7.765E-06.04780.221 3269.53980.53-.006750          0 1 0          0 0 0 14  0 14       15  5 11      474233837260713049    29.0   31.0
 11  385.979601 3.765E-26 4.949E-01.08590.424 3478.98650.700.006090          0 2 0          0 2 0  6  3  4        5  0  5      564223837294783152    39.0   33.0
 11  385.985301 2.156E-28 2.225E+00.05930.315 4949.00300.530.001410          1 0 0          0 0 1 10  5  6        9  3  7      534233837294713152    63.0   57.0
 11  386.051874 1.534E-28 1.045E-09.08870.412  275.49700.710.000000          0 0 0          0 0 0  6  3  3        4  1  3     q7422308079917122 0    13.0    9.0
 11  386.078436 4.620E-29 1.666E+01.06240.371 5610.76490.56-.002110          0 3 0          0 3 0  7  5  2        6  4  3      434233837294713152    45.0   39.0
 11  386.132594 1.537E-30 8.978E-04.06630.333 4062.83810.55-.015780          0 0 1          0 2 0  7  1  6        8  1  7      534233837294713152    15.0   17.0
 11  386.316229 2.694E-30 2.494E-04.03900.221 4045.32180.51-.005870          0 0 0          0 0 0 14 12  3       15  9  6      434233837260713049    87.0   93.0
 11  386.352455 9.008E-31 2.502E-04.03430.222 4045.28560.360.000000          0 0 0          0 0 0 14 12  2       15  9  7      4333308387659336 0    29.0   31.0
 11  386.392780 2.988E-28 1.419E-02.08750.391 3482.48020.710.004580          0 2 0          0 2 0  5  4  2        5  1  5      534223837294713152    11.0   11.0
 11  386.523037 1.566E-27 2.826E+01.02340.352 5020.02610.23-.001200          1 0 0          1 0 0  8  8  1        7  7  0      434223837294713152    51.0   45.0
 11  386.523068 5.221E-28 2.827E+01.02340.352 5020.02610.23-.001200          1 0 0          1 0 0  8  8  0        7  7  1      434223837294713152    17.0   15.0
 11  386.578168 1.435E-27 1.914E-04.07810.333 2337.46330.680.004000          0 1 0          0 1 0  7  5  3        8  0  8      634223837294713152    15.0   17.0
 11  386.833696 2.260E-28 2.860E+01.00430.161 5611.3298-.48-.000110          0 1 0          0 1 0 21  0 21       20  1 20      444233833294713152   129.0  123.0
 11  386.834306 7.535E-29 2.861E+01.00430.161 5611.3293-.48-.000110          0 1 0          0 1 0 21  1 21       20  0 20      444233833294713152    43.0   41.0
 11  386.978674 1.155E-29 2.224E-01.06080.315 4850.44130.560.000680          0 2 0          1 0 0 10  6  4        9  3  7      534233837294713152    21.0   19.0
 11  387.055713 6.151E-27 4.475E-01.06750.265 3738.54320.650.018460          0 1 0          0 1 0 12  6  6       12  3  9      534223837294713152    25.0   25.0
 11  387.208317 2.375E-26 8.051E+00.08070.342 4224.58650.710.006010          0 2 0          0 2 0  9  4  5        8  3  6      564223837294783152    57.0   51.0
 11  387.221300 1.075E-28 1.459E-03.04000.208 3437.27720.450.013960          0 0 0          0 0 0 15  8  8       16  3 13      434233837260713049    31.0   33.0
 11  387.616286 5.042E-30 8.645E-04.05290.265 4123.28530.58-.006100          0 1 0          0 1 0 11  9  2       12  6  7      434233837294713152    69.0   75.0
 11  387.757080 1.929E-28 1.476E-01.06550.352 4368.63690.59-.010490          1 0 0          0 2 0  8  4  5        7  5  2      534243837294713152    51.0   45.0
 11  388.061671 2.311E-30 1.447E-11.08870.412  222.05280.710.000000          0 0 0          0 0 0  5  4  2        4  0  4     q7422308079917122 0    11.0    9.0
 11  388.067196 4.383E-28 1.498E+01.05250.315 5193.45760.49-.001260          0 0 1          0 0 1 10  6  4        9  5  5      534223837294713152    63.0   57.0
 11  388.374320 1.421E-27 7.486E-04.05020.235 2739.42850.540.012570          0 0 0          0 0 0 13  8  6       14  3 11      534426837260713049    27.0   29.0
 11  388.418131 4.494E-25 2.825E-02.07950.350 2181.08990.680.005350          0 1 0          0 1 0  7  4  4        7  1  7      664223837294783152    15.0   15.0
 11  388.608757 6.832E-29 2.350E-09.07810.371  661.54890.670.000000          0 0 0          0 0 0  8  3  5        6  3  3     q7422308079917122 0    17.0   13.0
 11  388.620113 1.114E-29 1.222E-02.08230.371 4190.26220.700.005460          0 2 0          1 0 0  7  6  2        6  1  5      534233837294713152    15.0   13.0
 11  388.656833 1.016E-30 4.628E+00.03020.122 6147.78460.290.000000          0 0 0          0 0 0 24  2 22       24  1 23      3442338332917122 0    49.0   49.0
 11  388.657945 3.049E-30 4.630E+00.03020.122 6147.78460.290.000000          0 0 0          0 0 0 24  3 22       24  2 23      3442338332917122 0   147.0  147.0
 11  388.705529 1.255E-23 1.147E+01.05410.311 2880.83420.510.012070          0 0 0          0 0 0 15  5 11       14  4 10      564426837260783049    31.0   29.0
 11  388.768561 3.135E-25 4.974E-05.07560.314 1201.92150.700.004420          0 0 0          0 0 0  8  7  2        9  2  7      764426807260783049    51.0   57.0
 11  388.865937 1.887E-28 1.283E+01.05250.315 5108.34930.49-.001260          1 0 0          1 0 0 10  6  4        9  5  5      434233837294713152    21.0   19.0
 11  388.954962 3.119E-30 1.258E-02.07310.352 4457.81870.670.000980          1 0 0          1 0 0  7  6  2        7  3  5      534233837294713152    15.0   15.0
 11  389.204532 2.700E-25 1.915E+01.01640.192 3812.04690.04-.002020          0 0 0          0 0 0 18  3 15       17  4 14      464426837260783049    37.0   35.0
 11  389.251413 6.451E-28 1.461E+01.05580.315 5107.72910.53-.005260          1 0 0          1 0 0 10  6  5        9  5  4      434223837294713152    63.0   57.0
 11  389.322168 3.453E-29 3.932E-02.08360.371 4197.36100.72-.001130          0 0 1          0 2 0  7  3  4        6  5  1      534233837294713152    15.0   13.0
 11  389.765720 4.283E-29 2.519E+01.04040.391 5678.72930.41-.001990          0 3 0          0 3 0  6  6  1        5  5  0      434233837294713152    39.0   33.0
 11  389.767722 1.428E-29 2.520E+01.04040.391 5678.72760.41-.001900          0 3 0          0 3 0  6  6  0        5  5  1      434233837294713152    13.0   11.0
 11  389.902076 5.923E-27 6.202E-01.06470.250 4052.81090.630.020000          0 1 0          0 1 0 13  6  7       13  3 10      534223837294713152    81.0   81.0
 11  389.911494 6.351E-29 1.256E-04.07040.315 3141.04600.71-.003670          0 1 0          0 1 0  8  8  1        9  5  4      534233837294713152    51.0   57.0
 11  390.066370 1.798E-30 9.977E-03.05890.315 4817.73570.530.003940          1 0 0          0 0 1 10  4  7        9  2  8      534233837294713152    63.0   57.0
 11  390.134947 7.660E-25 9.449E-03.09380.396 1739.48370.730.005660          0 1 0          0 1 0  4  4  0        3  1  3      764223837294783152     9.0    7.0
 11  390.299304 1.357E-28 3.188E+00.00850.172 5241.7429-.190.002700          0 1 0          0 1 0 19  1 18       19  0 19      434233837294713152   117.0  117.0
 11  390.305465 4.522E-29 3.187E+00.00850.172 5241.7412-.190.002700          0 1 0          0 1 0 19  2 18       19  1 19      434233837294713152    39.0   39.0
 11  390.431171 7.991E-29 1.794E+01.01640.195 5469.18390.04-.002020          0 1 0          0 1 0 18  3 15       17  4 14      434233837294713152    37.0   35.0
 11  390.479393 5.566E-25 2.344E+01.00790.154 3940.5873-.260.000430          0 0 0          0 0 0 19  2 17       18  3 16      464426837260783049   117.0  111.0
 11  390.498615 4.655E-25 3.001E+01.00430.131 4048.2496-.48-.000110          0 0 0          0 0 0 21  0 21       20  1 20      474426833360783049   129.0  123.0
 11  390.498632 1.552E-25 3.002E+01.00430.131 4048.2495-.48-.000110          0 0 0          0 0 0 21  1 21       20  0 20      474426833360783049    43.0   41.0
 11  390.521856 4.636E-28 5.551E-01.07950.352 4232.38430.66-.001210          1 0 0          1 0 0  8  2  6        7  1  7      434223837294713152    17.0   15.0
 11  390.538735 3.897E-28 2.113E+01.04110.333 5039.64210.40-.002270          1 0 0          1 0 0  9  7  3        8  6  2      434223837294713152    19.0   17.0
 11  390.544223 1.856E-25 2.345E+01.00790.154 3940.5449-.260.000420          0 0 0          0 0 0 19  3 17       18  2 16      464426837260783049    39.0   37.0
 11  390.556185 1.169E-27 2.113E+01.04100.333 5039.62740.40-.002190          1 0 0          1 0 0  9  7  2        8  6  3      534223837294713152    57.0   51.0
 11  390.638396 4.733E-30 5.508E-02.06280.315 4949.00300.590.005310          0 0 1          0 0 1  9  6  4        9  3  7      534233837294713152    57.0   57.0
 11  390.745629 5.760E-29 2.579E+01.00500.172 5632.0467-.43-.000610          0 1 0          0 1 0 20  1 19       19  2 18      434233837294713152    41.0   39.0
 11  390.754150 1.728E-28 2.579E+01.00500.172 5632.0422-.43-.000600          0 1 0          0 1 0 20  2 19       19  1 18      434233837294713152   123.0  117.0
 11  390.770975 4.356E-31 9.354E+00.06610.323 6309.33170.620.000000          0 3 0          0 3 0 11  4  8       10  3  7      4333308387659336 0    23.0   21.0
 11  390.921461 8.200E-25 1.942E+01.01700.189 3810.93670.060.002350          0 0 0          0 0 0 18  4 15       17  3 14      464426837260783049   111.0  105.0
 11  391.098705 4.548E-25 2.703E+01.00500.136 4021.2184-.43-.000600          0 0 0          0 0 0 20  2 19       19  1 18      464426807260783049   123.0  117.0
 11  391.098720 1.516E-25 2.703E+01.00500.136 4021.2184-.43-.000610          0 0 0          0 0 0 20  1 19       19  2 18      464426807260783049    41.0   39.0
 11  391.140951 1.605E-28 1.445E-01.07970.333 4173.22570.700.007960          0 2 0          0 2 0  8  5  3        8  2  6      534233837294713152    17.0   17.0
 11  391.244849 3.049E-30 3.457E-02.06630.315 4717.10450.620.009100          1 0 0          1 0 0  9  5  5        9  2  8      434233837294713152    19.0   19.0
 11  391.291684 5.855E-28 8.758E-04.07780.265 3144.57880.710.003550          0 1 0          0 1 0 11  4  7       12  1 12      534223837294713152    69.0   75.0
 11  391.437491 1.836E-28 2.238E+01.00790.183 5579.4912-.260.000430          0 1 0          0 1 0 19  2 17       18  3 16      434233837294713152   117.0  111.0
 11  391.481697 2.130E-29 1.263E-04.06830.315 3139.47580.70-.003160          0 1 0          0 1 0  8  8  0        9  5  5      534233837294713152    17.0   19.0
 11  391.489826 1.035E-25 6.715E-04.05490.259 2042.31060.580.010840          0 0 0          0 0 0 12  6  7       13  1 12      564426837260783049    75.0   81.0
 11  391.571230 7.344E-25 1.634E-02.07930.340 2161.28600.680.003650          0 1 0          0 1 0  6  5  2        6  2  5      764223837294783152    39.0   39.0
 11  391.608825 8.893E-25 2.125E-04.06710.295 1327.11000.650.006770          0 0 0          0 0 0 10  5  6       11  0 11      664426837260783049    63.0   69.0
 11  391.645642 6.129E-29 2.242E+01.00790.183 5579.3576-.260.000420          0 1 0          0 1 0 19  3 17       18  2 16      434233837294713152    39.0   37.0
 11  392.063118 3.951E-27 1.252E-03.04480.221 2872.27430.500.013470          0 0 0          0 0 0 14  7  8       15  2 13      534426837260713049    87.0   93.0
 11  392.104840 4.526E-26 2.870E-01.07130.281 3441.03950.660.014260          0 1 0          0 1 0 11  6  5       11  3  8      564223837294713152    69.0   69.0
 11  392.113514 4.577E-30 1.070E+00.07420.281 5621.33440.65-.006720          0 0 1          1 0 0 12  5  7       11  5  6      434233837294713152    75.0   69.0
 11  392.149966 8.389E-28 5.496E-01.07950.352 4332.91230.66-.001210          0 0 1          0 0 1  8  2  6        7  1  7      534223837294713152    51.0   45.0
 11  392.270617 1.138E-27 1.706E+00.07900.333 4525.96410.670.002960          1 0 0          1 0 0  9  3  6        8  2  7      434223837294713152    57.0   51.0
 11  392.369498 2.377E-26 7.670E-01.05490.298 3623.76500.560.020000          0 0 0          0 0 0 16  7  9       16  4 12      464426837260783049    33.0   33.0
 11  392.387574 6.478E-25 5.452E-02.08080.407 2512.28290.690.002070          0 1 0          0 1 0  9  3  6        9  0  9      564223837294783152    57.0   57.0
 11  392.455248 6.684E-30 3.075E-01.09060.412 4891.74280.720.005880          0 3 0          0 3 0  5  3  3        4  0  4      434233837294713152    11.0    9.0
 11  392.536956 4.746E-30 2.828E-04.08950.391 3482.48020.70-.011000          1 0 0          0 2 0  4  0  4        5  1  5      534223837294713152     9.0   11.0
 11  392.579452 7.535E-31 3.809E+00.01550.189 6096.52090.190.000000          0 2 0          0 2 0 17  2 16       17  1 17      4333308387659336 0    35.0   35.0
 11  392.702646 6.820E-25 5.568E-01.06470.326 3080.17870.660.018590          0 0 0          0 0 0 15  6  9       15  3 12      564426837260783049    93.0   93.0
 11  393.956934 7.121E-30 1.137E-03.08400.412 3951.31500.68-.002760          0 0 1          1 0 0  5  4  2        4  2  3      534233837294713152    33.0   27.0
 11  394.148105 4.535E-24 3.004E-01.06260.340 2533.79320.590.012070          0 0 0          0 0 0 13  7  6       13  4  9      564426837260783049    81.0   81.0
 11  394.228627 7.259E-20 3.011E+01.02560.187 1394.81420.23-.001200          0 0 0          0 0 0  8  8  1        7  7  0      664426837240783049    51.0   45.0
 11  394.228680 2.420E-20 3.011E+01.02560.187 1394.81420.23-.001200          0 0 0          0 0 0  8  8  0        7  7  1      664426837240783049    17.0   15.0
 11  394.419281 1.591E-30 1.894E-01.07160.298 5237.42000.640.001180          0 0 1          0 2 0 11  4  7       10  6  4      534233837294713152    23.0   21.0
 11  394.524679 7.516E-29 5.950E-01.07450.281 4905.65360.710.013850          0 2 0          0 2 0 11  5  6       11  2  9      434233837294713152    69.0   69.0
 11  394.576734 8.883E-31 2.778E-03.04480.259 4469.79650.490.000000          0 2 0          0 2 0 10  4  6       11  1 11      4333308387659336 0    21.0   23.0
 11  394.595337 2.554E-22 6.176E-02.06630.327 1080.38540.620.009100          0 0 0          0 0 0  9  5  5        9  2  8      664426837260783049    19.0   19.0
 11  394.645470 7.307E-29 5.661E-01.07600.333 4861.80320.70-.021270          1 0 0          0 0 1  9  6  3        8  4  4      534233837294713152    57.0   51.0
 11  394.836241 2.472E-28 1.860E+01.01700.195 5466.40250.060.002350          0 1 0          0 1 0 18  4 15       17  3 14      434233837294713152   111.0  105.0
 11  394.937389 7.722E-24 1.330E+01.04550.293 3244.60060.440.012940          0 0 0          0 0 0 16  5 12       15  4 11      564426837260783049    99.0   93.0
 11  395.031116 1.962E-29 1.383E+01.02510.195 5700.48200.19-.006620          0 1 0          0 1 0 18  4 14       17  5 13      434233837294713152    37.0   35.0
 11  395.104245 1.783E-29 8.405E-11.07810.371  447.25240.670.000000          0 0 0          0 0 0  7  3  4        6  1  6     q7422308079917122 0    45.0   39.0
 11  395.196563 3.618E-30 2.730E-03.06950.221 4243.15400.690.007150          0 1 0          0 1 0 14  5  9       15  2 14      434233837294713152    29.0   31.0
 11  395.394593 6.560E-29 1.775E-03.03710.195 3810.93670.420.014380          0 0 0          0 0 0 16  8  9       17  3 14      434233837260713049    99.0  105.0
 11  395.449727 5.706E-30 1.567E-03.08970.391 4095.92000.73-.005510          0 0 1          1 0 0  6  4  2        5  2  3      534233837294713152    39.0   33.0
 11  395.510725 3.080E-29 6.182E-04.09170.412 3482.06450.71-.012050          1 0 0          0 2 0  4  1  4        4  2  3      534243837294713152    27.0   27.0
 11  395.628306 9.470E-30 2.856E-02.06780.333 4643.99910.630.002520          1 0 0          1 0 0  8  6  3        8  3  6      434233837294713152    51.0   51.0
 11  396.079252 2.575E-22 3.750E-03.07800.371  648.97870.700.000370          0 0 0          0 0 0  6  6  1        6  3  4      764426807260783049    39.0   39.0
 11  396.283500 2.166E-27 5.051E+00.07430.333 4387.35720.660.004710          0 2 0          1 0 0  9  5  5        8  0  8      434223837294713152    19.0   17.0
 11  396.344320 2.167E-28 1.612E+00.07900.333 4625.93690.670.002960          0 0 1          0 0 1  9  3  6        8  2  7      534233837294713152    19.0   17.0
 11  396.358800 1.964E-28 3.936E+00.07980.315 4850.44130.710.006120          1 0 0          1 0 0 10  4  6        9  3  7      434233837294713152    21.0   19.0
 11  396.421046 2.685E-29 3.044E-02.08960.371 4190.26220.720.002220          0 0 1          1 0 0  7  3  4        6  1  5      534233837294713152    15.0   13.0
 11  396.432537 2.409E-20 5.948E-01.09100.406  586.47920.66-.001210          0 0 0          0 0 0  8  2  6        7  1  7      764426837240783049    17.0   15.0
 11  396.771045 1.423E-24 1.111E+01.07670.409 3253.73800.70-.004780          0 1 0          0 1 0 11  5  7       10  4  6      564223837294783152    23.0   21.0
 11  397.030338 1.068E-29 2.026E-09.06000.298 1293.63410.570.000000          0 0 0          0 0 0 11  2  9       10  2  9     q6422308079917122 0    69.0   63.0
 11  397.318901 5.877E-20 1.859E+00.07400.396  885.60020.670.002960          0 0 0          0 0 0  9  3  6        8  2  7      766426837240783049    57.0   51.0
 11  397.327509 3.900E-27 9.088E+00.07450.333 4386.31320.68-.005260          0 2 0          0 2 0  9  5  5        8  4  4      434223837294713152    19.0   17.0
 11  397.518470 2.537E-23 2.655E-01.08700.415 2000.86300.710.006100          0 1 0          0 1 0  6  4  3        5  1  4      664223837294783152    39.0   33.0
 11  397.675610 3.156E-20 1.605E+01.06600.307 1477.29740.53-.005260          0 0 0          0 0 0 10  6  5        9  5  4      666426837240783049    63.0   57.0
 11  398.097745 1.047E-29 4.250E-10.07810.371  661.54890.670.000000          0 0 0          0 0 0  7  5  3        6  3  3     q7422308079917122 0    15.0   13.0
 11  398.173949 1.778E-23 5.918E-01.08020.380 2041.78050.670.006850          0 1 0          0 1 0  7  3  5        6  0  6      664223837294783152    15.0   13.0
 11  398.184807 4.042E-28 8.396E-10.09400.434  212.15640.730.000000          0 0 0          0 0 0  5  4  1        3  2  1     q7422308079917122 0    33.0   21.0
 11  398.588732 1.086E-29 2.175E-04.08720.391 3478.98650.68-.007970          1 0 0          0 2 0  4  1  4        5  0  5      534243837294713152    27.0   33.0
 11  398.788757 1.058E-26 4.327E-04.05740.280 2414.72340.600.011120          0 0 0          0 0 0 12  8  5       13  3 10      564426837260783049    75.0   81.0
 11  398.941388 1.844E-20 2.273E+01.04400.250 1411.64190.40-.002270          0 0 0          0 0 0  9  7  3        8  6  2      664426837240783049    19.0   17.0
 11  398.976486 5.532E-20 2.272E+01.04400.249 1411.61150.40-.002190          0 0 0          0 0 0  9  7  2        8  6  3      664426837240783049    57.0   51.0
 11  398.981213 4.140E-26 2.646E-04.07400.382 1806.67150.690.002440          0 0 0          0 0 0 12  4  8       13  1 13      564426837260783049    25.0   27.0
 11  399.495533 1.610E-22 1.397E-02.07310.324  816.69420.670.000980          0 0 0          0 0 0  7  6  2        7  3  5      764426837260783049    15.0   15.0
 11  399.537025 3.118E-29 2.137E-09.07340.352  816.69420.650.000000          0 0 0          0 0 0  9  3  7        7  3  5     q6422308079917122 0    19.0   15.0
 11  399.584243 3.097E-28 2.881E+00.00620.141 4846.4946-.250.003250          0 0 0          0 0 0 22  1 21       22  0 22      444233833260713049    45.0   45.0
 11  399.584389 9.291E-28 2.881E+00.00620.141 4846.4946-.250.003250          0 0 0          0 0 0 22  2 21       22  1 22      444233833260713049   135.0  135.0
 11  399.659026 7.679E-26 1.622E+01.02510.221 4027.50600.19-.006620          0 0 0          0 0 0 18  4 14       17  5 13      464426837260783049    37.0   35.0
 11  400.105687 1.412E-25 2.100E-01.07580.391 3135.76480.690.005840          0 1 0          0 1 0 11  4  7       11  1 10      564223837294783152    69.0   69.0
 11  400.221788 1.071E-20 4.644E+00.07000.379 1216.23130.710.006120          0 0 0          0 0 0 10  4  6        9  3  7      666426837240783049    21.0   19.0
 11  400.481044 1.068E-20 1.631E+01.04000.304 1474.98080.49-.001260          0 0 0          0 0 0 10  6  4        9  5  5      664426837240783049    21.0   19.0
 11  400.492393 6.065E-28 1.468E+00.07620.352 4368.54610.690.001260          1 0 0          0 2 0  8  4  4        7  5  3      534223837294713152    17.0   15.0
 11  400.797710 9.780E-24 1.857E+01.05410.277 2920.13210.51-.003370          0 1 0          0 1 0  9  6  4        8  5  3      564223837294783152    19.0   17.0
 11  400.801542 1.229E-30 1.425E-02.07010.298 4752.73290.63-.006260          1 0 0          0 2 0 11  2 10       10  3  7      434233837294713152    23.0   21.0
 11  400.861645 3.931E-23 2.590E+01.03740.219 2905.43350.37-.002520          0 1 0          0 1 0  8  7  2        7  6  1      564223837294783152    51.0   45.0
 11  400.864848 1.310E-23 2.590E+01.03730.220 2905.43060.37-.002480          0 1 0          0 1 0  8  7  1        7  6  2      564223837294783152    17.0   15.0
 11  400.981618 2.678E-30 1.146E-03.04050.298 4260.46690.32-.014960          0 0 1          0 2 0  9  1  9       10  1 10      534233837294713152    57.0   63.0
 11  401.148474 5.114E-28 6.676E-02.08180.352 3967.48850.700.004550          0 2 0          0 2 0  7  5  2        7  2  5      534223837294713152    45.0   45.0
 11  401.380325 2.944E-23 1.864E+01.05270.272 2919.63300.50-.002010          0 1 0          0 1 0  9  6  3        8  5  4      564223837294783152    57.0   51.0
 11  402.050499 3.753E-30 2.175E-09.06000.298 1293.01810.570.000000          0 0 0          0 0 0 11  3  9       10  1  9     q6422308079917122 0    23.0   21.0
 11  402.220120 4.958E-28 7.595E-01.06430.235 4382.77980.640.020000          0 1 0          0 1 0 14  6  8       14  3 11      434223837294713152    29.0   29.0
 11  402.395636 3.095E-30 9.844E-04.07080.352 3894.16780.58-.010380          0 0 1          0 2 0  6  2  5        7  2  6      534233837294713152    13.0   15.0
 11  402.560877 1.777E-30 9.872E-05.04350.235 3685.41920.59-.005640          0 0 0          0 0 0 13 12  2       14  9  5      434233837260713049    27.0   29.0
 11  402.567125 2.735E-28 9.874E-01.07810.352 4448.97070.680.010010          0 0 1          0 0 1  8  4  5        7  1  6      534223837294713152    17.0   15.0
 11  402.570701 5.395E-29 1.560E-02.08850.412 4066.12260.740.001040          0 0 1          0 0 1  5  5  1        4  2  2      534233837294713152    33.0   27.0
 11  402.571807 5.332E-30 9.874E-05.04350.235 3685.40830.59-.005640          0 0 0          0 0 0 13 12  1       14  9  6      434233837260713049    81.0   87.0
 11  402.664485 3.775E-29 3.555E-05.05300.265 2813.52870.68-.004890          0 0 0          0 0 0 11 11  1       12  8  4      534233837260713049    23.0   25.0
 11  402.680976 1.132E-28 3.554E-05.05300.265 2813.51220.68-.004890          0 0 0          0 0 0 11 11  0       12  8  5      534233837260713049    69.0   75.0
 11  402.744590 2.961E-26 1.664E-01.07280.298 3162.25890.660.008220          0 1 0          0 1 0 10  6  4       10  3  7      564223837294713152    21.0   21.0
 11  402.926676 1.877E-26 1.460E+01.06320.290 4381.73540.560.003070          0 2 0          0 2 0  9  5  4        8  4  5      564223837294783152    57.0   51.0
 11  403.449366 1.038E-30 1.643E-03.03500.183 4427.16500.390.014520          0 0 0          0 0 0 17  9  9       18  4 14      434233837260713049    35.0   37.0
 11  403.555527 1.342E-28 1.497E+01.05820.298 5442.09780.55-.008350          0 0 1          0 0 1 11  6  6       10  5  5      534233837294713152    69.0   63.0
 11  403.732401 1.014E-29 6.786E-04.08710.391 3722.73100.71-.005180          0 0 1          0 2 0  4  3  1        5  3  2      534243837294713152    27.0   33.0
 11  403.740951 4.891E-25 1.561E+01.03610.261 3623.76500.350.011310          0 0 0          0 0 0 17  5 13       16  4 12      464426837260783049    35.0   33.0
 11  403.813006 1.402E-28 8.693E-10.09400.434  206.30140.730.000000          0 0 0          0 0 0  5  4  2        3  2  2     q7422308079917122 0    11.0    7.0
 11  403.984799 1.004E-28 8.454E+00.04300.172 5276.80240.42-.013720          0 0 0          0 0 0 20  6 14       19  7 13      334233837260713049    41.0   39.0
 11  403.989839 1.280E-29 3.273E+01.00400.150 5998.1636-.490.001430          0 1 0          0 1 0 22  0 22       21  1 21      444233833294713152    45.0   43.0
 11  403.990125 3.838E-29 3.271E+01.00400.150 5998.1635-.490.001430          0 1 0          0 1 0 22  1 22       21  0 21      444233833294713152   135.0  129.0
 11  404.077578 5.176E-24 1.226E+01.06380.315 2983.32310.570.008290          0 1 0          0 1 0 10  5  5        9  4  6      564223837294783152    21.0   19.0
 11  404.089101 4.445E-28 2.871E+01.02950.333 5289.95910.29-.002100          0 0 1          0 0 1  9  8  2        8  7  1      434223837294713152    57.0   51.0
 11  404.090344 1.482E-28 2.872E+01.02950.333 5289.95800.29-.002090          0 0 1          0 0 1  9  8  1        8  7  2      434233837294713152    19.0   17.0
 11  404.163921 2.106E-27 2.370E+00.08320.371 4408.02880.74-.008070          0 2 0          0 0 1  7  7  0        6  3  3      534223837294713152    45.0   39.0
 11  404.354057 2.467E-30 2.052E+00.04680.265 5887.76560.43-.026210          0 0 1          1 0 0 13  5  9       12  5  8      434233837294713152    81.0   75.0
 11  404.642458 2.995E-30 1.702E-03.09160.412 3977.26160.730.002540          1 0 0          0 0 1  5  5  1        4  1  4      534233837294713152    11.0    9.0
 11  404.648972 1.125E-24 1.097E+01.07240.406 3535.87040.65-.004870          0 1 0          0 1 0 12  5  8       11  4  7      564223837294783152    75.0   69.0
 11  404.755775 1.944E-30 1.835E-03.05650.172 4331.08920.600.006500          0 0 0          0 0 0 18  6 12       19  3 17      434233837260713049    37.0   39.0
 11  404.843630 5.330E-30 1.230E-01.06180.333 4851.53780.57-.019340          1 0 0          0 0 1  9  6  4        8  4  5      534233837294713152    19.0   17.0
 11  405.035125 8.909E-27 3.005E+01.03030.371 4407.15760.31-.001610          0 2 0          0 2 0  7  7  1        6  6  0      534223837294713152    15.0   13.0
 11  405.061034 1.675E-30 1.988E-09.06000.298 1437.96860.570.000000          0 0 0          0 0 0 11  4  8       10  2  8     q5422308079917122 0    23.0   21.0
 11  405.079209 3.425E-29 2.188E-02.08230.371 4290.75700.690.004150          1 0 0          0 0 1  7  5  2        6  1  5      534233837294713152    45.0   39.0
 11  405.146421 2.481E-26 2.790E+01.03030.177 4407.04630.31-.001600          0 2 0          0 2 0  7  7  0        6  6  1      564223837294783152    45.0   39.0
 11  405.495503 4.911E-22 3.228E-02.06780.304 1006.11590.630.002520          0 0 0          0 0 0  8  6  3        8  3  6      764426837260783049    51.0   51.0
 11  405.501545 2.692E-25 3.547E-02.07470.322 2318.53990.660.005240          0 1 0          0 1 0  7  5  3        7  2  6      664223837294783152    15.0   15.0
 11  405.583005 3.866E-30 7.318E-04.09020.371 3784.67920.72-.009310          1 0 0          0 2 0  6  1  5        6  2  4      534223837294713152    13.0   13.0
 11  405.628212 6.334E-30 1.940E-02.07020.315 4661.44850.640.006660          0 0 1          0 0 1  9  4  6        9  1  9      534233837294713152    57.0   57.0
 11  405.655830 3.637E-30 7.246E-04.08010.391 3719.49290.66-.005030          0 0 1          0 2 0  4  3  2        5  3  3      534233837294713152     9.0   11.0
 11  405.940106 2.192E-30 5.054E-02.06280.315 4850.44130.590.005310          1 0 0          1 0 0  9  6  4        9  3  7      434233837294713152    19.0   19.0
 11  406.167943 2.601E-26 2.150E+01.05140.237 4368.63690.48-.002790          0 2 0          0 2 0  8  6  3        7  5  2      564223837294783152    51.0   45.0
 11  406.259811 1.623E-28 1.825E+00.07980.315 4949.00300.710.006120          0 0 1          0 0 1 10  4  6        9  3  7      534233837294713152    63.0   57.0
 11  406.365370 1.412E-25 2.264E+01.01360.176 4201.8582-.03-.001040          0 0 0          0 0 0 19  3 16       18  4 15      464426837260783049   117.0  111.0
 11  406.452974 3.899E-30 1.203E-02.05520.371 4613.57320.59-.031190          1 0 0          0 0 1  7  7  0        6  5  1      534233837294713152    45.0   39.0
 11  406.499839 1.292E-30 1.196E-02.05490.371 4613.52630.58-.031130          1 0 0          0 0 1  7  7  1        6  5  2      534233837294713152    15.0   13.0
 11  406.542115 8.138E-27 2.020E+01.05080.352 4368.54610.48-.002400          0 2 0          0 2 0  8  6  2        7  5  3      534223837294713152    17.0   15.0
 11  406.797085 1.128E-28 8.361E+00.07790.298 5355.26280.71-.019250          1 0 0          0 0 1 11  6  5       10  4  6      434233837294713152    69.0   63.0
 11  406.894048 3.499E-29 2.016E-01.06320.333 4564.36660.57-.016360          1 0 0          0 2 0  9  4  6        8  5  3      434243837294713152    19.0   17.0
 11  406.907628 1.989E-29 1.920E-09.06460.315  920.21000.600.000000          0 0 0          0 0 0 11  1 11        9  1  9     q5422308079917122 0    23.0   19.0
 11  406.924317 1.261E-30 6.248E-02.06220.298 5027.55960.590.010660          0 0 1          0 0 1 10  5  6       10  2  9      534233837294713152    21.0   21.0
 11  406.941648 5.973E-29 1.922E-09.06460.315  920.16830.600.000000          0 0 0          0 0 0 11  0 11        9  0  9     q6422308079917122 0    69.0   57.0
 11  407.304768 4.738E-26 2.281E+01.01390.174 4201.2514-.010.001420          0 0 0          0 0 0 19  4 16       18  3 15      464426837260783049    39.0   37.0
 11  407.350112 2.907E-27 2.911E-04.07400.315 2512.28290.670.004830          0 1 0          0 1 0  8  5  4        9  0  9      534223837294713152    51.0   57.0
 11  407.451827 4.034E-24 1.857E-01.06470.395 2205.65270.590.002290          0 0 0          0 0 0 12  7  5       12  4  8      564426837260783049    25.0   25.0
 11  407.532506 3.154E-26 2.717E+01.00650.142 4331.0892-.32-.000290          0 0 0          0 0 0 20  2 18       19  3 17      464426837260783049    41.0   39.0
 11  407.567168 9.466E-26 2.719E+01.00650.142 4331.0667-.32-.000300          0 0 0          0 0 0 20  3 18       19  2 17      464426837260783049   123.0  117.0
 11  407.746433 2.594E-26 3.439E+01.01400.161 4438.7482-.300.000000          0 0 0          0 0 0 22  0 22       21  1 21      4333308387659336 0    45.0   43.0
 11  407.746442 7.782E-26 3.439E+01.01400.161 4438.7482-.300.000000          0 0 0          0 0 0 22  1 22       21  0 21      4333308387659336 0   135.0  129.0
 11  407.797747 7.257E-30 3.621E-04.05890.281 3833.14440.65-.006170          0 1 0          0 1 0 10  9  2       11  6  5      534233837294713152    63.0   69.0
 11  407.823559 4.159E-29 2.136E+01.01360.183 5861.2387-.03-.001040          0 1 0          0 1 0 19  3 16       18  4 15      434233837294713152   117.0  111.0
 11  407.899001 9.423E-30 2.889E+01.00440.161 6022.7923-.470.000290          0 1 0          0 1 0 21  2 20       20  1 19      444233833294713152    43.0   41.0
 11  407.979282 1.318E-27 9.949E-01.07810.352 4348.41470.680.010010          1 0 0          1 0 0  8  4  5        7  1  6      434223837294713152    51.0   45.0
 11  407.997702 2.949E-29 3.015E+01.00440.161 6022.7964-.470.000290          0 1 0          0 1 0 21  1 20       20  2 19      444233833294713152   129.0  123.0
 11  408.033837 7.397E-29 2.214E-09.06860.333  885.60020.620.000000          0 0 0          0 0 0 10  2  9        8  2  7     q7422308079917122 0    63.0   51.0
 11  408.206477 1.883E-27 8.814E-04.06460.208 2952.39370.650.004400          0 0 0          0 0 0 15  5 10       16  2 15      534426837260713049    93.0   99.0
 11  408.293206 2.523E-28 5.302E-01.07290.352 4332.77380.620.006920          0 0 1          0 0 1  8  3  6        7  0  7      534233837294713152    17.0   15.0
 11  408.325659 7.622E-26 3.108E+01.00440.126 4412.3171-.470.000290          0 0 0          0 0 0 21  1 20       20  2 19      474426833360783049   129.0  123.0
 11  408.326433 2.541E-26 3.108E+01.00440.126 4412.3166-.470.000290          0 0 0          0 0 0 21  2 20       20  1 19      474426833360783049    43.0   41.0
 11  408.338971 1.037E-29 2.597E+01.00650.172 5971.0032-.32-.000290          0 1 0          0 1 0 20  2 18       19  3 17      434233837294713152    41.0   39.0
 11  408.460203 3.112E-29 2.598E+01.00650.172 5970.9287-.32-.000300          0 1 0          0 1 0 20  3 18       19  2 17      434233837294713152   123.0  117.0
 11  408.558946 1.013E-26 4.882E-01.07210.250 3877.08860.700.011200          0 1 0          0 1 0 13  5  8       13  2 11      564223837294713152    81.0   81.0
 11  408.641343 5.423E-30 5.515E-02.06220.298 4926.34690.590.010660          1 0 0          1 0 0 10  5  6       10  2  9      434233837294713152    63.0   63.0
 11  408.690351 2.427E-30 3.630E-04.05740.281 3832.25180.64-.005380          0 1 0          0 1 0 10  9  1       11  6  6      534233837294713152    21.0   23.0
 11  408.770647 3.765E-30 2.032E-03.03500.183 4201.25140.410.014350          0 0 0          0 0 0 17  8 10       18  3 15      434233837260713049    35.0   37.0
 11  408.818008 9.616E-29 2.191E+01.04340.315 5339.84330.43-.002320          0 0 1          0 0 1 10  7  4        9  6  3      434233837294713152    21.0   19.0
 11  408.859033 1.023E-29 5.292E-04.09570.434 3387.68070.73-.011640          1 0 0          0 2 0  3  1  3        3  2  2      534223837294713152     7.0    7.0
 11  408.977268 3.458E-30 5.419E-01.08420.281 5524.56920.72-.019250          0 0 1          1 0 0 12  4  8       11  4  7      434233837294713152    75.0   69.0
 11  409.037773 8.977E-26 1.104E+01.06410.265 3843.41040.570.000180          0 1 0          0 1 0 13  5  9       12  4  8      564223837294713152    27.0   25.0
 11  409.057116 2.889E-28 2.194E+01.04300.315 5339.64140.42-.002100          0 0 1          0 0 1 10  7  3        9  6  4      534223837294713152    63.0   57.0
 11  409.212683 1.509E-29 1.183E-03.04040.195 4017.90840.440.014890          0 0 0          0 0 0 16  9  8       17  4 13      434233837260713049    99.0  105.0
 11  409.257097 2.154E-29 1.743E+01.07030.352 5782.70860.64-.004950          0 3 0          0 3 0  8  5  4        7  4  3      434233837294713152    51.0   45.0
 11  409.504599 2.912E-23 2.422E+00.07900.421 2495.16580.670.002960          0 1 0          0 1 0  9  3  6        8  2  7      664223837294783152    57.0   51.0
 11  409.667888 2.040E-29 3.429E-04.09590.412 3381.70420.73-.011350          1 0 0          0 2 0  3  0  3        4  1  4      534243837294713152    21.0   27.0
 11  409.778373 3.026E-29 1.488E-02.08550.391 3977.45640.690.002720          0 0 1          1 0 0  6  3  4        5  1  5      534233837294713152    13.0   11.0
 11  409.804336 5.098E-29 8.978E+00.06830.298 5304.72750.630.012050          0 0 1          0 0 1 11  5  6       10  4  7      434233837294713152    23.0   21.0
 11  409.993875 6.719E-29 1.486E+01.05820.298 5351.40860.55-.008350          1 0 0          1 0 0 11  6  6       10  5  5      434233837294713152    23.0   21.0
 11  410.087362 2.155E-30 1.966E-01.07460.265 5186.33730.700.008290          0 2 0          1 0 0 12  5  7       12  0 12      434233807294713152    25.0   25.0
 11  410.127808 2.581E-29 2.307E-09.06860.333  882.89030.620.000000          0 0 0          0 0 0 10  1  9        8  1  7     q7422308079917122 0    21.0   17.0
 11  410.198146 3.161E-29 2.119E+00.07830.315 5087.01710.72-.019590          1 0 0          0 0 1 10  6  4        9  4  5      434233837294713152    21.0   19.0
 11  410.205790 1.140E-26 8.461E-01.05440.300 4017.90840.560.020000          0 0 0          0 0 0 17  7 10       17  4 13      464426837260783049   105.0  105.0
 11  410.250821 7.162E-29 2.407E-01.07220.371 4401.94190.70-.013110          0 2 0          1 0 0  7  7  1        6  4  2      534233837294713152    15.0   13.0
 11  410.297978 2.063E-29 1.732E-09.06000.298 1114.54990.570.000000          0 0 0          0 0 0 11  1 10       10  1 10     q6422308079917122 0    69.0   63.0
 11  410.316622 4.255E-31 1.317E+00.02670.161 6022.7923-.270.000000          0 0 0          0 1 0 21  8 14       20  1 19      4333308387659336 0    43.0   41.0
 11  410.395517 1.411E-29 2.180E+01.01390.183 5859.6151-.010.001420          0 1 0          0 1 0 19  4 16       18  3 15      434233837294713152    39.0   37.0
 11  410.603709 6.898E-30 1.739E-09.06000.298 1114.53230.570.000000          0 0 0          0 0 0 11  2 10       10  0 10     q6422308079917122 0    23.0   21.0
 11  410.663942 7.243E-30 1.759E+01.06360.352 5781.58070.57-.000170          0 3 0          0 3 0  8  5  3        7  4  4      434233837294713152    17.0   15.0
 11  410.853444 2.697E-29 7.081E-04.09040.391 3565.45460.71-.003520          1 0 0          0 2 0  5  0  5        5  1  4      534243837294713152    33.0   33.0
 11  410.856754 3.578E-29 4.802E-10.07810.371  648.97870.670.000000          0 0 0          0 0 0  7  5  2        6  3  4     q7422308079917122 0    45.0   39.0
 11  410.884500 5.958E-30 1.247E-05.05810.221 3244.60060.600.002420          0 1 0          0 0 0 14  1 14       15  4 11      574233837260713049    87.0   93.0
 11  411.117658 2.152E-28 2.957E+01.02950.333 5213.26970.29-.002100          1 0 0          1 0 0  9  8  2        8  7  1      434233837294713152    19.0   17.0
 11  411.118090 6.457E-28 2.958E+01.02950.333 5213.26930.29-.002090          1 0 0          1 0 0  9  8  1        8  7  2      434223837294713152    57.0   51.0
 11  411.291796 3.902E-30 8.937E-04.09440.371 3784.67920.74-.002100          0 0 1          0 2 0  5  2  3        6  2  4      534233837294713152    11.0   13.0
 11  411.310432 5.972E-26 1.148E+01.05950.250 4174.03860.550.008280          0 1 0          0 1 0 14  5 10       13  4  9      464223837294713152    87.0   81.0
 11  411.420801 1.010E-29 1.034E-03.07910.352 3879.33620.64-.010150          0 0 1          0 2 0  6  1  5        7  1  6      534243837294713152    39.0   45.0
 11  411.462975 8.090E-30 3.572E+00.00750.161 5611.3293-.230.002960          0 1 0          0 1 0 20  1 19       20  0 20      434233837294713152    41.0   41.0
 11  411.466611 2.427E-29 3.572E+00.00750.161 5611.3298-.230.002960          0 1 0          0 1 0 20  2 19       20  1 20      434233837294713152   123.0  123.0
 11  411.508657 4.056E-30 2.329E-02.07020.315 4559.75200.640.006660          1 0 0          1 0 0  9  4  6        9  1  9      434233837294713152    19.0   19.0
 11  411.577417 1.128E-30 3.469E-01.06750.265 5450.88920.63-.017600          1 0 0          0 2 0 13  3 11       12  4  8      434233837294713152    27.0   25.0
 11  411.814638 1.313E-27 5.723E-01.07290.352 4232.18450.620.006920          1 0 0          1 0 0  8  3  6        7  0  7      534223837294713152    51.0   45.0
 11  411.902445 3.812E-26 7.813E-06.08180.361  982.91170.730.003130          0 0 0          0 0 0  7  7  1        8  2  6      764426807260783049    15.0   17.0
 11  412.136116 1.710E-27 1.796E-02.09380.434 3334.62660.740.005040          0 2 0          0 2 0  4  4  1        3  1  2      534223837294713152    27.0   21.0
 11  412.286615 1.001E-30 6.940E-05.08410.391 3722.73100.71-.006010          1 0 0          0 2 0  4  4  1        5  3  2      532230837294713152    27.0   33.0
 11  412.307172 4.970E-24 6.110E+00.07980.422 2841.43080.710.006120          0 1 0          0 1 0 10  4  6        9  3  7      564223837294783152    21.0   19.0
 11  412.314014 1.418E-29 1.078E+01.08070.333 5790.11420.710.006010          0 3 0          0 3 0  9  4  5        8  3  6      434233837294713152    57.0   51.0
 11  412.681883 1.290E-28 2.514E-02.08490.371 3784.67920.720.002370          0 2 0          0 2 0  6  5  1        6  2  4      534233837294713152    13.0   13.0
 11  412.810157 1.990E-29 6.081E-10.07340.352  842.35660.650.000000          0 0 0          0 0 0  8  5  4        7  3  4     q7422308079917122 0    51.0   45.0
 11  413.014630 4.130E-27 1.237E+01.05410.235 4525.23910.510.012070          0 1 0          0 1 0 15  5 11       14  4 10      434223837294713152    31.0   29.0
 11  413.043879 1.195E-27 2.879E-04.07070.315 2688.07990.660.005360          0 1 0          0 1 0  8  6  3        9  1  8      634223837294713152    51.0   57.0
 11  413.125564 2.741E-28 1.381E-03.04240.208 3211.05580.490.013530          0 0 0          0 0 0 15  7  9       16  2 14      434423837260713049    31.0   33.0
 11  413.140975 1.770E-29 2.202E-09.07340.352  927.74390.650.000000          0 0 0          0 0 0  9  4  6        7  4  4     q6422308079917122 0    19.0   15.0
 11  413.222735 4.672E-29 1.568E+01.05080.298 5434.48390.470.000750          0 0 1          0 0 1 11  6  5       10  5  6      434233837294713152    23.0   21.0
 11  413.532290 2.270E-28 8.447E+00.06830.298 5207.80210.630.012050          1 0 0          1 0 0 11  5  6       10  4  7      434233837294713152    69.0   63.0
 11  413.626277 9.833E-30 1.597E-02.08800.371 4249.52440.72-.002670          0 0 1          1 0 0  7  4  3        6  2  4      534233837294713152    15.0   13.0
 11  413.656195 1.023E-27 2.744E-02.08360.371 3601.85890.690.004830          0 2 0          0 2 0  6  4  3        6  1  6      534223837294713152    39.0   39.0
 11  414.023391 9.782E-27 1.353E+01.03560.183 4638.64520.35-.013410          0 0 0          0 0 0 19  5 14       18  6 13      434426837260713049   117.0  111.0
 11  414.025132 1.290E-30 1.248E-03.05670.352 4368.63690.52-.012290          0 0 1          0 2 0  7  5  3        7  5  2      534233837294713152    45.0   45.0
 11  414.166610 4.296E-28 2.224E+01.04340.315 5256.44870.43-.002320          1 0 0          1 0 0 10  7  4        9  6  3      434223837294713152    63.0   57.0
 11  414.248442 1.432E-28 2.224E+01.04300.315 5256.38140.42-.002100          1 0 0          1 0 0 10  7  3        9  6  4      434233837294713152    21.0   19.0
 11  414.329616 5.735E-30 5.215E-01.07390.265 5182.09510.710.012170          0 2 0          0 2 0 12  5  7       12  2 10      434233837294713152    25.0   25.0
 11  414.373985 4.182E-31 1.215E-03.07550.349 4368.54610.640.000000          0 0 1          0 2 0  7  5  2        7  5  3      5333308387659336 0    15.0   15.0
 11  414.473896 1.738E-28 4.708E-02.08680.391 4076.89590.710.005320          0 0 1          0 0 1  6  4  2        5  1  5      534233837294713152    39.0   33.0
 11  414.723062 1.220E-23 7.552E-01.07950.386 2181.08990.66-.001210          0 1 0          0 1 0  8  2  6        7  1  7      664223837294783152    17.0   15.0
 11  414.834613 7.464E-30 2.588E+01.04790.371 5825.64860.46-.002910          0 3 0          0 3 0  7  6  2        6  5  1      434233837294713152    15.0   13.0
 11  414.855077 2.238E-29 2.587E+01.04760.371 5825.63220.45-.002700          0 3 0          0 3 0  7  6  1        6  5  2      434233837294713152    45.0   39.0
 11  414.951797 2.566E-25 1.837E+01.02800.241 4017.90840.240.008530          0 0 0          0 0 0 18  5 14       17  4 13      464426837260783049   111.0  105.0
 11  415.014219 1.147E-22 5.843E-02.06280.297 1216.23130.590.005310          0 0 0          0 0 0  9  6  4        9  3  7      664426837260783049    19.0   19.0
 11  415.055713 1.666E-30 8.487E-10.07340.352 1216.18980.650.000000          0 0 0          0 0 0  9  6  4        7  6  2     q6422308079917122 0    19.0   15.0
 11  415.076548 3.511E-28 1.109E-04.07640.333 2490.35410.690.004080          0 1 0          0 1 0  7  6  2        8  1  7      634223837294713152    15.0   17.0
 11  415.188515 5.007E-30 8.507E-10.07340.352 1216.19450.650.000000          0 0 0          0 0 0  9  6  3        7  6  1     q6422308079917122 0    57.0   45.0
 11  415.279180 6.354E-27 1.439E+01.07690.315 4611.79480.70-.004850          0 2 0          0 2 0 10  5  6        9  4  5      434223837294713152    63.0   57.0
 11  415.334126 6.529E-30 1.556E-09.07340.352 1059.64670.650.000000          0 0 0          0 0 0  9  5  5        7  5  3     q6422308079917122 0    19.0   15.0
 11  415.344723 2.297E-29 1.295E-02.08850.412 3966.55930.740.001040          1 0 0          1 0 0  5  5  1        4  2  2      534233837294713152    11.0    9.0
 11  415.654045 2.410E-27 1.376E+01.04550.221 4894.58570.440.012940          0 1 0          0 1 0 16  5 12       15  4 11      434223837294713152    99.0   93.0
 11  415.814787 5.363E-31 1.561E-03.06890.339 4436.94050.630.000000          0 0 1          0 2 0 10  1 10        9  3  7      5333308387659336 0    21.0   19.0
 11  416.165234 1.040E-30 1.528E-03.05390.371 4197.36100.50-.011490          0 0 1          0 2 0  6  5  2        6  5  1      534233837294713152    13.0   13.0
 11  416.234382 3.059E-30 1.499E-03.05390.371 4197.33880.50-.010710          0 0 1          0 2 0  6  5  1        6  5  2      534233837294713152    39.0   39.0
 11  416.342863 1.410E-25 8.828E-02.07630.315 2904.67040.680.001310          0 1 0          0 1 0  9  6  3        9  3  6      564223837294713152    57.0   57.0
 11  416.393420 6.297E-27 2.012E-04.06490.265 2105.86790.650.008580          0 0 0          0 0 0 11  8  4       12  3  9      534426837260713049    23.0   25.0
 11  416.728389 6.839E-23 2.659E-04.08990.398  325.34790.720.004320          0 0 0          0 0 0  5  5  0        5  0  5      764426807260783049    33.0   33.0
 11  416.772795 1.005E-29 1.779E+01.02040.183 6108.28080.12-.004200          0 1 0          0 1 0 19  4 15       18  5 14      434233837294713152   117.0  111.0
 11  417.132041 1.248E-28 3.141E+00.00570.131 5271.3701-.270.003560          0 0 0          0 0 0 23  1 22       23  0 23      344233833260713049   141.0  141.0
 11  417.132123 4.158E-29 3.140E+00.00570.131 5271.3701-.270.003560          0 0 0          0 0 0 23  2 22       23  1 23      344233833260713049    47.0   47.0
 11  417.461924 2.016E-29 1.617E-09.07340.352 1059.83550.650.000000          0 0 0          0 0 0  9  5  4        7  5  2     q7422308079917122 0    57.0   45.0
 11  417.555321 4.588E-29 6.735E-02.08680.391 4195.97100.730.001270          0 0 1          0 0 1  6  5  2        5  2  3      534233837294713152    13.0   11.0
 11  417.659332 1.193E-20 9.978E+00.06830.400 1581.33600.630.012050          0 0 0          0 0 0 11  5  6       10  4  7      667426837260783049    69.0   63.0
 11  417.728412 3.106E-29 3.459E-02.07050.371 4394.46430.69-.013170          0 2 0          1 0 0  7  7  0        6  4  3      534233837294713152    45.0   39.0
 11  417.767307 4.869E-30 3.015E-04.08620.371 3736.17080.700.003630          1 0 0          0 2 0  5  3  2        6  2  5      534253837294713152    33.0   39.0
 11  417.783712 2.847E-28 5.339E-04.06550.298 2903.14600.630.006800          0 1 0          0 1 0  9  6  4       10  1  9      534223837294713152    19.0   21.0
 11  417.863616 1.334E-30 4.079E+00.07560.265 5918.17260.66-.012700          0 0 1          1 0 0 13  5  8       12  5  7      434233837294713152    27.0   25.0
 11  417.892258 3.270E-21 1.649E+01.05820.335 1724.70540.55-.008350          0 0 0          0 0 0 11  6  6       10  5  5      564426837260783049    23.0   21.0
 11  418.095916 1.928E-30 9.432E-04.08470.371 4195.47730.700.004170          0 0 1          0 0 1  6  5  1        6  0  6      534233837294713152    39.0   39.0
 11  418.180742 6.885E-30 1.968E-03.04940.391 4050.51250.49-.012890          0 0 1          0 2 0  5  5  1        5  5  0      534243837294713152    33.0   33.0
 11  418.193893 2.288E-30 1.962E-03.04930.391 4050.50380.49-.012700          0 0 1          0 2 0  5  5  0        5  5  1      534233837294713152    11.0   11.0
 11  418.494488 6.496E-20 1.038E+00.07810.367  704.21410.680.010010          0 0 0          0 0 0  8  4  5        7  1  6      764426807260783049    51.0   45.0
 11  418.603802 5.691E-30 2.355E-05.04900.250 3347.78340.68-.005030          0 0 0          0 0 0 12 12  1       13  9  4      434233837260713049    75.0   81.0
 11  418.606646 1.897E-30 2.355E-05.04900.250 3347.78050.68-.005030          0 0 0          0 0 0 12 12  0       13  9  5      434233837260713049    25.0   27.0
 11  418.645427 1.538E-29 1.319E-02.08480.412 4050.05230.710.002590          0 0 1          0 0 1  5  5  0        4  2  3      534233837294713152    11.0    9.0
 11  418.677086 1.852E-30 2.502E-02.07530.298 4750.36220.66-.000070          1 0 0          1 0 0 10  3  7       10  0 10      434233837294713152    21.0   21.0
 11  418.751649 2.226E-29 3.952E-04.09960.456 3316.14530.74-.012090          1 0 0          0 2 0  2  1  2        2  2  1      534233837294713152    15.0   15.0
 11  418.960871 3.875E-26 2.010E+01.02040.201 4432.86020.12-.004200          0 0 0          0 0 0 19  4 15       18  5 14      464426837260783049   117.0  111.0
 11  419.114303 9.868E-21 3.155E+01.02950.212 1590.69070.29-.002100          0 0 0          0 0 0  9  8  2        8  7  1      564426837260783049    19.0   17.0
 11  419.115037 2.960E-20 3.155E+01.02950.212 1590.69010.29-.002090          0 0 0          0 0 0  9  8  1        8  7  2      564426837260783049    57.0   51.0
 11  419.214563 2.122E-30 1.293E-03.04910.315 4068.93110.40-.014280          0 0 1          0 2 0  8  1  8        9  1  9      534233837294713152    17.0   19.0
 11  419.242438 1.202E-29 1.484E+01.06330.281 5714.53190.60-.010500          0 0 1          0 0 1 12  6  7       11  5  6      434233837294713152    25.0   23.0
 11  419.386739 6.374E-30 1.294E-03.04920.315 4068.70380.40-.014290          0 0 1          0 2 0  8  0  8        9  0  9      534233837294713152    51.0   57.0
 11  419.433329 4.968E-30 4.105E+00.07310.281 5631.83930.65-.017430          1 0 0          0 0 1 12  6  6       11  4  7      434233837294713152    25.0   23.0
 11  419.511671 1.670E-28 3.506E-09.07340.352  782.40980.650.000000          0 0 0          0 0 0  9  2  7        7  2  5     q6422308079917122 0    57.0   45.0
 11  419.872398 6.725E-20 6.090E-01.07700.343  586.24350.620.006920          0 0 0          0 0 0  8  3  6        7  0  7      766426837240783049    51.0   45.0
 11  420.215795 8.768E-27 7.133E-04.05210.235 2327.88380.570.011210          0 0 0          0 0 0 13  6  8       14  1 13      534426837260713049    27.0   29.0
 11  420.386234 1.460E-28 1.565E+01.03610.208 5280.09580.350.011310          0 1 0          0 1 0 17  5 13       16  4 12      434233837294713152    35.0   33.0
 11  420.465266 3.357E-31 2.594E-02.06550.332 5087.01710.630.000000          0 0 1          0 0 1  9  7  2        9  4  5      4333308387659336 0    19.0   19.0
 11  420.516797 2.241E-28 3.820E+01.01860.333 5475.75540.16-.000850          0 0 1          0 0 1  9  9  1        8  8  0      434233837294713152    57.0   51.0
 11  420.516808 7.471E-29 3.821E+01.01860.333 5475.75540.16-.000850          0 0 1          0 0 1  9  9  0        8  8  1      434233837294713152    19.0   17.0
 11  420.674870 2.069E-22 2.558E-02.07020.346  920.21000.640.006660          0 0 0          0 0 0  9  4  6        9  1  9      664426807260783049    19.0   19.0
 11  420.714489 3.403E-30 7.534E-02.05840.298 5076.26600.560.008530          1 0 0          1 0 0 10  6  5       10  3  8      434233837294713152    63.0   63.0
 11  420.883407 3.035E-30 2.269E-02.07530.298 4852.74920.66-.000070          0 0 1          0 0 1 10  3  7       10  0 10      534233837294713152    63.0   63.0
 11  421.045930 1.860E-23 3.598E+01.02340.160 3109.91160.23-.001200          0 1 0          0 1 0  8  8  1        7  7  0      564223837294783152    51.0   45.0
 11  421.045960 6.201E-24 3.598E+01.02340.160 3109.91160.23-.001200          0 1 0          0 1 0  8  8  0        7  7  1      564223837294783152    17.0   15.0
 11  421.060435 5.963E-30 3.718E+01.00340.141 6402.1536-.540.001610          0 1 0          0 1 0 23  0 23       22  1 22      444233833294713152   141.0  135.0
 11  421.060701 1.988E-30 3.719E+01.00340.141 6402.1535-.540.001610          0 1 0          0 1 0 23  1 23       22  0 22      444233833294713152    47.0   45.0
 11  421.241745 4.018E-30 2.059E-04.09400.412 3375.29800.72-.005470          1 0 0          0 2 0  3  1  3        4  0  4      534223837294713152     7.0    9.0
 11  421.520563 1.951E-29 7.561E-04.04730.208 3623.76500.510.014670          0 0 0          0 0 0 15  9  7       16  4 12      434233837260713049    31.0   33.0
 11  422.071022 1.775E-26 3.308E+00.07900.421 4071.73340.670.002960          0 2 0          0 2 0  9  3  6        8  2  7      564223837294783152    57.0   51.0
 11  422.167358 8.036E-30 4.013E-10.07340.352  709.60820.650.000000          0 0 0          0 0 0  8  4  4        7  2  6     q7422308079917122 0    17.0   15.0
 11  422.279581 8.227E-30 6.288E-02.08230.352 4586.68320.74-.007630          0 2 0          0 0 1  8  7  1        7  3  4      534233837294713152    17.0   15.0
 11  422.613964 1.565E-29 5.811E-04.09530.391 3626.92220.74-.010860          1 0 0          0 2 0  5  1  4        5  2  3      534223837294713152    33.0   33.0
 11  422.897535 2.729E-23 1.092E-01.07230.387 1899.00820.67-.003960          0 0 0          0 0 0 11  7  4       11  4  7      564426837260783049    69.0   69.0
 11  422.962197 2.010E-20 2.399E+01.04650.262 1631.38300.43-.002320          0 0 0          0 0 0 10  7  4        9  6  3      666426837240783049    63.0   57.0
 11  423.123186 6.706E-21 2.401E+01.05840.260 1631.24550.42-.002100          0 0 0          0 0 0 10  7  3        9  6  4      564426837265783049    21.0   19.0
 11  423.140041 4.237E-29 2.296E-01.06350.315 4784.66210.58-.025060          1 0 0          0 2 0 10  4  7        9  5  4      434233837294713152    63.0   57.0
 11  423.237878 7.470E-27 2.643E+01.01130.172 4608.5562-.09-.000680          0 0 0          0 0 0 20  3 17       19  4 16      434426837260713049    41.0   39.0
 11  423.244282 1.006E-23 6.168E-01.08330.381 2146.26370.700.007250          0 1 0          0 1 0  7  4  4        6  1  5      664223837294783152    15.0   13.0
 11  423.590367 1.728E-28 6.441E-03.08810.391 3626.92220.740.001260          0 2 0          0 2 0  5  5  0        5  2  3      534233837294713152    33.0   33.0
 11  423.617237 9.717E-23 2.829E-02.06000.391 1114.53220.66-.000070          0 0 0          0 0 0 10  3  7       10  0 10      564426837240783049    21.0   21.0
 11  423.658977 1.058E-23 1.948E+01.05580.282 3141.04600.53-.005260          0 1 0          0 1 0 10  6  5        9  5  4      564223837294783152    63.0   57.0
 11  423.703357 1.176E-29 1.044E-02.08240.352 4368.63690.71-.002120          0 0 1          0 2 0  8  3  5        7  5  2      534233837294713152    51.0   45.0
 11  423.754411 2.249E-26 2.654E+01.01110.163 4608.2236-.100.000240          0 0 0          0 0 0 20  4 17       19  3 16      464426837260783049   123.0  117.0
 11  423.922934 3.201E-30 3.279E-04.07700.391 3868.98700.65-.011770          1 0 0          0 2 0  6  3  4        5  4  1      534263837294713152    39.0   33.0
 11  424.140313 3.024E-28 6.288E-10.08870.412  224.83840.710.000000          0 0 0          0 0 0  6  3  4        4  1  4     q7422308079917122 0    39.0   27.0
 11  424.232513 4.281E-28 2.243E-05.08260.352 2309.73020.710.003280          0 1 0          0 1 0  6  6  1        7  1  6      634223837294713152    39.0   45.0
 11  424.447413 1.470E-26 3.126E+01.00560.129 4738.6338-.370.000640          0 0 0          0 0 0 21  2 19       20  3 18      474426833360783049   129.0  123.0
 11  424.465980 4.900E-27 3.126E+01.00560.161 4738.6217-.370.000640          0 0 0          0 0 0 21  3 19       20  2 18      474426833360713049    43.0   41.0
 11  424.467137 6.046E-25 5.973E-02.07040.310 2495.16580.640.007160          0 1 0          0 1 0  8  5  4        8  2  7      764223837294783152    51.0   51.0
 11  424.485512 6.208E-29 3.240E-02.08680.391 3977.45640.710.005320          1 0 0          1 0 0  6  4  2        5  1  5      534233837294713152    13.0   11.0
 11  424.731884 2.187E-30 2.504E+01.01130.172 6270.0106-.09-.000680          0 1 0          0 1 0 20  3 17       19  4 16      434233837294713152    41.0   39.0
 11  424.743226 2.953E-28 8.291E-01.06470.221 4728.22120.660.018590          0 1 0          0 1 0 15  6  9       15  3 12      434223837294713152    93.0   93.0
 11  424.823114 3.607E-30 8.528E-10.06860.333 1050.15770.620.000000          0 0 0          0 0 0  9  5  5        8  3  5     q6422308079917122 0    19.0   17.0
 11  424.875503 1.186E-26 3.905E+01.01400.161 4846.4946-.300.000000          0 0 0          0 0 0 23  0 23       22  1 22      4333308387659336 0   141.0  135.0
 11  424.875508 4.149E-27 4.098E+01.00340.141 4846.4946-.540.001610          0 0 0          0 0 0 23  1 23       22  0 22      454233833460713049    47.0   45.0
 11  424.932129 6.120E-30 4.899E-03.08090.391 4065.13180.67-.000050          0 0 1          1 0 0  6  4  3        5  2  4      534233837294713152    13.0   11.0
 11  424.957960 1.021E-30 3.391E-03.07840.371 4387.23480.71-.005460          0 2 0          0 0 1  7  7  1        6  3  4      532230837294713152    15.0   13.0
 11  425.083056 4.892E-30 3.034E+01.00560.161 6379.3889-.370.000640          0 1 0          0 1 0 21  2 19       20  3 18      444233833294713152   129.0  123.0
 11  425.084767 3.254E-22 7.585E-02.06220.306 1293.63410.590.010660          0 0 0          0 0 0 10  5  6       10  2  9      664426837260783049    63.0   63.0
 11  425.100580 5.573E-28 1.036E-01.08080.315 4068.70380.690.002070          0 2 0          0 2 0  9  3  6        9  0  9      534223837294713152    57.0   57.0
 11  425.157275 1.631E-30 3.034E+01.00560.161 6379.3422-.370.000640          0 1 0          0 1 0 21  3 19       20  2 18      444233833294713152    43.0   41.0
 11  425.163434 4.525E-30 3.444E+01.00410.150 6430.7941-.470.001210          0 1 0          0 1 0 22  2 21       21  1 20      444233833294713152   135.0  129.0
 11  425.298660 1.430E-30 3.265E+01.00410.150 6430.6913-.470.001210          0 1 0          0 1 0 22  1 21       21  2 20      444233833294713152    45.0   43.0
 11  425.327453 1.016E-20 1.709E+01.04900.306 1718.71880.470.000750          0 0 0          0 0 0 11  6  5       10  5  6      667426837240783049    69.0   63.0
 11  425.435836 4.074E-27 3.715E+01.00410.150 4820.6430-.470.001210          0 0 0          0 0 0 22  1 21       21  2 20      454233833460713049    45.0   43.0
 11  425.436257 1.170E-26 3.556E+01.01400.161 4820.6427-.300.000000          0 0 0          0 0 0 22  2 21       21  1 20      4333308387659336 0   135.0  129.0
 11  425.482638 5.374E-24 2.722E+01.04110.241 3101.14220.40-.002270          0 1 0          0 1 0  9  7  3        8  6  2      564223837294783152    19.0   17.0
 11  425.503673 1.612E-23 2.721E+01.04100.240 3101.12380.40-.002190          0 1 0          0 1 0  9  7  2        8  6  3      564223837294783152    57.0   51.0
 11  425.527677 3.564E-24 1.968E+01.05250.286 3139.47580.49-.001260          0 1 0          0 1 0 10  6  4        9  5  5      564223837294783152    21.0   19.0
 11  425.576327 6.544E-30 6.570E-01.05410.298 5175.95510.490.000700          1 0 0          0 0 1 11  5  7       10  3  8      434233837294713152    23.0   21.0
 11  425.950894 8.447E-30 4.282E-04.10150.434 3299.99110.75-.013830          1 0 0          0 2 0  2  0  2        3  1  3      534243837294713152     5.0    7.0
 11  426.235869 6.627E-30 2.533E+01.01110.172 6269.0623-.100.000240          0 1 0          0 1 0 20  4 17       19  3 16      434233837294713152   123.0  117.0
 11  426.293495 1.309E-21 1.514E-02.08500.395  315.77950.740.001040          0 0 0          0 0 0  5  5  1        4  2  2      764426807240783049    11.0    9.0
 11  426.902944 1.676E-30 2.219E-03.03300.172 4608.22360.390.013710          0 0 0          0 0 0 18  8 11       19  3 16      434233837260713049   111.0  117.0
 11  427.030665 7.612E-25 3.533E-02.07520.334 2337.66680.660.006030          0 1 0          0 1 0  8  4  5        8  1  8      664223837294783152    51.0   51.0
 11  427.062269 2.904E-29 1.959E-01.06420.315 4600.49730.60-.028250          0 0 1          0 2 0 10  2  9        9  4  6      534233807294713152    21.0   19.0
 11  427.071595 9.956E-29 7.261E+00.05080.298 5334.98830.470.000750          1 0 0          1 0 0 11  6  5       10  5  6      434233837294713152    69.0   63.0
 11  427.432754 2.694E-27 8.218E+00.07980.315 4436.94050.710.006120          0 2 0          0 2 0 10  4  6        9  3  7      534223837294713152    21.0   19.0
 11  427.730990 7.397E-29 1.804E+01.02800.195 5680.54980.240.008530          0 1 0          0 1 0 18  5 14       17  4 13      434233837294713152   111.0  105.0
 11  427.759628 7.728E-30 7.102E+00.01520.315 5836.98570.10-.000650          1 0 0          1 0 0 10 10  1        9  9  0      434233837294713152    63.0   57.0
 11  427.759629 2.576E-30 7.102E+00.01520.315 5836.98570.10-.000650          1 0 0          1 0 0 10 10  0        9  9  1      434233837294713152    21.0   19.0
 11  427.883449 3.420E-31 9.393E-02.04790.259 5398.25060.510.000000          1 0 0          1 0 0 12  4  8       12  1 11      4333308387659336 0    25.0   25.0
 11  427.940505 9.275E-26 2.164E-04.06370.275 1557.84440.630.007420          0 0 0          0 0 0 11  5  7       12  0 12      564426837260783049    23.0   25.0
 11  427.986960 1.373E-26 2.155E+01.02210.207 4427.16500.150.005930          0 0 0          0 0 0 19  5 15       18  4 14      464426837260783049    39.0   37.0
 11  428.086815 4.737E-27 9.900E+00.07760.333 4564.03480.690.003200          1 0 0          0 2 0  9  4  5        8  5  4      434223837294713152    57.0   51.0
 11  428.155859 1.229E-30 1.221E-02.07540.333 4861.80320.72-.003290          0 0 1          0 0 1  8  7  1        8  4  4      534233837294713152    51.0   51.0
 11  428.348596 5.416E-29 3.017E+01.03330.315 5507.48240.33-.001910          0 0 1          0 0 1 10  8  3        9  7  2      434233837294713152    21.0   19.0
 11  428.357328 1.625E-28 3.017E+01.03330.315 5507.47490.33-.001890          0 0 1          0 0 1 10  8  2        9  7  3      434233837294713152    63.0   57.0
 11  428.514303 5.201E-29 1.412E+01.06330.281 5621.33440.60-.010500          1 0 0          1 0 0 12  6  7       11  5  6      434233837294713152    75.0   69.0
 11  428.844740 1.813E-22 9.003E-02.05840.302 1446.12820.560.008530          0 0 0          0 0 0 10  6  5       10  3  8      664426837260783049    63.0   63.0
 11  428.940233 4.394E-28 8.052E-04.06130.281 3135.76480.610.008310          0 1 0          0 1 0 10  6  5       11  1 10      534223837294713152    63.0   69.0
 11  428.998230 6.639E-29 2.984E-09.07340.352  931.23710.650.000000          0 0 0          0 0 0  9  4  5        7  4  3     q6422308079917122 0    57.0   45.0
 11  429.256693 1.875E-30 9.189E-05.06340.298 3565.00350.70-.004420          0 1 0          0 1 0  9  9  1       10  6  4      534233837294713152    19.0   21.0
 11  429.303025 1.313E-29 8.516E-04.07850.371 3736.17080.63-.008950          0 0 1          0 2 0  5  2  4        6  2  5      534243837294713152    33.0   39.0
 11  429.313147 2.232E-27 1.519E+01.06380.315 4600.49730.570.008290          0 2 0          0 2 0 10  5  5        9  4  6      534223837294713152    21.0   19.0
 11  429.417549 6.333E-28 1.420E+01.07670.298 4864.37330.70-.004780          0 2 0          0 2 0 11  5  7       10  4  6      434223837294713152    23.0   21.0
 11  429.555193 5.632E-30 9.198E-05.06280.298 3564.70500.70-.004220          0 1 0          0 1 0  9  9  0       10  6  5      534233837294713152    57.0   63.0
 11  429.590025 1.036E-28 3.745E-01.07580.281 4714.81900.690.005840          0 2 0          0 2 0 11  4  7       11  1 10      534233837294713152    69.0   69.0
 11  429.701208 4.705E-31 2.507E-04.07700.425 3977.45640.670.000000          0 2 0          1 0 0  6  6  0        5  1  5      5333308387659336 0    13.0   11.0
 11  429.903750 2.913E-30 6.398E-02.05810.315 5067.07680.53-.018190          1 0 0          0 0 1 10  6  5        9  4  6      434233837294713152    63.0   57.0
 11  429.984713 1.215E-26 3.075E+01.03740.194 4578.97780.37-.002520          0 2 0          0 2 0  8  7  2        7  6  1      564223837294783152    51.0   45.0
 11  430.080514 4.112E-27 3.122E+01.03730.352 4578.88230.37-.002480          0 2 0          0 2 0  8  7  1        7  6  2      534223837294713152    17.0   15.0
 11  430.265706 5.218E-24 3.086E-02.08990.434 1821.59680.720.005300          0 1 0          0 1 0  5  4  1        4  1  4      764223837294783152    33.0   27.0
 11  430.297933 1.845E-27 8.483E-02.09090.412 3438.57500.730.005490          0 2 0          0 2 0  5  4  2        4  1  3      534223837294713152    11.0    9.0
 11  430.335819 3.564E-27 2.258E+01.05410.333 4564.36660.51-.003370          0 2 0          0 2 0  9  6  4        8  5  3      534223837294713152    19.0   17.0
 11  430.349677 1.322E-30 2.709E-02.05500.352 4782.92000.55-.026600          1 0 0          0 0 1  8  7  1        7  5  2      434233837294713152    17.0   15.0
 11  430.352558 5.929E-26 4.224E-02.08080.333 2670.78970.72-.000780          0 1 0          0 1 0  8  6  2        8  3  5      664223837294713152    17.0   17.0
 11  430.436472 1.036E-28 3.938E+01.01860.333 5406.54920.16-.000850          1 0 0          1 0 0  9  9  1        8  8  0      434233837294713152    19.0   17.0
 11  430.436476 3.107E-28 3.936E+01.01860.333 5406.54920.16-.000850          1 0 0          1 0 0  9  9  0        8  8  1      434223837294713152    57.0   51.0
 11  430.588993 6.798E-29 1.261E-02.08480.412 3951.31500.710.002590          1 0 0          1 0 0  5  5  0        4  2  3      534233837294713152    33.0   27.0
 11  430.607276 3.846E-30 2.626E-02.05420.352 4782.66210.54-.026450          1 0 0          0 0 1  8  7  2        7  5  3      534233837294713152    51.0   45.0
 11  430.799811 1.926E-28 6.110E-02.08680.391 4095.92000.730.001270          1 0 0          1 0 0  6  5  2        5  2  3      534233837294713152    39.0   33.0
 11  431.036474 1.727E-23 1.076E-01.06950.385 1774.61630.650.004240          0 0 0          0 0 0 12  4  8       12  1 11      564426837260783049    25.0   25.0
 11  431.154725 4.706E-21 4.951E-02.08680.419  326.62550.710.005320          0 0 0          0 0 0  6  4  2        5  1  5      766426807260783049    13.0   11.0
 11  431.187169 8.344E-30 1.426E+01.06760.265 6013.44790.64-.010310          0 0 1          0 0 1 13  6  8       12  5  7      434233837294713152    81.0   75.0
 11  431.278035 2.912E-30 1.801E+01.07450.333 5979.71930.68-.005260          0 3 0          0 3 0  9  5  5        8  4  4      434233837294713152    19.0   17.0
 11  431.376883 9.943E-30 3.468E-11.08330.391  325.34790.690.000000          0 0 0          0 0 0  6  4  3        5  0  5     q7422308079917122 0    39.0   33.0
 11  431.579114 3.929E-30 6.215E-04.08530.412 3598.72690.70-.006500          0 0 1          0 2 0  3  3  0        4  3  1      534233837294713152     7.0    9.0
 11  431.832809 2.087E-30 2.424E+00.06800.265 5933.54640.600.000330          1 0 0          0 0 1 13  6  7       12  4  8      434233837294713152    81.0   75.0
 11  431.841111 9.314E-29 2.295E+01.04370.298 5581.52480.42-.003070          0 0 1          0 0 1 11  7  5       10  6  4      434233837294713152    69.0   63.0
 11  431.863588 1.130E-29 8.444E-04.09860.412 3495.93920.75-.010920          1 0 0          0 2 0  4  1  3        4  2  2      534243837294713152     9.0    9.0
 11  431.962745 2.135E-28 2.035E-01.08410.371 4350.69930.710.002500          0 0 1          0 0 1  7  5  3        6  2  4      534233837294713152    45.0   39.0
 11  432.203769 1.189E-29 6.258E-04.08320.412 3597.86600.68-.007530          0 0 1          0 2 0  3  3  1        4  3  2      534243837294713152    21.0   27.0
 11  432.296797 6.085E-27 1.293E+01.05270.333 4564.03480.50-.002010          0 2 0          0 2 0  9  6  3        8  5  4      434223837294713152    57.0   51.0
 11  432.513900 1.123E-24 2.641E-01.06730.353 2550.88250.660.010450          0 0 0          0 0 0 14  5  9       14  2 12      564426837260783049    29.0   29.0
 11  432.527670 1.293E-30 3.884E+00.00690.150 5998.1636-.230.003360          0 1 0          0 1 0 21  2 20       21  1 21      444233833294713152    43.0   43.0
 11  432.542558 1.869E-30 2.557E-03.07730.315 4493.80440.68-.011690          1 0 0          0 2 0 10  2  9        9  3  6      534243837294713152    63.0   57.0
 11  432.630617 4.044E-30 4.051E+00.00690.150 5998.1635-.230.003360          0 1 0          0 1 0 21  1 20       21  0 21      444233833294713152   129.0  129.0
 11  432.692230 3.119E-29 2.305E+01.04300.298 5580.81830.42-.002300          0 0 1          0 0 1 11  7  4       10  6  5      434233837294713152    23.0   21.0
 11  432.924431 3.371E-26 5.187E-01.06330.324 3437.27720.650.016490          0 0 0          0 0 0 16  6 10       16  3 13      464426837260783049    33.0   33.0
 11  433.253818 8.071E-30 4.579E-04.10170.456 3317.21060.75-.008130          1 0 0          0 2 0  2  1  1        2  2  0      534243837294713152     5.0    5.0
 11  433.410258 2.302E-29 5.871E-01.08590.391 4996.28420.700.006090          0 3 0          0 3 0  6  3  4        5  0  5      434233837294713152    39.0   33.0
 11  433.562139 9.788E-27 7.329E-01.08020.371 3600.05240.670.006850          0 2 0          0 2 0  7  3  5        6  0  6      534223837294713152    15.0   13.0
 11  433.706872 7.732E-27 1.007E+00.07950.352 3739.51880.66-.001210          0 2 0          0 2 0  8  2  6        7  1  7      534223837294713152    17.0   15.0
 11  434.287020 2.173E-30 3.040E-09.05570.281 1690.66440.550.000000          0 0 0          0 0 0 12  4  9       11  2  9     q6422308079917122 0    75.0   69.0
 11  434.378960 4.884E-28 3.737E-04.07040.298 2705.09690.660.005800          0 1 0          0 1 0  9  5  5       10  0 10      534223837294713152    19.0   21.0
 11  434.535026 5.121E-30 3.406E+00.03020.122 5713.24950.290.000000          0 0 0          0 0 0 24  1 23       24  0 24      3442338332917122 0    49.0   49.0
 11  434.535073 1.537E-29 3.408E+00.03020.122 5713.24950.290.000000          0 0 0          0 0 0 24  2 23       24  1 24      3442338332917122 0   147.0  147.0
 11  434.643372 3.447E-29 6.759E-04.10020.434 3392.74930.75-.010250          1 0 0          0 2 0  3  1  2        3  2  1      534223837294713152    21.0   21.0
 11  434.689941 2.164E-28 8.777E-01.04960.183 4606.16820.510.020000          0 0 0          0 0 0 18  8 10       18  5 13      434233837260713049    37.0   37.0
 11  434.716777 2.106E-29 2.975E-10.08330.391  610.34120.690.000000          0 0 0          0 0 0  6  6  1        5  4  1     q7422308079917122 0    39.0   33.0
 11  434.805093 2.631E-21 1.651E+01.06800.383 1998.99530.60-.010500          0 0 0          0 0 0 12  6  7       11  5  6      565426837240783049    75.0   69.0
 11  434.939598 1.937E-30 9.476E+00.06760.250 6241.52970.64-.009620          1 0 0          1 0 0 14  6  9       13  5  8      434233837294713152    87.0   81.0
 11  434.943914 7.042E-30 2.983E-10.08330.391  610.11440.690.000000          0 0 0          0 0 0  6  6  0        5  4  2     q7422308079917122 0    13.0   11.0
 11  435.071438 1.673E-30 3.150E-09.05570.281 1525.13600.550.000000          0 0 0          0 0 0 12  2 10       11  2 10     q5422308079917122 0    25.0   23.0
 11  435.080314 2.282E-28 6.258E+00.07540.281 5144.40900.70-.020260          1 0 0          0 2 0 12  3 10       11  4  7      434233837294713152    75.0   69.0
 11  435.242843 4.578E-30 2.347E-01.06630.298 5029.81050.62-.034370          1 0 0          0 2 0 11  4  8       10  5  5      534233837294713152    23.0   21.0
 11  435.357361 4.773E-24 1.261E+01.06830.345 3224.54660.630.012050          0 1 0          0 1 0 11  5  6       10  4  7      564223837294783152    69.0   63.0
 11  435.416402 8.910E-30 1.838E+01.06320.333 5976.45920.560.003070          0 3 0          0 3 0  9  5  4        8  4  5      434233837294713152    57.0   51.0
 11  435.419938 2.366E-28 3.103E+01.03330.315 5430.18360.33-.001910          1 0 0          1 0 0 10  8  3        9  7  2      434233837294713152    63.0   57.0
 11  435.423114 7.886E-29 3.102E+01.03330.315 5430.18090.33-.001890          1 0 0          1 0 0 10  8  2        9  7  3      434233837294713152    21.0   19.0
 11  435.736775 6.089E-29 7.496E-02.08700.352 4426.06640.720.000810          0 0 1          1 0 0  8  4  4        7  2  5      534233837294713152    51.0   45.0
 11  435.799705 5.259E-30 1.214E-09.06460.315 1282.91910.600.000000          0 0 0          0 0 0 10  5  6        9  3  6     q6422308079917122 0    63.0   57.0
 11  436.264616 1.507E-29 3.544E-02.08420.352 4332.77380.710.001140          1 0 0          0 0 1  8  4  4        7  0  7      534233837294713152    17.0   15.0
 11  436.339769 5.110E-31 2.200E+01.01340.173 6533.06170.090.000000          0 1 0          0 1 0 20  4 16       19  5 15      3333308387659336 0    41.0   39.0
 11  436.426340 4.671E-21 4.196E+01.02010.162 1789.04280.16-.000850          0 0 0          0 0 0  9  9  1        8  8  0      564426837240783049    19.0   17.0
 11  436.426347 1.401E-20 4.195E+01.02010.162 1789.04280.16-.000850          0 0 0          0 0 0  9  9  0        8  8  1      564426837240783049    57.0   51.0
 11  436.442109 1.192E-29 6.863E-04.09660.412 3438.57500.73-.005040          1 0 0          0 2 0  4  0  4        4  1  3      534223837294713152     9.0    9.0
 11  436.482421 1.339E-29 4.769E+00.07900.333 5614.26990.670.002960          0 3 0          0 3 0  9  3  6        8  2  7      434233837294713152    57.0   51.0
 11  436.516255 2.484E-28 6.249E-01.07270.352 4572.44630.70-.014030          0 2 0          1 0 0  8  7  2        7  4  3      534233837294713152    51.0   45.0
 11  436.816759 6.613E-30 1.185E-03.08890.371 3713.08250.70-.006110          0 0 1          0 2 0  5  1  4        6  1  5      534243837294713152    11.0   13.0
 11  436.844147 1.073E-30 9.053E-04.08010.412 4031.85360.70-.011180          0 0 1          1 0 0  5  5  0        4  3  1      534233837294713152    11.0    9.0
 11  436.950200 1.952E-27 2.418E+01.01700.172 4855.15200.06-.003060          0 0 0          0 0 0 20  4 16       19  5 15      434426837260713049    41.0   39.0
 11  437.039427 3.007E-30 3.710E+01.03030.371 6068.49540.31-.001610          0 3 0          0 3 0  7  7  1        6  6  0      434233837294713152    15.0   13.0
 11  437.039767 9.022E-30 3.710E+01.03030.371 6068.49500.31-.001600          0 3 0          0 3 0  7  7  0        6  6  1      434233837294713152    45.0   39.0
 11  437.203871 4.649E-29 2.329E+01.04370.298 5497.21530.42-.003070          1 0 0          1 0 0 11  7  5       10  6  4      434233837294713152    23.0   21.0
 11  437.497085 1.393E-28 2.327E+01.04300.298 5496.98050.42-.002300          1 0 0          1 0 0 11  7  4       10  6  5      434233837294713152    69.0   63.0
 11  437.548601 3.848E-30 2.086E+01.02210.183 6095.51310.150.005930          0 1 0          0 1 0 19  5 15       18  4 14      434233837294713152    39.0   37.0
 11  437.659022 5.149E-30 3.260E-09.05570.281 1524.84790.550.000000          0 0 0          0 0 0 12  3 10       11  1 10     q6422308079917122 0    75.0   69.0
 11  437.659383 1.353E-29 1.441E-03.05850.333 3895.25290.48-.013860          0 0 1          0 2 0  7  1  7        8  1  8      534243837294713152    45.0   51.0
 11  437.854385 1.308E-30 3.675E-04.07730.412 4030.83890.68-.012700          0 0 1          1 0 0  5  5  1        4  3  2      534233837294713152    33.0   27.0
 11  437.915617 1.723E-23 6.088E-02.07640.358 1616.45310.72-.004040          0 0 0          0 0 0 10  7  3       10  4  6      564426837260783049    21.0   21.0
 11  437.974932 4.508E-30 1.439E-03.05850.333 3894.79890.48-.013750          0 0 1          0 2 0  7  0  7        8  0  8      534233837294713152    15.0   17.0
 11  438.061512 4.939E-28 8.503E-01.05490.183 4427.16500.580.020000          0 0 0          0 0 0 18  7 11       18  4 14      434223837260713049    37.0   37.0
 11  438.122771 4.500E-29 1.308E+01.03810.161 5739.22910.38-.014310          0 0 0          0 0 0 21  6 15       20  7 14      344233833260713049   129.0  123.0
 11  438.420150 4.336E-31 1.280E-02.07260.352 4851.53780.650.000000          0 0 1          0 0 1  8  7  2        8  4  5      4333308387659336 0    17.0   17.0
 11  438.503243 3.768E-27 6.699E-01.05200.195 4174.28750.510.019480          0 0 0          0 0 0 17  8  9       17  5 12      434426837260713049   105.0  105.0
 11  438.899479 1.470E-28 1.451E-03.04020.195 3567.17380.470.013020          0 0 0          0 0 0 16  7 10       17  2 15      434433837260713049    99.0  105.0
 11  439.012269 5.046E-28 1.828E+01.02820.172 5074.22160.25-.010290          0 0 0          0 0 0 20  5 15       19  6 14      434223837260713049    41.0   39.0
 11  439.200408 2.163E-29 1.048E-03.09700.391 3626.92220.75-.002980          0 0 1          0 2 0  4  2  2        5  2  3      534243837294713152    27.0   33.0
 11  439.217312 8.122E-30 7.303E-10.07340.352  816.69420.650.000000          0 0 0          0 0 0  8  5  3        7  3  5     q7422308079917122 0    17.0   15.0
 11  439.414227 9.225E-29 1.056E+00.04680.172 5052.66860.490.020000          0 0 0          0 0 0 19  8 11       19  5 14      434233837260713049   117.0  117.0
 11  439.671920 1.039E-29 2.689E+01.05140.352 5996.84330.48-.002790          0 3 0          0 3 0  8  6  3        7  5  2      434233837294713152    51.0   45.0
 11  439.775354 3.456E-30 2.683E+01.05080.352 5996.76320.48-.002400          0 3 0          0 3 0  8  6  2        7  5  3      434233837294713152    17.0   15.0
 11  439.886014 3.247E-27 3.054E+01.00910.161 5031.9780-.170.000880          0 0 0          0 0 0 21  3 18       20  4 17      474426833360713049   129.0  123.0
 11  440.012304 5.818E-29 3.556E-09.06860.333 1006.11590.620.000000          0 0 0          0 0 0 10  3  8        8  3  6     q7422308079917122 0    63.0   51.0
 11  440.171973 1.084E-27 3.060E+01.00890.161 5031.7941-.180.001070          0 0 0          0 0 0 21  4 18       20  3 17      474426833360713049    43.0   41.0
 11  440.398156 1.193E-30 3.018E-02.06280.315 5067.07680.61-.001880          0 0 1          0 0 1  9  7  3        9  4  6      434233837294713152    57.0   57.0
 11  440.400050 3.897E-29 1.613E+01.05030.281 5698.48940.460.004710          0 0 1          0 0 1 12  6  6       11  5  7      434233837294713152    75.0   69.0
 11  440.433381 1.173E-29 4.932E-02.07800.352 4448.97070.680.006660          1 0 0          0 0 1  8  5  3        7  1  6      534233837294713152    17.0   15.0
 11  440.513445 4.543E-31 9.786E-02.06030.299 5320.88900.560.000000          1 0 0          1 0 0 11  6  6       11  3  9      4333308387659336 0    23.0   23.0
 11  440.562519 1.633E-28 4.987E-09.07340.352  842.35660.650.000000          0 0 0          0 0 0  9  3  6        7  3  4     q7422308079917122 0    57.0   45.0
 11  440.807642 1.753E-28 4.137E-04.05510.221 3244.60060.580.013020          0 0 0          0 0 0 14  9  6       15  4 11      534233837260713049    87.0   93.0
 11  441.060349 2.260E-26 7.013E-05.07140.306 1813.22340.680.005460          0 0 0          0 0 0 10  8  3       11  3  8      564426837260783049    63.0   69.0
 11  441.217884 7.074E-28 3.627E+01.00500.150 5163.0876-.400.000970          0 0 0          0 0 0 22  2 20       21  3 19      444233833260713049    45.0   43.0
 11  441.227724 2.186E-27 3.736E+01.00500.150 5163.0812-.400.000970          0 0 0          0 0 0 22  3 20       21  2 19      454233833460713049   135.0  129.0
 11  441.714009 3.602E-21 1.370E-02.08500.370  300.36230.710.002590          0 0 0          0 0 0  5  5  0        4  2  3      764426807240783049    33.0   27.0
 11  441.765853 1.947E-30 1.137E-03.07570.371 4016.05280.65-.016750          1 0 0          0 2 0  7  3  5        6  4  2      534253837294713152    15.0   13.0
 11  441.858689 3.731E-30 2.240E-01.07140.281 5300.17820.68-.034920          1 0 0          0 2 0 12  4  9       11  5  6      434233837294713152    75.0   69.0
 11  441.879429 5.597E-28 4.472E+01.03040.131 5271.37010.290.000000          0 0 0          0 0 0 24  0 24       23  1 23      3442338332917122 0    49.0   47.0
 11  441.879432 1.745E-27 4.648E+01.03040.131 5271.37010.290.000000          0 0 0          0 0 0 24  1 24       23  0 23      3542338334917122 0   147.0  141.0
 11  441.936064 5.074E-23 9.982E-04.08470.360  446.69660.700.004170          0 0 0          0 0 0  6  5  1        6  0  6      764426807260783049    13.0   13.0
 11  442.000658 1.431E-28 1.490E-09.08870.412  315.77950.710.000000          0 0 0          0 0 0  6  4  2        4  2  2     q7422308079917122 0    13.0    9.0
 11  442.002972 5.829E-30 7.659E-01.07210.250 5477.00580.700.011200          0 2 0          0 2 0 13  5  8       13  2 11      434233837294713152    81.0   81.0
 11  442.088076 9.801E-21 6.425E-02.08350.369  446.51070.730.001270          0 0 0          0 0 0  6  5  2        5  2  3      764426837240783049    39.0   33.0
 11  442.216147 6.060E-27 2.513E+01.01790.172 4851.82100.080.003750          0 0 0          0 0 0 20  5 16       19  4 15      434426837260713049   123.0  117.0
 11  442.314338 6.721E-31 1.618E-03.06710.362 4332.77380.610.000000          0 2 0          0 0 1  8  6  2        7  0  7      5333308387659336 0    17.0   15.0
 11  442.423155 1.720E-27 4.232E+01.00350.141 5246.0790-.520.001900          0 0 0          0 0 0 23  1 22       22  2 21      354233833460713049   141.0  135.0
 11  442.423388 5.541E-28 4.090E+01.00350.141 5246.0789-.520.001900          0 0 0          0 0 0 23  2 22       22  1 21      344233833260713049    47.0   45.0
 11  442.536369 2.650E-29 5.891E-04.10450.456 3237.91730.76-.015800          1 0 0          0 2 0  1  0  1        2  1  2      534223837294713152     9.0   15.0
 11  442.558243 1.645E-25 1.691E-02.08200.352 2462.87530.73-.001180          0 1 0          0 1 0  7  6  1        7  3  4      664223837294713152    45.0   45.0
 11  442.773953 4.616E-28 1.370E+00.06940.333 4624.30280.620.012250          0 0 1          0 0 1  9  4  6        8  1  7      534223837294713152    57.0   51.0
 11  442.899080 4.569E-28 2.072E-09.08330.391  399.45750.690.000000          0 0 0          0 0 0  7  3  4        5  1  4     q7422308079917122 0    45.0   33.0
 11  443.109663 2.792E-28 7.901E+00.07240.281 5144.40900.65-.004870          0 2 0          0 2 0 12  5  8       11  4  7      534223837294713152    75.0   69.0
 11  443.142700 1.281E-30 6.757E-02.05760.281 5255.34670.570.011440          0 0 1          0 0 1 11  5  7       11  2 10      534233837294713152    69.0   69.0
 11  443.297807 3.360E-29 2.960E-09.06000.298 1114.54990.570.000000          0 0 0          0 0 0 12  1 12       10  1 10     q5422308079917122 0    75.0   63.0
 11  443.312130 1.120E-29 2.960E-09.06000.298 1114.53230.570.000000          0 0 0          0 0 0 12  0 12       10  0 10     q5422308079917122 0    25.0   21.0
 11  443.695825 1.071E-20 3.315E+01.03650.229 1810.58790.33-.001910          0 0 0          0 0 0 10  8  3        9  7  2      564426837240783049    63.0   57.0
 11  443.701168 3.572E-21 3.317E+01.03650.229 1810.58330.33-.001890          0 0 0          0 0 0 10  8  2        9  7  3      564426837240783049    21.0   19.0
 11  443.925559 1.919E-29 1.672E-02.08610.352 4348.41470.71-.000560          0 0 1          1 0 0  8  3  5        7  1  6      534233837294713152    51.0   45.0
 11  444.750545 1.385E-29 3.389E-09.06460.315 1080.38540.600.000000          0 0 0          0 0 0 11  2 10        9  2  8     q6422308079917122 0    23.0   19.0
 11  444.851112 1.111E-24 2.017E+01.05820.297 3387.40070.55-.008350          0 1 0          0 1 0 11  6  6       10  5  5      564223837294783152    23.0   21.0
 11  444.973180 1.521E-29 1.139E-01.06740.352 4563.98960.65-.012970          0 2 0          1 0 0  8  7  1        7  4  4      534233837294713152    17.0   15.0
 11  445.275360 2.715E-29 4.002E+01.02380.315 5694.04830.22-.001670          0 0 1          0 0 1 10  9  2        9  8  1      434233837294713152    21.0   19.0
 11  445.275536 8.145E-29 4.002E+01.02380.315 5694.04820.22-.001670          0 0 1          0 0 1 10  9  1        9  8  2      434233837294713152    63.0   57.0
 11  445.395192 3.188E-30 1.087E+01.06760.265 5918.17260.64-.010310          1 0 0          1 0 0 13  6  8       12  5  7      434233837294713152    27.0   25.0
 11  445.654405 9.707E-30 1.682E-04.09940.434 3289.24250.74-.002790          1 0 0          0 2 0  2  1  2        3  0  3      534243837294713152    15.0   21.0
 11  445.768312 4.244E-29 3.453E-09.06460.315 1079.07960.600.000000          0 0 0          0 0 0 11  1 10        9  1  8     q6422308079917122 0    69.0   57.0
 11  445.883745 3.857E-29 1.359E+01.06410.265 5450.88920.570.000180          0 2 0          0 2 0 13  5  9       12  4  8      434233837294713152    27.0   25.0
 11  446.120659 2.516E-24 3.746E+01.02950.188 3306.29550.29-.002100          0 1 0          0 1 0  9  8  2        8  7  1      564223837294783152    19.0   17.0
 11  446.121046 7.548E-24 3.746E+01.02950.188 3306.29520.29-.002090          0 1 0          0 1 0  9  8  1        8  7  2      564223837294783152    57.0   51.0
 11  446.199430 5.829E-29 1.057E-03.05790.265 3386.05230.600.009810          0 1 0          0 1 0 11  6  6       12  1 11      534233837294713152    23.0   25.0
 11  446.311983 9.384E-29 1.735E-01.08410.371 4249.52440.710.002500          1 0 0          1 0 0  7  5  3        6  2  4      534233837294713152    15.0   13.0
 11  446.351233 2.148E-21 2.522E+01.04370.274 1875.46180.42-.003070          0 0 0          0 0 0 11  7  5       10  6  4      566426837260783049    23.0   21.0
 11  446.612694 7.179E-30 9.051E-01.05490.208 5280.09580.560.020000          0 1 0          0 1 0 16  7  9       16  4 12      434233837294713152    33.0   33.0
 11  446.784892 3.487E-28 1.066E-02.09380.434 3299.99110.730.005660          0 2 0          0 2 0  4  4  0        3  1  3      534223837294713152     9.0    7.0
 11  446.932724 6.464E-21 2.529E+01.05840.270 1874.97300.42-.002300          0 0 0          0 0 0 11  7  4       10  6  5      566426837265783049    69.0   63.0
 11  447.050631 2.666E-28 4.144E-02.07950.352 3739.51880.680.005350          0 2 0          0 2 0  7  4  4        7  1  7      534223837294713152    15.0   15.0
 11  447.414520 2.039E-22 1.618E+01.04500.399 2300.68500.64-.010310          0 0 0          0 0 0 13  6  8       12  5  7      564426837240783049    27.0   25.0
 11  447.498633 3.343E-30 2.523E-09.05570.281 1327.11760.550.000000          0 0 0          0 0 0 12  1 11       11  1 11     q5422308079917122 0    25.0   23.0
 11  447.529034 2.503E-23 1.228E-01.05430.299 1695.06860.530.011220          0 0 0          0 0 0 11  6  6       11  3  9      564426837260783049    23.0   23.0
 11  447.641115 1.004E-29 2.527E-09.05570.281 1327.11000.550.000000          0 0 0          0 0 0 12  2 11       11  0 11     q6422308079917122 0    75.0   69.0
 11  447.671699 2.565E-28 1.426E+00.06940.333 4523.58900.620.012250          1 0 0          1 0 0  9  4  6        8  1  7      434233837294713152    19.0   17.0
 11  447.760777 9.925E-29 6.847E-01.05760.221 4894.58570.570.020000          0 1 0          0 1 0 15  7  8       15  4 11      434233837294713152    93.0   93.0
 11  447.935662 2.492E-29 1.373E+01.05950.250 5781.95850.550.008280          0 2 0          0 2 0 14  5 10       13  4  9      434233837294713152    87.0   81.0
 11  448.093889 8.022E-29 5.101E-01.08090.352 4527.94940.700.005180          0 0 1          0 0 1  8  5  4        7  2  5      534233837294713152    17.0   15.0
 11  448.099365 8.106E-29 3.858E-02.08100.391 4165.47380.690.003480          0 0 1          0 0 1  6  5  1        5  2  4      534233837294713152    39.0   33.0
 11  448.270545 1.677E-30 1.125E+01.07980.315 6003.45090.710.006120          0 3 0          0 3 0 10  4  6        9  3  7      434233837294713152    21.0   19.0
 11  448.303152 1.855E-28 4.180E+00.07570.298 5076.26600.680.007110          1 0 0          1 0 0 11  4  7       10  3  8      434233837294713152    69.0   63.0
 11  448.882165 1.130E-25 8.526E-02.06630.315 2690.59370.620.009100          0 1 0          0 1 0  9  5  5        9  2  8      564223807294713152    19.0   19.0
 11  449.165181 6.120E-27 4.778E-01.05300.208 3758.39680.510.012810          0 0 0          0 0 0 16  8  8       16  5 11      434426837260713049    33.0   33.0
 11  449.278635 5.039E-27 4.272E+01.02340.352 4812.19270.23-.001200          0 2 0          0 2 0  8  8  1        7  7  0      434223837294713152    51.0   45.0
 11  449.278655 1.680E-27 4.273E+01.02340.352 4812.19270.23-.001200          0 2 0          0 2 0  8  8  0        7  7  1      434223837294713152    17.0   15.0
 11  449.495171 1.362E-30 1.178E+01.05410.235 6134.91720.510.012070          0 2 0          0 2 0 15  5 11       14  4 10      434233837294713152    31.0   29.0
 11  449.549695 3.219E-23 7.606E-01.07290.350 2180.64290.620.006920          0 1 0          0 1 0  8  3  6        7  0  7      764223837294783152    51.0   45.0
 11  449.698039 5.855E-24 2.863E+01.04340.251 3321.01330.43-.002320          0 1 0          0 1 0 10  7  4        9  6  3      564223837294783152    63.0   57.0
 11  449.741173 1.499E-29 1.204E+01.05030.281 5601.53140.460.004710          1 0 0          1 0 0 12  6  6       11  5  7      434233837294713152    25.0   23.0
 11  449.794688 1.953E-24 2.865E+01.04300.250 3320.92980.42-.002100          0 1 0          0 1 0 10  7  3        9  6  4      564223837294783152    21.0   19.0
 11  449.878939 3.418E-24 2.067E+01.05080.294 3383.26540.470.000750          0 1 0          0 1 0 11  6  5       10  5  6      564223837294783152    69.0   63.0
 11  450.048173 3.671E-29 8.178E+00.07200.281 5563.39970.670.012170          0 0 1          0 0 1 12  5  7       11  4  8      434233837294713152    75.0   69.0
 11  450.060416 1.000E-26 2.595E-01.08700.407 3565.45460.710.006100          0 2 0          0 2 0  6  4  3        5  1  4      534223837294783152    39.0   33.0
 11  450.146208 6.471E-31 1.820E-03.07410.362 4332.77380.610.000000          0 0 1          0 0 1  7  5  2        7  0  7      5333308387659336 0    15.0   15.0
 11  450.352590 7.869E-23 3.094E-02.07660.349 1360.23530.72-.003740          0 0 0          0 0 0  9  7  2        9  4  5      664426837260783049    57.0   57.0
 11  450.636715 6.848E-28 6.612E-01.07070.333 4387.06290.61-.002380          1 0 0          1 0 0  9  2  7        8  1  8      534223837294713152    57.0   51.0
 11  450.684875 1.701E-29 8.358E-04.05620.265 3587.66670.580.009900          0 1 0          0 1 0 11  7  5       12  2 10      534233837294713152    23.0   25.0
 11  450.953833 3.086E-30 1.834E+01.07690.315 6202.42820.70-.004850          0 3 0          0 3 0 10  5  6        9  4  5      434233837294713152    63.0   57.0
 11  451.373351 2.879E-26 4.411E-03.08280.371 2282.58960.73-.001230          0 1 0          0 1 0  6  6  0        6  3  3      764223837294713152    13.0   13.0
 11  451.536364 8.610E-30 1.143E-03.08560.391 3598.51590.68-.006130          0 0 1          0 2 0  4  2  3        5  2  4      534243837294713152     9.0   11.0
 11  451.648589 1.383E-28 6.573E-01.07070.333 4488.14570.61-.002380          0 0 1          0 0 1  9  2  7        8  1  8      534233837294713152    19.0   17.0
 11  451.716979 9.386E-22 1.769E+01.05030.300 1985.78490.460.004710          0 0 0          0 0 0 12  6  6       11  5  7      564426837260783049    25.0   23.0
 11  451.789540 5.709E-31 3.627E+00.01400.161 6172.0035-.300.000000          0 0 0          0 0 0 25  2 24       25  1 25      3333308387659336 0    51.0   51.0
 11  451.934775 1.426E-28 1.868E+00.07160.315 4717.10450.62-.000510          1 0 0          1 0 0 10  3  7        9  2  8      434233837294713152    21.0   19.0
 11  451.987898 5.050E-29 5.497E-03.08410.391 3598.51590.710.002630          0 2 0          0 2 0  5  5  1        5  2  4      534233837294713152    11.0   11.0
 11  452.193524 5.263E-29 3.163E+01.03550.298 5748.69850.36-.001800          0 0 1          0 0 1 11  8  4       10  7  3      434233837294713152    69.0   63.0
 11  452.235719 2.081E-29 1.288E-03.05130.250 3877.08860.550.011420          0 1 0          0 1 0 12  7  6       13  2 11      534233837294713152    75.0   81.0
 11  452.237134 1.755E-29 3.164E+01.03540.298 5748.66130.35-.001770          0 0 1          0 0 1 11  8  3       10  7  4      434233837294713152    23.0   21.0
 11  452.279632 4.044E-29 7.076E-04.07400.250 3391.13080.690.002440          0 1 0          0 1 0 12  4  8       13  1 13      534233837294713152    25.0   27.0
 11  452.879929 9.189E-21 4.575E+00.07570.404 1446.12820.680.007110          0 0 0          0 0 0 11  4  7       10  3  8      666426837260783049    69.0   63.0
 11  453.119217 2.032E-29 8.519E+00.07200.281 5465.05330.670.012170          1 0 0          1 0 0 12  5  7       11  4  8      434233837294713152    25.0   23.0
 11  453.566823 5.727E-27 7.200E-04.04920.221 2631.26890.550.010980          0 0 0          0 0 0 14  6  9       15  1 14      534426837260713049    87.0   93.0
 11  453.587936 3.588E-30 1.161E+00.04580.161 5513.23390.490.020000          0 0 0          0 0 0 20  8 12       20  5 15      334233837260713049    41.0   41.0
 11  453.700529 8.771E-30 2.367E+01.04300.281 5847.70670.41-.004450          0 0 1          0 0 1 12  7  6       11  6  5      434233837294713152    25.0   23.0
 11  453.723246 3.877E-27 2.367E+01.05580.315 4784.66210.53-.005260          0 2 0          0 2 0 10  6  5        9  5  4      434223837294713152    63.0   57.0
 11  453.779332 1.205E-27 2.197E+01.05250.315 4783.64070.49-.001260          0 2 0          0 2 0 10  6  4        9  5  5      434223837294713152    21.0   19.0
 11  454.008488 6.360E-30 1.444E+00.07950.352 5258.86860.66-.001210          0 3 0          0 3 0  8  2  6        7  1  7      434233837294713152    17.0   15.0
 11  454.083788 8.021E-28 2.849E+01.01430.161 5294.03720.60-.001380          0 0 0          0 0 0 21  4 17       20  5 16      47420383336071 049   129.0  123.0
 11  454.197977 9.573E-31 8.702E+00.01780.278 6079.97800.480.000000          1 0 0          1 0 0 11 10  2       10  9  1      4333308387659336 0    23.0   21.0
 11  454.197985 2.865E-30 8.681E+00.01960.298 6079.97800.15-.001330          1 0 0          1 0 0 11 10  1       10  9  2      434233837294713152    69.0   63.0
 11  454.348365 3.811E-30 1.089E+00.05440.195 5680.54980.560.020000          0 1 0          0 1 0 17  7 10       17  4 13      434233837294713152   105.0  105.0
 11  454.488796 1.585E-27 3.072E+01.04110.333 4775.08820.40-.002270          0 2 0          0 2 0  9  7  3        8  6  2      434223837294713152    19.0   17.0
 11  454.774062 5.040E-27 3.255E+01.04100.333 4774.80490.40-.002190          0 2 0          0 2 0  9  7  2        8  6  3      434223837294713152    57.0   51.0
 11  454.961618 6.267E-28 4.492E-01.06730.235 4183.38900.660.010450          0 1 0          0 1 0 14  5  9       14  2 12      434223837294713152    29.0   29.0
 11  454.967244 2.495E-23 1.127E+00.07810.359 2309.73020.680.010010          0 1 0          0 1 0  8  4  5        7  1  6      664223837294783152    51.0   45.0
 11  455.056866 2.811E-29 4.879E-09.06860.333  982.91170.620.000000          0 0 0          0 0 0 10  2  8        8  2  6     q6422308079917122 0    21.0   17.0
 11  455.501223 1.256E-22 1.576E+01.06760.402 2629.33450.64-.009620          0 0 0          0 0 0 14  6  9       13  5  8      564426837260783049    87.0   81.0
 11  455.590522 1.124E-28 4.095E+01.02380.315 5624.38740.22-.001670          1 0 0          1 0 0 10  9  2        9  8  1      434233837294713152    63.0   57.0
 11  455.590583 3.745E-29 4.093E+01.02380.315 5624.38740.22-.001670          1 0 0          1 0 0 10  9  1        9  8  2      434233837294713152    21.0   19.0
 11  455.604811 7.330E-30 3.069E-03.07750.352 4188.39430.68-.020370          1 0 0          0 2 0  8  3  6        7  4  3      534243837294713152    51.0   45.0
 11  455.855703 9.295E-29 4.515E-04.06220.281 3314.85560.620.008200          0 1 0          0 1 0 10  7  4       11  2  9      534233837294713152    63.0   69.0
 11  455.884171 2.934E-29 3.314E+00.07570.298 5175.95510.680.007110          0 0 1          0 0 1 11  4  7       10  3  8      434233837294713152    23.0   21.0
 11  455.896891 2.531E-28 1.830E+00.07160.315 4817.73570.62-.000510          0 0 1          0 0 1 10  3  7        9  2  8      534233837294713152    63.0   57.0
 11  456.219933 2.667E-29 2.399E+01.04150.281 5845.65330.39-.002140          0 0 1          0 0 1 12  7  5       11  6  6      434233837294713152    75.0   69.0
 11  456.230204 1.258E-28 4.774E-01.06090.235 4525.23910.590.017850          0 1 0          0 1 0 14  7  7       14  4 10      434233837294713152    29.0   29.0
 11  456.299289 8.580E-30 1.594E-03.06790.352 3739.51880.55-.012440          0 0 1          0 2 0  6  1  6        7  1  7      534243837294713152    13.0   15.0
 11  456.340884 1.458E-28 3.555E+01.00750.150 5471.9660-.240.000750          0 0 0          0 0 0 22  3 19       21  4 18      444233833260713049    45.0   43.0
 11  456.362503 4.531E-28 1.542E-09.08870.412  300.36230.710.000000          0 0 0          0 0 0  6  4  3        4  2  3     q7422308079917122 0    39.0   27.0
 11  456.500136 4.378E-28 3.559E+01.00740.150 5471.8640-.250.000780          0 0 0          0 0 0 22  4 19       21  3 18      444233833260713049   135.0  129.0
 11  456.515743 8.021E-30 1.997E-01.07860.298 4864.37330.72-.018290          1 0 0          0 2 0 11  3  9       10  4  6      434233837294713152    23.0   21.0
 11  456.657717 5.241E-28 1.962E-09.09400.434  285.41860.730.000000          0 0 0          0 0 0  5  5  0        3  3  0     q7422308079917122 0    33.0   21.0
 11  456.686050 1.663E-30 5.486E-01.05590.250 5654.78140.640.008390          0 2 0          0 1 0 13  6  7       13 11  2      434233837294713152    81.0   81.0
 11  456.745565 4.320E-29 6.954E-04.10150.434 3334.62660.75-.008350          1 0 0          0 2 0  3  0  3        3  1  2      534233837294713152    21.0   21.0
 11  456.853685 1.751E-28 1.966E-09.09400.434  285.21930.730.000000          0 0 0          0 0 0  5  5  1        3  3  1     q7422308079917122 0    11.0    7.0
 11  456.868100 2.573E-29 1.590E-03.06770.352 3738.60920.55-.012680          0 0 1          0 2 0  6  0  6        7  0  7      534243837294713152    39.0   45.0
 11  456.873166 4.940E-21 1.905E-01.08300.411  602.77350.710.002500          0 0 0          0 0 0  7  5  3        6  2  4      764426837240783049    15.0   13.0
 11  457.061928 2.684E-28 8.962E-10.08330.391  325.34790.690.000000          0 0 0          0 0 0  7  2  5        5  0  5     q7422308079917122 0    45.0   33.0
 11  457.140082 2.726E-28 2.911E+01.01520.161 5292.10220.030.003390          0 0 0          0 0 0 21  5 17       20  4 16      474223833360713049    43.0   41.0
 11  457.162047 6.544E-26 4.947E-02.07530.298 2705.09690.66-.000070          0 1 0          0 1 0 10  3  7       10  0 10      564223837294713152    21.0   21.0
 11  457.228027 4.609E-31 7.377E-04.07390.352 4259.87640.650.000000          1 0 0          0 2 0  9  2  8        8  3  5      4333308387659336 0    19.0   17.0
 11  457.358074 1.077E-26 1.874E-01.06950.265 3386.05230.650.004240          0 1 0          0 1 0 12  4  8       12  1 11      564223837294713152    25.0   25.0
 11  457.402729 1.584E-29 8.233E-01.06330.208 5089.33620.650.016490          0 1 0          0 1 0 16  6 10       16  3 13      434233837294713152    33.0   33.0
 11  457.414367 4.653E-30 2.439E-02.06460.298 4750.38770.610.006790          1 0 0          1 0 0 10  4  7       10  1 10      534233837294713152    63.0   63.0
 11  457.470297 5.097E-29 1.553E-02.07980.371 4095.80320.660.002910          0 0 1          1 0 0  7  3  5        6  1  6      534233837294713152    45.0   39.0
 11  457.655398 1.015E-21 9.777E+00.07200.415 1843.02960.670.012170          0 0 0          0 0 0 12  5  7       11  4  8      564426837260783049    25.0   23.0
 11  457.758844 3.487E-20 7.058E-01.07070.355  744.16270.61-.002380          0 0 0          0 0 0  9  2  7        8  1  8      664426807260783049    57.0   51.0
 11  457.764028 7.163E-21 2.017E+00.07160.404 1080.38540.62-.000510          0 0 0          0 0 0 10  3  7        9  2  8      664426837260783049    21.0   19.0
 11  457.836815 2.761E-28 4.111E+01.00420.141 5604.3090-.450.002110          0 0 0          0 0 0 23  2 21       22  3 20      344233833260713049   141.0  135.0
 11  457.842277 9.202E-29 4.111E+01.00420.141 5604.3055-.450.002110          0 0 0          0 0 0 23  3 21       22  2 20      344233833260713049    47.0   45.0
 11  457.914646 8.601E-31 6.064E-03.06280.315 4564.36660.630.000000          0 0 1          0 2 0  9  3  6        8  5  3      5333308387659336 0    19.0   17.0
 11  457.994544 1.255E-20 1.497E+00.06940.360  882.89030.620.012250          0 0 0          0 0 0  9  4  6        8  1  7      664426807260783049    19.0   17.0
 11  458.046939 2.141E-27 1.604E+01.06830.298 4842.13130.630.012050          0 2 0          0 2 0 11  5  6       10  4  7      434223837294713152    69.0   63.0
 11  458.409580 7.462E-30 6.147E-10.07810.371  757.78020.670.000000          0 0 0          0 0 0  7  6  2        6  4  2     q7422308079917122 0    15.0   13.0
 11  458.438185 1.677E-30 1.054E-06.05430.250 2927.94130.58-.011540          0 1 0          0 0 0 12  2 11       13  7  6      574233837260713049    75.0   81.0
 11  458.579162 3.925E-26 1.624E-06.08620.302  586.47920.720.002540          0 0 0          0 0 0  6  6  0        7  1  7      764426807260783049    13.0   15.0
 11  458.627444 3.600E-29 4.165E-09.06860.333 1122.70850.620.000000          0 0 0          0 0 0 10  4  7        8  4  5     q6422308079917122 0    63.0   51.0
 11  458.753908 2.147E-28 5.021E+01.03020.122 5713.24950.290.000000          0 0 0          0 0 0 25  0 25       24  1 24      3442338332917122 0   153.0  147.0
 11  458.753910 7.157E-29 5.021E+01.03020.122 5713.24950.290.000000          0 0 0          0 0 0 25  1 25       24  0 24      3442338332917122 0    51.0   49.0
 11  458.915134 2.883E-23 1.293E-02.07540.339 1131.77560.72-.003290          0 0 0          0 0 0  8  7  1        8  4  4      764426807260783049    17.0   17.0
 11  459.282332 7.109E-29 4.612E+01.03040.131 5688.50220.290.000000          0 0 0          0 0 0 24  1 23       23  2 22      3442338332917122 0    49.0   47.0
 11  459.282464 2.132E-28 4.610E+01.03040.131 5688.50220.290.000000          0 0 0          0 0 0 24  2 23       23  1 22      3442338332917122 0   147.0  141.0
 11  459.351315 2.567E-29 3.253E+01.03550.298 5670.62990.36-.001800          1 0 0          1 0 0 11  8  4       10  7  3      434233837294713152    23.0   21.0
 11  459.368489 7.703E-29 3.254E+01.03540.298 5670.61530.35-.001770          1 0 0          1 0 0 11  8  3       10  7  4      434233837294713152    69.0   63.0
 11  459.371470 3.992E-29 2.420E+01.04300.281 5762.05990.41-.004450          1 0 0          1 0 0 12  7  6       11  6  5      434233837294713152    75.0   69.0
 11  459.464160 1.227E-29 5.103E+01.01520.315 5896.27220.10-.000650          0 0 1          0 0 1 10 10  1        9  9  0      434233837294713152    21.0   19.0
 11  459.464161 3.681E-29 5.103E+01.01520.315 5896.27220.10-.000650          0 0 1          0 0 1 10 10  0        9  9  1      434233837294713152    63.0   57.0
 11  459.469724 2.268E-29 6.221E-10.07810.371  756.72480.670.000000          0 0 0          0 0 0  7  6  1        6  4  3     q7422308079917122 0    45.0   39.0
 11  459.583807 2.667E-29 1.355E-02.07720.371 4199.39090.650.002800          0 0 1          1 0 0  7  4  4        6  2  5      534233837294713152    45.0   39.0
 11  459.635083 2.362E-29 1.111E-02.08170.391 4153.93810.71-.011080          0 0 1          1 0 0  6  5  1        5  3  2      534233837294713152    39.0   33.0
 11  459.795526 7.790E-24 1.559E+01.06230.373 2983.39640.58-.007500          0 0 0          0 0 0 15  6 10       14  5  9      564426837260783049    31.0   29.0
 11  459.991362 2.226E-30 1.747E-03.04760.235 4183.38900.520.012690          0 1 0          0 1 0 13  7  7       14  2 12      534233837294713152    27.0   29.0
 11  460.125914 2.007E-30 4.622E-01.06750.265 5336.32710.650.018460          0 2 0          0 2 0 12  6  6       12  3  9      434233837294713152    25.0   25.0
 11  460.220633 1.321E-29 2.402E+01.04150.281 5761.40250.39-.002140          1 0 0          1 0 0 12  7  5       11  6  6      434233837294713152    25.0   23.0
 11  460.277498 2.418E-26 2.226E-04.06940.314 2073.51570.66-.000090          0 0 0          0 0 0 13  4  9       14  1 14      564426837260783049    81.0   87.0
 11  460.538518 1.058E-28 2.037E+00.07520.333 4769.03850.72-.014870          0 2 0          1 0 0  9  7  3        8  4  4      434233837294713152    19.0   17.0
 11  460.648910 3.804E-23 8.590E-02.05760.283 1525.13600.570.011440          0 0 0          0 0 0 11  5  7       11  2 10      664426837260783049    23.0   23.0
 11  460.656193 1.099E-30 1.961E+01.06380.315 6194.97460.570.008290          0 3 0          0 3 0 10  5  5        9  4  6      434233837294713152    21.0   19.0
 11  460.832484 2.094E-28 2.368E+01.02210.161 5527.04500.16-.006100          0 0 0          0 0 0 21  5 16       20  6 15      344233833260713049   129.0  123.0
 11  460.912441 4.015E-28 6.586E-01.06470.333 4488.09050.570.006230          0 0 1          0 0 1  9  3  7        8  0  8      534223837294713152    57.0   51.0
 11  460.959663 7.367E-30 1.290E-03.10550.480 3196.09340.75-.015600          1 0 0          0 2 0  0  0  0        1  1  1      534243837294713152     1.0    3.0
 11  461.168008 3.198E-28 1.985E-02.07930.371 3736.17080.680.003650          0 2 0          0 2 0  6  5  2        6  2  5      534223837294713152    39.0   39.0
 11  461.449896 5.022E-21 4.380E+01.02400.182 2009.80510.22-.001670          0 0 0          0 0 0 10  9  2        9  8  1      566426837240783049    63.0   57.0
 11  461.449997 1.674E-21 4.380E+01.02400.182 2009.80500.22-.001670          0 0 0          0 0 0 10  9  1        9  8  2      566426837240783049    21.0   19.0
 11  461.588646 4.722E-29 4.357E-02.08100.391 4065.13180.690.003480          1 0 0          1 0 0  6  5  1        5  2  4      534233837294713152    13.0   11.0
 11  461.645818 4.032E-24 1.591E+01.05540.329 3360.60020.51-.000190          0 0 0          0 0 0 16  6 11       15  5 10      464426837260783049    99.0   93.0
 11  462.095717 4.131E-30 3.807E+01.03740.352 6240.48720.37-.002520          0 3 0          0 3 0  8  7  2        7  6  1      434233837294713152    51.0   45.0
 11  462.099883 1.377E-30 3.807E+01.03730.352 6240.48320.37-.002480          0 3 0          0 3 0  8  7  1        7  6  2      434233837294713152    17.0   15.0
 11  462.250487 8.770E-26 4.427E-03.07800.371 2271.71220.700.000370          0 1 0          0 1 0  6  6  1        6  3  4      664223837294713152    39.0   39.0
 11  462.349352 3.463E-29 1.360E-03.09540.391 3565.45460.73-.004800          0 0 1          0 2 0  4  1  3        5  1  4      534223837294713152    27.0   33.0
 11  462.642602 2.178E-25 1.687E+01.05150.311 3758.39680.480.007910          0 0 0          0 0 0 17  6 12       16  5 11      464426837260783049    35.0   33.0
 11  463.084158 1.721E-28 5.233E-01.06470.333 4387.35720.570.006230          1 0 0          1 0 0  9  3  7        8  0  8      534233837294713152    19.0   17.0
 11  463.144054 4.296E-24 6.037E+00.07570.414 3072.72640.680.007110          0 1 0          0 1 0 11  4  7       10  3  8      564223837294783152    69.0   63.0
 11  463.159458 1.095E-28 2.068E+00.07590.315 4783.64070.670.004310          1 0 0          0 2 0 10  4  6        9  5  5      434233837294713152    21.0   19.0
 11  463.184880 1.881E-30 1.114E-06.06200.250 2927.94130.65-.007470          0 1 0          0 0 0 13  0 13       13  7  6      574233837260713049    81.0   81.0
 11  463.239000 1.410E-30 1.980E-03.07510.391 4150.28730.65-.013370          0 0 1          1 0 0  6  5  2        5  3  3      534233837294713152    13.0   11.0
 11  463.302673 1.042E-24 4.935E+01.01860.135 3530.95750.16-.000850          0 1 0          0 1 0  9  9  1        8  8  0      564223837294783152    19.0   17.0
 11  463.302676 3.126E-24 4.935E+01.01860.135 3530.95750.16-.000850          0 1 0          0 1 0  9  9  0        8  8  1      564223837294783152    57.0   51.0
 11  463.361543 4.620E-30 2.216E-09.06860.333 1411.61150.620.000000          0 0 0          0 0 0 10  6  5        8  6  3     q6422308079917122 0    63.0   51.0
 11  463.381350 9.112E-25 2.047E+01.06330.324 3659.90400.60-.010500          0 1 0          0 1 0 12  6  7       11  5  6      564223837294783152    75.0   69.0
 11  463.390675 2.922E-28 4.000E-01.08090.352 4426.06640.700.005180          1 0 0          1 0 0  8  5  4        7  2  5      534223837294713152    51.0   45.0
 11  463.552067 1.517E-29 3.404E-09.06860.333 1255.16680.620.000000          0 0 0          0 0 0 10  5  6        8  5  4     q6422308079917122 0    63.0   51.0
 11  463.577102 5.268E-23 3.427E-03.07520.342  931.23710.72-.002390          0 0 0          0 0 0  7  7  0        7  4  3      764426807260783049    45.0   45.0
 11  463.678489 3.186E-30 1.027E-10.07340.352  586.47920.650.000000          0 0 0          0 0 0  8  3  5        7  1  7     q7422308079917122 0    17.0   15.0
 11  464.110999 3.524E-29 3.380E-01.08590.333 4622.90610.720.001080          0 0 1          1 0 0  9  4  5        8  2  6      434233837294713152    19.0   17.0
 11  464.128167 5.641E-29 1.713E-01.07940.333 4386.31320.71-.019770          1 0 0          0 2 0  9  3  7        8  4  4      534233837294713152    19.0   17.0
 11  464.150901 1.422E-30 2.804E+01.05410.333 6192.24470.51-.003370          0 3 0          0 3 0  9  6  4        8  5  3      434233837294713152    19.0   17.0
 11  464.357770 9.980E-26 1.853E+01.04710.293 4174.28750.460.012480          0 0 0          0 0 0 18  6 13       17  5 12      464426837260783049   111.0  105.0
 11  464.397739 7.683E-26 3.261E-01.05460.323 3360.60020.510.002520          0 0 0          0 0 0 15  8  7       15  5 10      564426837260783049    93.0   93.0
 11  464.471216 1.454E-29 3.990E-02.08040.315 4611.79480.72-.018200          1 0 0          0 2 0 10  3  8        9  4  5      434243837294713152    63.0   57.0
 11  464.532085 4.234E-30 2.783E+01.05270.333 6191.96570.50-.002010          0 3 0          0 3 0  9  6  3        8  5  4      434233837294713152    57.0   51.0
 11  465.476182 5.511E-26 1.658E-02.07310.352 2439.95450.670.000980          0 1 0          0 1 0  7  6  2        7  3  5      664223837294713152    15.0   15.0
 11  466.786069 2.351E-22 2.695E-02.06460.318 1114.54990.610.006790          0 0 0          0 0 0 10  4  7       10  1 10      664426837260783049    63.0   63.0
 11  466.946303 1.311E-28 1.879E-04.06190.235 2880.83420.620.009550          0 0 0          0 0 0 13  9  5       14  4 10      534233837260713049    27.0   29.0
 11  466.978632 1.064E-29 1.170E-03.09760.412 3495.93920.75-.002960          0 0 1          0 2 0  3  2  1        4  2  2      534243837294713152     7.0    9.0
 11  467.070262 1.774E-23 3.449E-03.07230.292  927.74390.70-.001850          0 0 0          0 0 0  7  7  1        7  4  4      764426837260783049    15.0   15.0
 11  467.244710 8.853E-29 7.637E-04.05990.195 3291.15210.620.000110          0 0 0          0 0 0 16  5 11       17  2 16      434433837260713049    33.0   35.0
 11  467.332618 3.738E-29 5.765E-02.08470.371 4195.81810.700.005580          0 0 1          0 0 1  7  4  3        6  1  6      534233837294713152    15.0   13.0
 11  467.366340 3.160E-30 6.805E-03.06960.315 4559.70760.640.005500          0 2 0          1 0 0 10  5  6        9  0  9      434233837294713152    63.0   57.0
 11  467.391092 5.868E-28 4.281E-04.06710.281 2915.87430.650.006770          0 1 0          0 1 0 10  5  6       11  0 11      534223837294713152    63.0   69.0
 11  467.892658 1.147E-21 3.486E+01.03750.241 2054.36870.36-.001800          0 0 0          0 0 0 11  8  4       10  7  3      564426837240783049    23.0   21.0
 11  467.919925 3.441E-21 3.486E+01.03750.241 2054.34520.35-.001770          0 0 0          0 0 0 11  8  3       10  7  4      564426837240783049    69.0   63.0
 11  467.981522 8.833E-23 1.307E-02.06770.299 1122.70850.66-.002150          0 0 0          0 0 0  8  7  2        8  4  5      764426807260783049    51.0   51.0
 11  468.053393 4.771E-27 2.086E+01.04060.183 4606.16820.410.013490          0 0 0          0 0 0 19  6 14       18  5 13      434426837260713049    39.0   37.0
 11  468.205138 1.928E-30 1.862E+01.03260.150 6219.62110.32-.014710          0 0 0          0 0 0 22  6 16       21  7 15      344233833260713049    45.0   43.0
 11  468.226438 3.855E-29 1.870E-04.06890.298 3058.39840.660.006280          0 1 0          0 1 0  9  7  3       10  2  8      534233837294713152    19.0   21.0
 11  468.395375 2.005E-28 1.070E+00.07860.333 4725.06220.700.009030          0 0 1          0 0 1  9  5  5        8  2  6      534233837294713152    57.0   51.0
 11  468.702819 7.476E-26 2.097E-04.05980.280 1806.67000.610.007600          0 0 0          0 0 0 12  5  8       13  0 13      564426837260783049    75.0   81.0
 11  468.753522 1.817E-21 2.627E+01.04300.290 2144.04630.41-.004450          0 0 0          0 0 0 12  7  6       11  6  5      566426837260783049    75.0   69.0
 11  468.793843 5.395E-30 3.717E-09.06860.333 1255.91160.620.000000          0 0 0          0 0 0 10  5  5        8  5  3     q5422308079917122 0    21.0   17.0
 11  468.799389 7.643E-30 1.469E-03.03790.183 3940.54490.460.012070          0 0 0          0 0 0 17  7 11       18  2 16      434233837260713049    35.0   37.0
 11  469.236447 5.625E-29 1.255E-03.05490.250 3654.04890.580.010840          0 1 0          0 1 0 12  6  7       13  1 12      534233837294713152    75.0   81.0
 11  469.684778 2.634E-29 4.198E+01.02750.298 5935.83220.27-.001510          0 0 1          0 0 1 11  9  3       10  8  2      434233837294713152    69.0   63.0
 11  469.686231 8.781E-30 4.198E+01.02750.298 5935.83100.27-.001510          0 0 1          0 0 1 11  9  2       10  8  3      434233837294713152    23.0   21.0
 11  469.698406 2.695E-23 3.112E-02.06280.305 1340.88490.61-.001880          0 0 0          0 0 0  9  7  3        9  4  6      664426837260783049    19.0   19.0
 11  469.832130 1.209E-27 3.135E-01.06260.250 4174.03860.590.012070          0 1 0          0 1 0 13  7  6       13  4  9      534223837294713152    81.0   81.0
 11  470.506911 6.113E-22 2.650E+01.04500.289 2142.59770.39-.002140          0 0 0          0 0 0 12  7  5       11  6  6      564426837240783049    25.0   23.0
 11  470.595915 1.460E-29 7.072E-04.10610.456 3255.34600.76-.012610          1 0 0          0 2 0  2  0  2        2  1  1      534223837294713152     5.0    5.0
 11  470.645111 3.392E-29 3.359E+01.01250.150 5749.2423-.04-.001380          0 0 0          0 0 0 22  4 18       21  5 17      344233833260713049    45.0   43.0
 11  470.785554 1.430E-29 2.861E-01.07130.281 5034.38790.660.014260          0 2 0          0 2 0 11  6  5       11  3  8      534233837294713152    69.0   69.0
 11  470.880790 2.722E-24 3.916E+01.03330.206 3526.62750.33-.001910          0 1 0          0 1 0 10  8  3        9  7  2      564223837294783152    63.0   57.0
 11  470.883749 9.073E-25 3.916E+01.03330.206 3526.62490.33-.001890          0 1 0          0 1 0 10  8  2        9  7  3      564223837294783152    21.0   19.0
 11  470.931205 1.700E-25 3.871E-02.06780.333 2630.19260.630.002520          0 1 0          0 1 0  8  6  3        8  3  6      664223837294713152    51.0   51.0
 11  470.947376 1.168E-25 4.027E-02.07020.315 2512.37570.640.006660          0 1 0          0 1 0  9  4  6        9  1  9      564223837294713152    19.0   19.0
 11  471.066555 3.113E-30 1.616E+01.05210.265 5984.67510.480.009860          0 0 1          0 0 1 13  6  7       12  5  8      434233837294713152    27.0   25.0
 11  471.181433 1.364E-29 1.037E-09.06860.333 1006.11590.620.000000          0 0 0          0 0 0  9  5  4        8  3  6     q7422308079917122 0    57.0   51.0
 11  471.293500 2.527E-23 1.526E-01.05080.274 1962.50690.510.012820          0 0 0          0 0 0 12  6  7       12  3 10      564426837260783049    75.0   75.0
 11  471.332401 1.597E-30 1.099E-04.10470.456 3221.96120.750.001690          1 0 0          0 2 0  1  1  1        2  0  2      534223837294713152     3.0    5.0
 11  471.655539 5.513E-27 1.673E-05.07670.298 1538.14950.710.002460          0 0 0          0 0 0  9  8  2       10  3  7      534426837260713049    19.0   21.0
 11  471.665252 3.464E-24 2.576E+00.07160.389 2690.59370.62-.000510          0 1 0          0 1 0 10  3  7        9  2  8      564223837294783152    21.0   19.0
 11  471.854135 4.211E-25 1.266E+01.07200.281 3487.39920.670.012170          0 1 0          0 1 0 12  5  7       11  4  8      564223837294713152    25.0   23.0
 11  472.031852 2.257E-25 6.104E-06.08060.301  744.16270.700.002900          0 0 0          0 0 0  7  6  1        8  1  8      764426837260783049    45.0   51.0
 11  472.133708 2.056E-30 4.630E-09.05070.265 1774.75110.510.000000          0 0 0          0 0 0 13  2 11       12  2 11     q5422308079917122 0    81.0   75.0
 11  472.167598 1.139E-20 7.295E-01.06500.326  744.06370.570.006230          0 0 0          0 0 0  9  3  7        8  0  8      766426837240783049    19.0   17.0
 11  472.417350 1.028E-28 3.397E+01.01300.150 5748.1210-.010.002030          0 0 0          0 0 0 22  5 18       21  4 17      344233833260713049   135.0  129.0
 11  472.423912 2.560E-21 4.874E-02.08100.375  416.20870.690.003480          0 0 0          0 0 0  6  5  1        5  2  4      764426807260783049    13.0   11.0
 11  472.614004 5.314E-29 4.040E+01.00620.141 5928.3641-.300.002270          0 0 0          0 0 0 23  3 20       22  4 19      344233833260713049   141.0  135.0
 11  472.703945 1.772E-29 4.042E+01.00620.141 5928.3069-.300.002260          0 0 0          0 0 0 23  4 20       22  3 19      344233833260713049    47.0   45.0
 11  472.756922 1.646E-20 4.743E-01.07500.393  782.40980.700.005180          0 0 0          0 0 0  8  5  4        7  2  5      766426837240783049    51.0   45.0
 11  472.881246 3.396E-29 1.989E-05.05240.235 2918.24490.56-.007480          0 1 0          0 0 0 13  0 13       14  5 10      574233837260713049    81.0   87.0
 11  473.009236 5.203E-23 5.903E-02.05750.297 1581.33600.560.000260          0 0 0          0 0 0 10  7  4       10  4  7      664426837260783049    63.0   63.0
 11  473.184925 3.087E-29 1.953E-01.06430.333 4756.39400.62-.014300          0 2 0          1 0 0  9  7  2        8  4  5      434233837294713152    57.0   51.0
 11  473.348036 6.270E-25 3.005E+01.04370.264 3565.00350.42-.003070          0 1 0          0 1 0 11  7  5       10  6  4      564223837294783152    23.0   21.0
 11  473.486955 4.078E-27 6.158E-01.08330.371 3713.08250.700.007250          0 2 0          0 2 0  7  4  4        6  1  5      534223837294713152    15.0   13.0
 11  473.579515 2.066E-29 4.001E-11.09400.434  136.76170.730.000000          0 0 0          0 0 0  5  4  1        3  0  3     q7422308079917122 0    33.0   21.0
 11  473.591907 1.625E-22 2.051E-03.08040.335  586.24350.690.004460          0 0 0          0 0 0  7  5  2        7  0  7      764426807260783049    45.0   45.0
 11  473.658727 6.450E-30 2.384E+01.04380.265 6138.88950.41-.006580          0 0 1          0 0 1 13  7  7       12  6  6      434233837294713152    81.0   75.0
 11  473.698393 1.885E-24 3.011E+01.04300.261 3564.70500.42-.002300          0 1 0          0 1 0 11  7  4       10  6  5      564223837294783152    69.0   63.0
 11  474.011104 1.696E-30 1.291E-03.07000.371 4016.05280.61-.013230          0 0 1          0 2 0  6  4  3        6  4  2      534233837294713152    13.0   13.0
 11  474.293607 1.098E-29 4.631E+01.03040.131 6062.14780.290.000000          0 0 0          0 0 0 24  2 22       23  3 21      3442338332917122 0    49.0   47.0
 11  474.296779 3.294E-29 4.631E+01.03040.131 6062.14580.290.000000          0 0 0          0 0 0 24  3 22       23  2 21      3442338332917122 0   147.0  141.0
 11  474.360342 6.775E-28 4.408E+01.02950.333 5008.96280.29-.002100          0 2 0          0 2 0  9  8  2        8  7  1      434223837294713152    19.0   17.0
 11  474.360614 2.032E-27 4.407E+01.02950.333 5008.96250.29-.002090          0 2 0          0 2 0  9  8  1        8  7  2      434223837294713152    57.0   51.0
 11  474.376408 1.915E-27 2.381E+01.03260.172 5052.66860.320.011770          0 0 0          0 0 0 20  6 15       19  5 14      434426837260713049   123.0  117.0
 11  474.378280 1.207E-28 4.410E-02.07470.352 3894.16780.660.005240          0 2 0          0 2 0  7  5  3        7  2  6      534233837294713152    15.0   15.0
 11  474.601330 3.557E-29 1.253E-03.09030.412 3482.06450.70-.004180          0 0 1          0 2 0  3  2  2        4  2  3      534243837294713152    21.0   27.0
 11  474.635123 1.166E-29 4.998E-10.06860.333  885.60020.620.000000          0 0 0          0 0 0  9  4  5        8  2  7     q6422308079917122 0    57.0   51.0
 11  474.673126 2.389E-27 8.239E+00.07570.298 4669.73590.680.007110          0 2 0          0 2 0 11  4  7       10  3  8      434223837294713152    69.0   63.0
 11  474.708730 3.272E-30 8.955E-03.08370.371 4308.21130.72-.011890          0 0 1          1 0 0  7  5  2        6  3  3      534233837294713152    15.0   13.0
 11  475.037000 4.364E-29 1.754E-03.07720.371 3601.85890.61-.010930          0 0 1          0 2 0  5  1  5        6  1  6      534243837294713152    33.0   39.0
 11  475.089946 3.202E-25 2.153E+01.05030.281 3650.50900.460.004710          0 1 0          0 1 0 12  6  6       11  5  7      564223837294713152    25.0   23.0
 11  475.162007 1.618E-28 7.988E-01.05440.172 4851.82100.580.019610          0 0 0          0 0 0 19  7 12       19  4 15      434233837260713049   117.0  117.0
 11  475.275512 4.060E-31 3.413E-03.06280.315 4564.36660.630.000000          1 0 0          0 2 0  8  6  2        8  5  3      4333308387659336 0    17.0   17.0
 11  475.496604 8.396E-30 5.610E+01.03000.114 6172.00350.290.000000          0 0 0          0 0 0 26  0 26       25  1 25      3422308332917122 0    53.0   51.0
 11  475.496606 2.519E-29 5.610E+01.03000.114 6172.00350.290.000000          0 0 0          0 0 0 26  1 26       25  0 25      3422308332917122 0   159.0  153.0
 11  475.500359 5.027E-30 3.296E+01.03550.281 6013.51050.35-.002140          0 0 1          0 0 1 12  8  5       11  7  4      434233837294713152    25.0   23.0
 11  475.563945 4.953E-31 1.121E-01.05010.299 5320.88900.560.000000          0 2 0          1 0 0 12  6  6       11  3  9      4333308387659336 0    25.0   23.0
 11  475.592625 1.127E-30 3.156E-03.05570.333 4564.03480.53-.017730          1 0 0          0 2 0  8  6  3        8  5  4      434233837294713152    51.0   51.0
 11  475.672940 1.509E-29 3.297E+01.03530.281 6013.36590.34-.002020          0 0 1          0 0 1 12  8  4       11  7  5      434233837294713152    75.0   69.0
 11  475.812093 4.064E-28 2.430E+01.05820.298 5029.81050.55-.008350          0 2 0          0 2 0 11  6  6       10  5  5      534223837294713152    23.0   21.0
 11  475.854701 5.184E-30 1.321E-03.07010.371 4015.51510.61-.005370          0 0 1          0 2 0  6  4  2        6  4  3      534233837294713152    39.0   39.0
 11  476.008348 2.509E-29 5.172E+01.03020.122 6147.78460.290.000000          0 0 0          0 0 0 25  1 24       24  2 23      3442338332917122 0   153.0  147.0
 11  476.008424 8.362E-30 5.171E+01.03020.122 6147.78460.290.000000          0 0 0          0 0 0 25  2 24       24  1 23      3442338332917122 0    51.0   49.0
 11  476.090873 1.450E-29 1.740E-03.07830.371 3600.05240.62-.011240          0 0 1          0 2 0  5  0  5        6  0  6      534243837294713152    11.0   13.0
 11  476.284968 1.167E-29 1.727E-03.06700.391 3868.98700.58-.010650          0 0 1          0 2 0  5  4  2        5  4  1      534243837294713152    33.0   33.0
 11  476.336420 2.071E-24 6.062E-02.08680.377 1922.82900.710.005320          0 1 0          0 1 0  6  4  2        5  1  5      764223837294783152    13.0   11.0
 11  476.419282 2.127E-21 5.595E+01.01520.137 2225.46920.10-.000650          0 0 0          0 0 0 10 10  1        9  9  0      566426837260783049    63.0   57.0
 11  476.419283 7.089E-22 5.594E+01.01520.137 2225.46920.10-.000650          0 0 0          0 0 0 10 10  0        9  9  1      566426837260783049    21.0   19.0
 11  476.643075 1.446E-28 4.732E-02.08470.371 4095.80320.700.005580          1 0 0          1 0 0  7  4  3        6  1  6      534233837294713152    45.0   39.0
 11  476.686154 3.900E-30 1.733E-03.06670.391 3868.87300.58-.007670          0 0 1          0 2 0  5  4  1        5  4  2      534233837294713152    11.0   11.0
 11  477.351575 1.056E-30 1.193E+00.04650.150 5987.87750.500.020000          0 0 0          0 0 0 21  8 13       21  5 16      344233833260713049   129.0  129.0
 11  477.471626 1.069E-27 1.995E+01.04340.315 4996.33160.43-.002320          0 2 0          0 2 0 10  7  4        9  6  3      434223837294713152    63.0   57.0
 11  477.613676 1.268E-29 1.403E+01.05210.265 5887.76560.480.009860          1 0 0          1 0 0 13  6  7       12  5  8      434233837294713152    81.0   75.0
 11  477.765237 6.378E-31 1.805E-02.05310.317 4812.19270.610.000000          0 0 1          0 2 0  8  7  2        7  7  1      4333308387659336 0    17.0   15.0
 11  477.766308 1.905E-30 1.797E-02.03630.352 4812.19270.41-.000670          0 0 1          0 2 0  8  7  1        7  7  0      434233837294713152    51.0   45.0
 11  478.040811 8.150E-30 2.457E-03.06400.412 3746.77600.58-.009760          0 0 1          0 2 0  4  4  1        4  4  0      534243837294713152     9.0    9.0
 11  478.062971 5.831E-30 3.478E-01.05980.298 5027.55960.580.008750          0 2 0          0 0 1 11  6  6       10  2  9      434233837294713152    23.0   21.0
 11  478.088194 2.445E-29 2.457E-03.06390.412 3746.76270.58-.009070          0 0 1          0 2 0  4  4  0        4  4  1      534243837294713152    27.0   27.0
 11  478.099428 1.237E-27 2.454E+01.05080.298 5027.07400.470.000750          0 2 0          0 2 0 11  6  5       10  5  6      434233837294713152    69.0   63.0
 11  478.138957 2.188E-30 2.712E-03.05580.352 4368.63690.54-.017550          1 0 0          0 2 0  7  6  1        7  5  2      534233837294713152    45.0   45.0
 11  478.146405 7.195E-26 2.032E+01.06760.265 3959.25340.64-.010310          0 1 0          0 1 0 13  6  8       12  5  7      464223837294713152    27.0   25.0
 11  478.227565 7.006E-31 2.604E-03.07550.349 4368.54610.640.000000          1 0 0          0 2 0  7  6  2        7  5  3      5333308387659336 0    15.0   15.0
 11  478.392417 2.468E-30 5.020E-07.06740.265 2437.50190.66-.008680          0 1 0          0 0 0 11  1 11       12  6  6      574233837260713049    23.0   25.0
 11  478.441120 1.409E-30 5.003E+01.02340.352 6505.53480.23-.001200          0 3 0          0 3 0  8  8  1        7  7  0      434233837294713152    51.0   45.0
 11  478.441131 4.708E-31 5.015E+01.03950.317 6505.53480.610.000000          0 3 0          0 3 0  8  8  0        7  7  1      4333308387659336 0    17.0   15.0
 11  478.540249 3.308E-29 7.069E-04.10760.480 3201.91340.77-.016560          1 0 0          0 2 0  1  0  1        1  1  0      534243837294713152     9.0    9.0
 11  478.783427 8.549E-24 9.682E-02.05240.295 1843.02960.510.003770          0 0 0          0 0 0 11  7  5       11  4  8      564426837260783049    23.0   23.0
 11  478.837069 1.503E-25 1.082E-01.06220.298 2904.42840.590.010660          0 1 0          0 1 0 10  5  6       10  2  9      564223837294713152    63.0   63.0
 11  478.837379 1.015E-29 5.463E-09.06460.315 1216.23130.600.000000          0 0 0          0 0 0 11  3  9        9  3  7     q6422308079917122 0    23.0   19.0
 11  479.109139 6.091E-28 3.404E+01.04300.315 4994.70240.42-.002100          0 2 0          0 2 0 10  7  3        9  6  4      434223837294713152    21.0   19.0
 11  479.498962 4.048E-26 7.129E-02.06280.315 2841.43080.590.005310          0 1 0          0 1 0  9  6  4        9  3  7      564223837294713152    19.0   19.0
 11  479.553953 5.586E-30 4.402E-09.05570.281 1327.11760.550.000000          0 0 0          0 0 0 13  1 13       11  1 11     q5422308079917122 0    27.0   23.0
 11  479.560036 1.676E-29 4.402E-09.05570.281 1327.11000.550.000000          0 0 0          0 0 0 13  0 13       11  0 11     q5422308079917122 0    81.0   69.0
 11  479.627669 3.866E-31 3.087E-08.04950.277 2225.46920.570.000000          0 1 0          0 0 0 10  0 10        9  9  1      5333308387659336 0    21.0   19.0
 11  480.060737 2.228E-30 2.467E+01.04030.265 6133.77430.37-.000890          0 0 1          0 0 1 13  7  6       12  6  7      434233837294713152    27.0   25.0
 11  480.205574 3.342E-30 2.480E+01.04380.265 6051.27260.41-.006580          1 0 0          1 0 0 13  7  7       12  6  6      434233837294713152    27.0   25.0
 11  480.313932 8.482E-30 2.895E+01.01800.150 5996.51720.08-.004380          0 0 0          0 0 0 22  5 17       21  6 16      344233833260713049    45.0   43.0
 11  480.374338 1.589E-29 9.706E-10.07340.352  931.23710.650.000000          0 0 0          0 0 0  8  6  3        7  4  3     q7422308079917122 0    51.0   45.0
 11  480.504077 1.205E-29 4.261E+01.02750.298 5865.60400.27-.001510          1 0 0          1 0 0 11  9  3       10  8  2      434233837294713152    23.0   21.0
 11  480.504573 3.616E-29 4.262E+01.02750.298 5865.60350.27-.001510          1 0 0          1 0 0 11  9  2       10  8  3      434233837294713152    69.0   63.0
 11  480.515334 8.669E-31 1.632E-03.06180.333 4197.36100.610.000000          1 0 0          0 2 0  6  6  0        6  5  1      4333308387659336 0    13.0   13.0
 11  480.537410 2.529E-30 1.587E-03.05630.371 4197.33880.58-.023020          1 0 0          0 2 0  6  6  1        6  5  2      534233837294713152    39.0   39.0
 11  480.589801 6.392E-30 9.156E-01.08020.371 5117.98800.670.006850          0 3 0          0 3 0  7  3  5        6  0  6      434233837294713152    15.0   13.0
 11  480.731313 1.749E-23 8.912E-01.07070.353 2337.66680.61-.002380          0 1 0          0 1 0  9  2  7        8  1  8      664223837294783152    57.0   51.0
 11  480.970445 1.311E-26 4.677E-01.05880.311 3810.93670.600.013560          0 0 0          0 0 0 17  6 11       17  3 14      464426837260783049   105.0  105.0
 11  481.042413 6.779E-22 1.798E+01.05210.324 2275.37290.480.009860          0 0 0          0 0 0 13  6  7       12  5  8      564426837260783049    81.0   75.0
 11  481.047316 3.178E-30 6.277E-11.07810.371  446.69660.670.000000          0 0 0          0 0 0  7  4  4        6  0  6     q7422308079917122 0    15.0   13.0
 11  481.117058 2.059E-29 4.992E-09.06000.298 1293.63410.570.000000          0 0 0          0 0 0 12  2 11       10  2  9     q6422308079917122 0    75.0   63.0
 11  481.598126 6.931E-30 5.035E-09.06000.298 1293.01810.570.000000          0 0 0          0 0 0 12  1 11       10  1  9     q5422308079917122 0    25.0   21.0
 11  481.673589 9.365E-26 2.172E-01.06120.361 2983.39640.58-.006830          0 0 0          0 0 0 14  8  6       14  5  9      564426837260783049    29.0   29.0
 11  481.681608 7.719E-28 1.434E+01.07690.315 4992.12160.72-.014560          0 2 0          1 0 0 10  7  4        9  4  5      434223837294713152    63.0   57.0
 11  481.905421 4.822E-31 9.060E-04.08390.406 4195.97100.690.000000          1 0 0          0 0 1  6  6  0        5  2  3      5333308387659336 0    13.0   11.0
 11  481.932439 4.214E-29 4.759E+01.01640.315 5836.98570.14-.020300          0 2 0          1 0 0 10 10  1        9  9  0      434233837294713152    63.0   57.0
 11  481.932440 1.405E-29 4.760E+01.01640.315 5836.98570.14-.020310          0 2 0          1 0 0 10 10  0        9  9  1      434233837294713152    21.0   19.0
 11  482.171323 9.672E-30 2.393E+01.04030.265 6049.84870.37-.000890          1 0 0          1 0 0 13  7  6       12  6  7      434233837294713152    81.0   75.0
 11  482.818320 2.228E-29 3.405E+01.03550.281 5934.47760.35-.002140          1 0 0          1 0 0 12  8  5       11  7  4      434233837294713152    75.0   69.0
 11  482.887668 7.427E-30 3.406E+01.03530.281 5934.41910.34-.002020          1 0 0          1 0 0 12  8  4       11  7  5      434233837294713152    25.0   23.0
 11  483.059552 1.272E-30 2.838E-05.09670.412 3381.70420.730.004160          1 0 0          0 2 0  3  2  1        4  1  4      534223837294713152    21.0   27.0
 11  483.174617 2.829E-30 9.480E-04.08450.371 4095.80320.710.003000          0 2 0          1 0 0  7  6  1        6  1  6      534233837294713152    45.0   39.0
 11  483.239811 4.508E-25 1.600E-02.08850.350 1922.90110.740.001040          0 1 0          0 1 0  5  5  1        4  2  2      764223837294783152    11.0    9.0
 11  483.283346 8.051E-29 2.774E+01.02560.161 5513.23390.220.009800          0 0 0          0 0 0 21  6 16       20  5 15      344233833260713049    43.0   41.0
 11  483.426290 2.271E-29 7.849E-02.07430.333 4624.30280.660.009380          1 0 0          0 0 1  9  5  4        8  1  7      534233837294713152    57.0   51.0
 11  483.897994 5.514E-30 1.006E-09.07340.352  927.74390.650.000000          0 0 0          0 0 0  8  6  2        7  4  4     q7422308079917122 0    17.0   15.0
 11  483.984756 1.012E-20 6.752E-02.08250.421  447.25240.700.005580          0 0 0          0 0 0  7  4  3        6  1  6      767426807240783049    45.0   39.0
 11  484.079119 1.736E-30 1.480E-04.09470.391 3482.48020.730.002550          1 0 0          0 2 0  4  2  2        5  1  5      534253837294713152     9.0   11.0
 11  484.255493 8.130E-30 3.393E-01.06950.265 4966.63370.650.004240          0 2 0          0 2 0 12  4  8       12  1 11      434233837294713152    25.0   25.0
 11  484.347276 1.178E-29 5.327E+01.01960.298 6139.32370.15-.001330          0 0 1          0 0 1 11 10  2       10  9  1      434233837294713152    69.0   63.0
 11  484.347301 3.926E-30 5.326E+01.01960.298 6139.32370.15-.001330          0 0 1          0 0 1 11 10  1       10  9  2      434233837294713152    23.0   21.0
 11  484.462870 4.327E-30 3.552E-09.05070.265 1557.84770.510.000000          0 0 0          0 0 0 13  1 12       12  1 12     q6422308079917122 0    81.0   75.0
 11  484.492012 2.075E-27 3.462E+00.07160.315 4268.24090.62-.000510          0 2 0          0 2 0 10  3  7        9  2  8      534223837294713152    21.0   19.0
 11  484.677473 1.674E-29 6.686E-09.06860.333 1131.77560.620.000000          0 0 0          0 0 0 10  4  6        8  4  4     q5422308079917122 0    21.0   17.0
 11  484.687066 8.845E-30 1.556E-01.07280.298 4752.73290.660.008220          0 2 0          0 2 0 10  6  4       10  3  7      534233837294713152    21.0   21.0
 11  484.726438 4.033E-28 2.688E-09.08330.391  446.51070.690.000000          0 0 0          0 0 0  7  4  3        5  2  3     q7422308079917122 0    45.0   33.0
 11  484.757223 1.819E-30 1.726E-04.05930.208 3758.39680.60-.000990          0 1 0          0 0 0 15  2 14       16  5 11      474233837260713049    31.0   33.0
 11  485.376549 2.613E-26 3.083E-04.08990.391 1920.76650.720.004320          0 1 0          0 1 0  5  5  0        5  0  5      764223837294713152    33.0   33.0
 11  485.443208 6.495E-29 6.738E-01.07860.333 4622.90610.700.009030          1 0 0          1 0 0  9  5  5        8  2  6      434233837294713152    19.0   17.0
 11  485.977321 1.842E-26 9.693E-01.07290.350 3738.60920.620.006920          0 2 0          0 2 0  8  3  6        7  0  7      564223837294783152    51.0   45.0
 11  486.085376 1.102E-27 1.970E-01.06470.265 3843.41040.590.002290          0 1 0          0 1 0 12  7  5       12  4  8      534223837294713152    25.0   25.0
 11  486.113414 8.696E-23 2.746E-02.06920.321 1327.11000.63-.002170          0 0 0          0 0 0 11  3  8       11  0 11      664426837260783049    69.0   69.0
 11  486.136326 5.336E-22 4.582E+01.02750.200 2254.28450.27-.001510          0 0 0          0 0 0 11  9  3       10  8  2      566426837260783049    23.0   21.0
 11  486.137123 1.601E-21 4.582E+01.02750.200 2254.28380.27-.001510          0 0 0          0 0 0 11  9  2       10  8  3      566426837260783049    69.0   63.0
 11  486.356629 3.695E-29 9.971E-02.07700.371 4296.56340.670.005010          0 0 1          0 0 1  7  5  2        6  2  5      534233837294713152    15.0   13.0
 11  486.448962 1.275E-30 3.252E-01.04960.281 5563.39970.46-.006250          1 0 0          0 0 1 12  6  7       11  4  8      434233837294713152    75.0   69.0
 11  486.482475 4.767E-28 5.381E-02.07520.333 3895.25290.660.006030          0 2 0          0 2 0  8  4  5        8  1  8      534223837294713152    51.0   51.0
 11  486.799164 1.162E-29 3.850E+01.01100.141 6220.5383-.070.000710          0 0 0          0 0 0 23  4 19       22  5 18      344233833260713049   141.0  135.0
 11  487.282736 2.474E-27 3.566E-02.08990.412 3381.70420.720.005300          0 2 0          0 2 0  5  4  1        4  1  4      534223837294713152    33.0   27.0
 11  487.736585 7.136E-29 1.735E+00.06010.315 4816.99090.550.011880          0 0 1          0 0 1 10  4  7        9  1  8      534233837294713152    21.0   19.0
 11  487.829832 3.897E-30 3.876E+01.01140.141 6219.8874-.050.003110          0 0 0          0 0 0 23  5 19       22  4 18      344233833260713049    47.0   45.0
 11  487.848391 1.008E-23 1.424E-01.04790.294 2124.95140.470.007440          0 0 0          0 0 0 12  7  6       12  4  9      564426837260783049    75.0   75.0
 11  487.897073 8.620E-29 5.213E-05.07560.315 2818.39810.700.004420          0 1 0          0 1 0  8  7  2        9  2  7      534233837294713152    51.0   57.0
 11  487.991806 3.189E-29 8.668E-09.06860.333 1050.15770.620.000000          0 0 0          0 0 0 10  3  7        8  3  5     q6422308079917122 0    21.0   17.0
 11  488.035040 1.534E-30 2.896E+01.05580.315 6411.87560.53-.005260          0 3 0          0 3 0 10  6  5        9  5  4      434233837294713152    63.0   57.0
 11  488.287181 1.745E-29 1.569E-03.10020.412 3438.57500.75-.003480          0 0 1          0 2 0  3  1  2        4  1  3      534243837294713152     7.0    9.0
 11  488.325904 5.521E-25 2.383E-01.06010.315 2872.27430.590.006180          0 0 0          0 0 0 15  5 10       15  2 13      564426837260783049    93.0   93.0
 11  488.396639 4.459E-26 1.982E+01.06760.250 4285.64750.64-.009620          0 1 0          0 1 0 14  6  9       13  5  8      564223837294713152    87.0   81.0
 11  488.447473 2.380E-28 5.562E+01.01860.333 5261.47140.16-.000850          0 2 0          0 2 0  9  9  1        8  8  0      434233837294713152    19.0   17.0
 11  488.447475 7.140E-28 5.562E+01.01860.333 5261.47140.16-.000850          0 2 0          0 2 0  9  9  0        8  8  1      434223837294713152    57.0   51.0
 11  488.525913 1.114E-24 5.122E+01.02380.160 3752.41620.22-.001670          0 1 0          0 1 0 10  9  2        9  8  1      564223837294783152    63.0   57.0
 11  488.525963 3.714E-25 5.123E+01.02380.160 3752.41620.22-.001670          0 1 0          0 1 0 10  9  1        9  8  2      564223837294783152    21.0   19.0
 11  488.706442 1.976E-30 4.561E+01.03040.131 6401.01090.290.000000          0 0 0          0 0 0 24  3 21       23  4 20      3442338332917122 0    49.0   47.0
 11  488.742887 3.785E-29 6.565E-09.06460.315 1201.92150.600.000000          0 0 0          0 0 0 11  2  9        9  2  7     q6422308079917122 0    69.0   57.0
 11  488.757870 5.929E-30 4.561E+01.03040.131 6400.97810.290.000000          0 0 0          0 0 0 24  4 21       23  3 20      3442338332917122 0   147.0  141.0
 11  488.953657 1.242E-30 2.524E-03.07680.333 4488.09050.680.005220          0 0 1          0 0 1  8  5  3        8  0  8      534233837294713152    51.0   51.0
 11  489.141230 3.656E-30 2.273E-11.08330.391  399.45750.690.000000          0 0 0          0 0 0  6  5  2        5  1  4     q7422308079917122 0    39.0   33.0
 11  489.168243 4.023E-31 9.264E-04.04490.231 4382.77980.490.000000          0 1 0          0 1 0 13  8  6       14  3 11      4333308387659336 0    27.0   29.0
 11  489.288164 5.034E-31 2.852E+01.06550.332 6410.99740.630.000000          0 3 0          0 3 0 10  6  4        9  5  5      4333308387659336 0    21.0   19.0
 11  489.573309 1.498E-22 2.703E+01.04380.284 2437.50190.41-.006580          0 0 0          0 0 0 13  7  7       12  6  6      564426837260783049    27.0   25.0
 11  489.752170 7.066E-30 6.320E-03.07210.371 4292.90990.62-.011750          0 0 1          1 0 0  7  5  3        6  3  4      534233837294713152    45.0   39.0
 11  490.044365 1.049E-30 8.772E-01.04390.161 5680.78720.440.019300          0 0 0          0 0 0 20  9 11       20  6 14      334233837260713049    41.0   41.0
 11  490.068771 9.646E-29 1.098E-09.08330.391  326.62550.690.000000          0 0 0          0 0 0  7  3  5        5  1  5     q7422308079917122 0    15.0   11.0
 11  490.260011 1.548E-30 1.153E+01.07570.298 6237.67810.680.007110          0 3 0          0 3 0 11  4  7       10  3  8      434233837294713152    69.0   63.0
 11  490.578601 3.610E-30 5.189E+01.03020.122 6536.44260.290.000000          0 0 0          0 0 0 25  2 23       24  3 22      3442338332917122 0   153.0  147.0
 11  490.580434 1.204E-30 5.192E+01.03020.122 6536.44140.290.000000          0 0 0          0 0 0 25  3 23       24  2 22      3442338332917122 0    51.0   49.0
 11  490.694991 1.957E-28 1.644E+01.07200.281 5105.72970.670.012170          0 2 0          0 2 0 12  5  7       11  4  8      434233837294713152    25.0   23.0
 11  490.722341 4.529E-31 2.321E+01.04630.256 6455.74170.510.000000          0 0 1          0 0 1 14  7  8       13  6  7      4333308387659336 0    29.0   27.0
 11  490.805356 3.631E-28 7.002E-04.04610.208 2952.38660.530.010250          0 0 0          0 0 0 15  6 10       16  1 15      534423837260713049    31.0   33.0
 11  491.431888 7.102E-26 1.284E-05.07580.304  920.21000.690.003440          0 0 0          0 0 0  8  6  2        9  1  9      664426837260783049    17.0   19.0
 11  491.482579 1.130E-23 1.002E-01.06370.318 2042.31060.61-.000390          0 0 0          0 0 0 13  4  9       13  1 12      564426837260783049    81.0   81.0
 11  491.606474 9.798E-22 3.655E+01.04200.253 2321.90570.35-.002140          0 0 0          0 0 0 12  8  5       11  7  4      564426837240783049    75.0   69.0
 11  491.686408 1.353E-30 3.112E-04.05250.195 4174.28750.550.012830          0 0 0          0 0 0 16 10  7       17  5 12      434233837260713049    99.0  105.0
 11  491.715616 3.268E-22 3.657E+01.04200.251 2321.81310.34-.002020          0 0 0          0 0 0 12  8  4       11  7  5      564426837240783049    25.0   23.0
 11  491.835275 3.615E-28 1.819E+00.06010.315 4715.96680.550.011880          1 0 0          1 0 0 10  4  7        9  1  8      434223837294713152    63.0   57.0
 11  491.978600 6.569E-26 1.123E-01.05840.298 3072.72640.560.008530          0 1 0          0 1 0 10  6  5       10  3  8      564223837294713152    63.0   63.0
 11  492.069064 4.607E-21 1.013E+00.07860.394  982.91170.700.009030          0 0 0          0 0 0  9  5  5        8  2  6      666426837260783049    19.0   17.0
 11  492.301434 2.813E-28 7.646E-02.07040.333 4071.73340.640.007160          0 2 0          0 2 0  8  5  4        8  2  7      534223837294713152    51.0   51.0
 11  492.381159 5.615E-29 9.274E-02.07530.298 4260.35180.66-.000070          0 2 0          0 2 0 10  3  7       10  0 10      434233837294713152    21.0   21.0
 11  492.597994 2.709E-30 5.770E+01.03000.114 6623.79300.290.000000          0 0 0          0 0 0 26  2 25       25  1 24      3422308332917122 0   159.0  153.0
 11  492.968977 5.088E-24 1.707E+00.06940.342 2490.35410.620.012250          0 1 0          0 1 0  9  4  6        8  1  7      664223837294783152    19.0   17.0
 11  493.679954 2.529E-30 4.403E+01.02960.281 6200.89840.29-.001430          0 0 1          0 0 1 12  9  4       11  8  3      434233837294713152    25.0   23.0
 11  493.687512 7.587E-30 4.403E+01.02960.281 6200.89200.29-.001420          0 0 1          0 0 1 12  9  3       11  8  4      434233837294713152    75.0   69.0
 11  494.062324 2.636E-30 6.951E-04.09230.412 3974.63100.730.005570          0 0 1          0 0 1  5  5  1        4  0  4      534233837294713152    33.0   27.0
 11  494.067192 9.898E-31 1.801E-02.06380.323 4752.73290.620.000000          1 0 0          0 2 0 10  4  6       10  3  7      4333308387659336 0    21.0   21.0
 11  494.140858 4.594E-22 2.759E+01.04030.282 2433.80040.37-.000890          0 0 0          0 0 0 13  7  6       12  6  7      564426837260783049    81.0   75.0
 11  494.171055 2.727E-27 1.928E+01.06230.235 4638.35060.58-.007500          0 1 0          0 1 0 15  6 10       14  5  9      434223837294713152    31.0   29.0
 11  494.173450 2.119E-30 5.975E+00.07140.265 5841.86270.670.011840          0 0 1          0 0 1 13  5  8       12  4  9      434233837294713152    27.0   25.0
 11  494.278572 2.771E-29 3.179E+01.01980.150 5987.87750.120.006250          0 0 0          0 0 0 22  6 17       21  5 16      344233833260713049   135.0  129.0
 11  494.364897 3.202E-29 1.099E-03.09690.434 3392.74930.74-.004030          0 0 1          0 2 0  2  2  0        3  2  1      534243837294713152    15.0   21.0
 11  494.591157 1.921E-29 3.530E+00.07700.298 5246.80010.72-.015480          0 2 0          1 0 0 11  7  5       10  4  6      434233837294713152    23.0   21.0
 11  494.689684 4.099E-29 1.856E+00.07360.315 4939.79420.670.013710          0 0 1          0 0 1 10  5  6        9  2  7      534233837294713152    21.0   19.0
 11  494.781384 1.980E-29 1.755E-03.08720.391 3482.48020.68-.009900          0 0 1          0 2 0  4  1  4        5  1  5      534243837294713152     9.0   11.0
 11  494.848729 1.369E-30 2.175E+01.04060.183 6272.74710.410.013490          0 1 0          0 1 0 19  6 14       18  5 13      334233837294713152    39.0   37.0
 11  495.163621 3.027E-29 2.018E+01.04710.195 5835.28640.460.012480          0 1 0          0 1 0 18  6 13       17  5 12      434233837294713152   111.0  105.0
 11  495.249923 2.908E-25 4.101E+01.03550.216 3770.72440.36-.001800          0 1 0          0 1 0 11  8  4       10  7  3      564223837294783152    23.0   21.0
 11  495.264962 8.724E-25 4.100E+01.03540.216 3770.71130.35-.001770          0 1 0          0 1 0 11  8  3       10  7  4      564223837294783152    69.0   63.0
 11  495.644471 6.536E-29 1.904E-03.08940.391 3478.98650.70-.009430          0 0 1          0 2 0  4  0  4        5  0  5      534223837294713152    27.0   33.0
 11  495.951187 3.452E-28 2.534E+01.06330.281 5300.17820.60-.010500          0 2 0          0 2 0 12  6  7       11  5  6      434223837294713152    75.0   69.0
 11  496.076570 3.487E-30 4.225E-03.08480.371 4350.69930.72-.004030          1 0 0          0 0 1  7  6  1        6  2  4      534233837294713152    45.0   39.0
 11  496.139678 6.996E-29 1.929E+01.05150.208 5415.48850.480.007910          0 1 0          0 1 0 17  6 12       16  5 11      434233837294713152    35.0   33.0
 11  496.179919 5.339E-25 3.137E+01.04300.275 3833.14440.41-.004450          0 1 0          0 1 0 12  7  6       11  6  5      564223837294783152    75.0   69.0
 11  496.310190 1.362E-27 1.903E+01.05540.221 5015.70410.51-.000190          0 1 0          0 1 0 16  6 11       15  5 10      434223837294713152    99.0   93.0
 11  496.430486 1.621E-30 6.575E+01.01270.298 6355.73630.04-.000480          0 0 1          0 0 1 11 11  0       10 10  1      434233837294713152    23.0   21.0
 11  496.430486 4.864E-30 6.576E+01.01270.298 6355.73630.04-.000490          0 0 1          0 0 1 11 11  1       10 10  0      434233837294713152    69.0   63.0
 11  496.445305 1.615E-28 9.391E-02.07700.371 4199.39090.670.005010          1 0 0          1 0 0  7  5  2        6  2  5      534233837294713152    45.0   39.0
 11  496.554587 4.917E-30 1.124E-04.04570.221 3443.19190.51-.011870          0 1 0          0 0 0 14  1 13       15  6 10      574233837260713049    29.0   31.0
 11  496.947167 1.562E-30 4.955E+00.07160.315 5812.38450.62-.000510          0 3 0          0 3 0 10  3  7        9  2  8      434233837294713152    21.0   19.0
 11  497.244020 1.789E-25 3.152E+01.04150.281 3832.25180.39-.002140          0 1 0          0 1 0 12  7  5       11  6  6      564223837294713152    25.0   23.0
 11  497.288713 1.371E-28 1.271E+00.07360.315 4837.69960.670.013710          1 0 0          1 0 0 10  5  6        9  2  7      434233837294713152    63.0   57.0
 11  497.495188 3.085E-29 6.562E-01.07160.298 5027.07400.630.000310          1 0 0          0 2 0 11  4  7       10  5  6      434233837294713152    69.0   63.0
 11  497.653283 5.023E-30 1.384E-03.05210.235 3939.74650.570.011210          0 1 0          0 1 0 13  6  8       14  1 13      434233837294713152    27.0   29.0
 11  498.057031 1.118E-29 1.138E-03.09360.434 3387.68070.72-.003850          0 0 1          0 2 0  2  2  1        3  2  2      534243837294713152     5.0    7.0
 11  498.083639 3.815E-30 3.402E+01.03420.265 6301.87330.32-.002700          0 0 1          0 0 1 13  8  6       12  7  5      434233837294713152    81.0   75.0
 11  498.126756 1.284E-24 1.490E-02.08480.359 1908.01630.710.002590          0 1 0          0 1 0  5  5  0        4  2  3      764223837294783152    33.0   27.0
 11  498.306461 8.266E-30 2.705E-02.07230.352 4353.23140.620.005310          0 0 1          1 0 0  8  4  5        7  2  6      534233837294713152    17.0   15.0
 11  498.317227 1.919E-29 3.710E-02.08540.315 4493.80440.720.002400          1 0 0          0 2 0  9  4  5        9  3  6      534243837294713152    57.0   57.0
 11  498.512363 2.381E-30 5.634E-02.03800.333 5008.96250.39-.008950          0 0 1          0 2 0  9  7  3        8  7  2      434233837294713152    57.0   51.0
 11  498.519583 7.968E-31 5.657E-02.03220.285 5008.96280.600.000000          0 0 1          0 2 0  9  7  2        8  7  1      4333308387659336 0    19.0   17.0
 11  498.527430 8.999E-25 1.420E-01.06720.395 2629.33450.66-.009600          0 0 0          0 0 0 13  8  5       13  5  8      564426837260783049    81.0   81.0
 11  498.648236 1.274E-30 3.407E+01.03390.265 6301.40720.32-.002320          0 0 1          0 0 1 13  8  5       12  7  6      434233837294713152    27.0   25.0
 11  498.692297 1.144E-30 7.678E-03.08040.333 4523.58900.68-.004390          0 0 1          1 0 0  9  3  6        8  1  7      534233837294713152    19.0   17.0
 11  498.888574 3.256E-24 6.517E-02.08680.414 2053.96870.730.001270          0 1 0          0 1 0  6  5  2        5  2  3      764223837294783152    39.0   33.0
 11  498.896612 6.466E-28 6.934E-05.06700.250 2533.79320.650.004800          0 0 0          0 0 0 12  9  4       13  4  9      534423837260713049    75.0   81.0
 11  499.082039 7.290E-28 4.570E+01.03330.315 5229.57890.33-.001910          0 2 0          0 2 0 10  8  3        9  7  2      434223837294713152    63.0   57.0
 11  499.084144 2.430E-28 4.570E+01.03330.315 5229.57700.33-.001890          0 2 0          0 2 0 10  8  2        9  7  3      434233837294713152    21.0   19.0
 11  499.312121 6.441E-30 7.667E-01.05880.195 5466.40250.600.013560          0 1 0          0 1 0 17  6 11       17  3 14      434233837294713152   105.0  105.0
 11  499.469906 2.918E-30 1.358E-09.06860.333 1131.77560.620.000000          0 0 0          0 0 0  9  6  4        8  4  4     q6422308079917122 0    19.0   17.0
 11  499.492767 1.423E-29 8.389E+00.07140.265 5742.03690.670.011840          1 0 0          1 0 0 13  5  8       12  4  9      434233837294713152    81.0   75.0
 11  500.018324 1.356E-30 2.354E-03.08300.371 4195.81810.690.000810          1 0 0          0 0 1  7  5  3        6  1  6      534233837294713152    15.0   13.0
 11  500.035037 2.363E-24 1.762E-01.04740.268 2248.06450.490.013400          0 0 0          0 0 0 13  6  8       13  3 11      564426837260783049    27.0   27.0
 11  500.436588 1.309E-30 3.786E-04.08580.352 4052.83690.72-.011070          0 0 1          0 2 0  7  3  5        7  3  4      534233837294713152    45.0   45.0
 11  500.621758 3.416E-23 9.207E-02.05260.284 1774.75110.530.011220          0 0 0          0 0 0 12  5  8       12  2 11      564426837260783049    75.0   75.0
 11  500.660580 2.394E-30 2.672E-04.03970.208 4006.07320.45-.015500          0 1 0          0 0 0 15  2 13       16  7 10      474233837260713049    93.0   99.0
 11  500.878683 1.080E-24 1.920E-01.04410.278 2426.19650.440.010550          0 0 0          0 0 0 13  7  7       13  4 10      564426837260783049    27.0   27.0
 11  501.572349 2.234E-22 5.819E+01.01960.156 2471.25500.15-.001330          0 0 0          0 0 0 11 10  2       10  9  1      564426837260783049    23.0   21.0
 11  501.572363 6.703E-22 5.820E+01.01960.156 2471.25500.15-.001330          0 0 0          0 0 0 11 10  1       10  9  2      564426837260783049    69.0   63.0
 11  502.065747 2.402E-30 6.551E-03.06640.391 4257.78670.64-.023410          0 0 1          1 0 0  6  6  1        5  4  2      534233837294713152    13.0   11.0
 11  502.141828 3.200E-30 1.460E-03.03570.172 4331.06670.440.010740          0 0 0          0 0 0 18  7 12       19  2 17      434233837260713049   111.0  117.0
 11  502.144742 6.544E-30 7.018E-09.06460.315 1340.88490.600.000000          0 0 0          0 0 0 11  4  8        9  4  6     q5422308079917122 0    23.0   19.0
 11  502.152568 5.626E-24 2.207E-04.08480.374  542.90580.720.004240          0 0 0          0 0 0  6  6  0        6  1  5      764426807260783049    13.0   13.0
 11  502.193530 2.368E-25 2.218E+01.05210.292 3940.51940.480.009860          0 1 0          0 1 0 13  6  7       12  5  8      564223837294783152    81.0   75.0
 11  502.256403 1.754E-20 1.924E+00.06010.324 1079.07960.550.011880          0 0 0          0 0 0 10  4  7        9  1  8      667426807260783049    63.0   57.0
 11  502.399139 1.069E-26 1.182E+00.07810.323 3879.33620.680.010010          0 2 0          0 2 0  8  4  5        7  1  6      564223837294783152    51.0   45.0
 11  502.527209 2.923E-29 5.735E-02.07630.315 4493.80440.680.001310          0 2 0          0 2 0  9  6  3        9  3  6      534233837294713152    57.0   57.0
 11  502.532939 7.746E-27 1.193E-01.07230.281 3535.87040.67-.003960          0 1 0          0 1 0 11  7  4       11  4  7      534223837294713152    69.0   69.0
 11  502.550910 4.568E-30 2.478E-01.06000.315 4971.26070.58-.013110          0 2 0          1 0 0 10  7  3        9  4  6      434233837294713152    21.0   19.0
 11  502.575523 8.324E-31 8.228E-02.09090.443 4961.68660.720.000000          0 3 0          0 3 0  5  4  2        4  1  3      4333308387659336 0    11.0    9.0
 11  502.611084 4.002E-31 4.310E+01.01400.161 6707.7172-.300.000000          0 0 0          0 0 0 24  4 20       23  5 19      3333308387659336 0    49.0   47.0
 11  502.662139 1.180E-28 2.580E+01.05030.281 5293.79080.460.004710          0 2 0          0 2 0 12  6  6       11  5  7      434233837294713152    25.0   23.0
 11  502.932172 1.378E-25 6.482E+01.01520.123 3994.26020.10-.000650          0 1 0          0 1 0 10 10  0        9  9  1      464223837294783152    21.0   19.0
 11  502.932172 4.133E-25 6.480E+01.01520.123 3994.26020.10-.000650          0 1 0          0 1 0 10 10  1        9  9  0      464223837294783152    63.0   57.0
 11  503.041794 5.887E-28 3.567E+01.04300.298 5238.38530.42-.002300          0 2 0          0 2 0 11  7  4       10  6  5      434223837294713152    69.0   63.0
 11  503.109097 7.622E-30 2.400E-02.01340.161 4738.63380.05-.004630          0 1 0          0 0 0 19  0 19       20  3 18      474233837260713049   117.0  123.0
 11  503.119553 2.553E-30 2.412E-02.01340.161 4738.62170.05-.004630          0 1 0          0 0 0 19  1 19       20  2 18      474233837260713049    39.0   41.0
 11  503.185178 2.224E-29 6.584E-01.04450.172 5199.59660.430.011360          0 0 0          0 0 0 19  9 10       19  6 13      434233837260713049   117.0  117.0
 11  503.967525 5.572E-24 9.246E-01.06470.334 2337.46330.570.006230          0 1 0          0 1 0  9  3  7        8  0  8      564223837294783152    19.0   17.0
 11  503.971283 1.784E-28 3.238E+01.04370.298 5237.42000.42-.003070          0 2 0          0 2 0 11  7  5       10  6  4      434233837294713152    23.0   21.0
 11  504.031068 5.706E-30 1.095E-02.08330.333 4488.09050.71-.000150          1 0 0          0 0 1  9  4  5        8  0  8      534233837294713152    57.0   51.0
 11  504.289240 1.091E-26 1.174E+00.07070.353 3895.25290.61-.002380          0 2 0          0 2 0  9  2  7        8  1  8      564223837294783152    57.0   51.0
 11  504.383074 6.800E-22 9.435E+00.07140.411 2124.95140.670.011840          0 0 0          0 0 0 13  5  8       12  4  9      564426837260783049    81.0   75.0
 11  504.735413 2.706E-30 4.767E-04.05740.250 4052.81090.600.011120          0 1 0          0 1 0 12  8  5       13  3 10      534233837294713152    75.0   81.0
 11  504.790138 1.643E-28 3.003E-09.08870.412  383.84250.710.000000          0 0 0          0 0 0  6  5  1        4  3  1     q7422308079917122 0    13.0    9.0
 11  504.944893 1.476E-30 2.513E+01.03970.250 6444.63510.360.001860          0 0 1          0 0 1 14  7  7       13  6  8      434233837294713152    87.0   81.0
 11  505.124579 1.037E-29 4.439E+01.02960.281 6129.98380.29-.001430          1 0 0          1 0 0 12  9  4       11  8  3      434233837294713152    75.0   69.0
 11  505.127514 3.455E-30 4.437E+01.02960.281 6129.98120.29-.001420          1 0 0          1 0 0 12  9  3       11  8  4      434233837294713152    25.0   23.0
 11  505.245059 1.779E-29 4.477E+00.06700.281 5320.88900.600.004520          1 0 0          1 0 0 12  4  8       11  3  9      434233837294713152    25.0   23.0
 11  505.695384 1.908E-30 3.549E+01.03420.265 6221.62310.32-.002700          1 0 0          1 0 0 13  8  6       12  7  5      434233837294713152    27.0   25.0
 11  505.926512 5.727E-30 3.550E+01.03390.265 6221.43130.32-.002320          1 0 0          1 0 0 13  8  5       12  7  6      434233837294713152    81.0   75.0
 11  505.939791 6.486E-29 4.527E-04.06370.265 3144.56920.630.007420          0 1 0          0 1 0 11  5  7       12  0 12      534233837294713152    23.0   25.0
 11  506.081859 4.993E-28 3.036E-09.08870.412  382.51690.710.000000          0 0 0          0 0 0  6  5  2        4  3  2     q7422308079917122 0    39.0   27.0
 11  506.116587 5.267E-31 2.488E-02.04480.259 4958.93670.490.000000          1 0 0          1 0 0 11  4  8       11  1 11      4333308387659336 0    23.0   23.0
 11  506.123721 5.880E-27 2.176E-06.08180.315 1282.91910.740.000460          0 0 0          0 0 0  8  8  1        9  3  6      634426837260713049    51.0   57.0
 11  506.181515 3.028E-30 5.605E-10.07810.371  888.63270.670.000000          0 0 0          0 0 0  7  7  1        6  5  1     q7422308079917122 0    15.0   13.0
 11  506.215464 9.086E-30 5.606E-10.07810.371  888.59880.670.000000          0 0 0          0 0 0  7  7  0        6  5  2     q7422308079917122 0    45.0   39.0
 11  506.742541 9.660E-31 3.582E+01.01400.161 6476.8312-.300.000000          0 0 0          0 0 0 23  6 18       22  5 17      3333308387659336 0    47.0   45.0
 11  506.886886 1.152E-30 5.875E-04.09230.412 3875.01710.730.005570          1 0 0          1 0 0  5  5  1        4  0  4      534233837294713152    11.0    9.0
 11  506.924061 8.980E-21 1.086E-01.07500.366  552.91140.670.005010          0 0 0          0 0 0  7  5  2        6  2  5      767426837240783049    45.0   39.0
 11  507.171905 8.087E-31 1.252E-02.07260.352 4689.32860.650.000000          0 0 1          1 0 0  9  5  4        8  3  5      5333308387659336 0    19.0   17.0
 11  507.251895 1.151E-28 3.515E-09.07810.371  542.90580.670.000000          0 0 0          0 0 0  8  3  5        6  1  5     q7422308079917122 0    17.0   13.0
 11  507.511729 6.030E-30 1.372E+00.07310.281 5524.56920.68-.016490          0 2 0          1 0 0 12  7  6       11  4  7      434233837294713152    75.0   69.0
 11  507.922142 9.697E-23 2.730E+01.04680.304 2756.41530.45-.009520          0 0 0          0 0 0 14  7  8       13  6  7      564426837260783049    87.0   81.0
 11  508.241050 3.573E-30 6.956E-03.07600.333 4488.09050.680.002850          0 2 0          0 0 1  9  6  3        8  0  8      534233837294713152    57.0   51.0
 11  508.474129 2.099E-30 1.375E-09.06460.315 1216.23130.600.000000          0 0 0          0 0 0 10  5  5        9  3  7     q5422308079917122 0    21.0   19.0
 11  508.674483 9.617E-30 1.474E-09.06860.333 1122.70850.620.000000          0 0 0          0 0 0  9  6  3        8  4  5     q6422308079917122 0    57.0   51.0
 11  508.682786 5.319E-30 1.003E-02.07300.352 4232.38430.620.001080          0 0 1          1 0 0  8  3  6        7  1  7      534233837294713152    17.0   15.0
 11  508.840042 1.121E-30 5.566E+01.02310.281 6405.51720.21-.001210          0 0 1          0 0 1 12 10  3       11  9  2      434233837294713152    25.0   23.0
 11  508.840265 3.362E-30 5.564E+01.02310.281 6405.51700.21-.001210          0 0 1          0 0 1 12 10  2       11  9  3      434233837294713152    75.0   69.0
 11  508.970235 3.075E-28 4.028E-01.06010.221 4506.73380.590.006180          0 1 0          0 1 0 15  5 10       15  2 13      434223837294713152    93.0   93.0
 11  508.981933 9.374E-27 1.576E-01.05430.281 3323.26980.530.011220          0 1 0          0 1 0 11  6  6       11  3  9      534223837294713152    23.0   23.0
 11  509.162008 8.324E-31 1.798E-03.07390.352 4259.87640.650.000000          1 0 0          0 2 0  8  4  4        8  3  5      5333308387659336 0    17.0   17.0
 11  509.213995 3.071E-26 1.887E-06.08000.283  885.60020.720.001950          0 0 0          0 0 0  7  7  0        8  2  7      764426807260783049    45.0   51.0
 11  509.336245 1.037E-28 7.793E-01.06070.315 4559.75200.54-.001780          1 0 0          1 0 0 10  2  8        9  1  9      434233837294713152    21.0   19.0
 11  509.435287 4.361E-30 4.846E+01.02080.298 6079.97800.19-.021430          0 2 0          1 0 0 11 10  2       10  9  1      434233837294713152    23.0   21.0
 11  509.435295 1.308E-29 4.845E+01.02080.298 6079.97800.19-.021420          0 2 0          1 0 0 11 10  1       10  9  2      434233837294713152    69.0   63.0
 11  509.611337 1.880E-28 7.728E-01.06070.315 4661.44850.54-.001780          0 0 1          0 0 1 10  2  8        9  1  9      534233837294713152    63.0   57.0
 11  510.296552 2.276E-29 3.812E-05.06470.235 2880.83420.630.001440          0 1 0          0 0 0 13  1 13       14  4 10      574233837260713049    27.0   29.0
 11  510.305264 2.094E-26 8.813E-06.07400.287 1080.38540.690.002910          0 0 0          0 0 0  8  7  1        9  2  8      764426807260783049    17.0   19.0
 11  510.424629 4.542E-22 4.795E+01.02960.214 2522.26520.29-.001430          0 0 0          0 0 0 12  9  4       11  8  3      564426837260783049    75.0   69.0
 11  510.429063 1.514E-22 4.795E+01.02960.214 2522.26130.29-.001420          0 0 0          0 0 0 12  9  3       11  8  4      564426837260783049    25.0   23.0
 11  510.584118 8.189E-22 4.655E+00.06700.405 1695.06860.600.004520          0 0 0          0 0 0 12  4  8       11  3  9      564426837260783049    25.0   23.0
 11  510.667621 1.136E-30 9.859E-04.06920.371 4016.05280.63-.014980          1 0 0          0 2 0  6  5  1        6  4  2      534233837294713152    13.0   13.0
 11  510.742106 9.581E-31 1.479E+01.05130.255 6194.30320.520.000000          1 0 0          1 0 0 14  6  8       13  5  9      4333308387659336 0    29.0   27.0
 11  510.804125 3.053E-30 6.476E-09.06460.315 1474.98080.600.000000          0 0 0          0 0 0 11  5  7        9  5  5     q5422308079917122 0    23.0   19.0
 11  511.099217 2.093E-26 1.236E-03.08470.371 2041.78050.700.004170          0 1 0          0 1 0  6  5  1        6  0  6      764223837294713152    13.0   13.0
 11  511.204785 3.402E-30 9.834E-04.06590.371 4015.51510.59-.013680          1 0 0          0 2 0  6  5  2        6  4  3      534233837294713152    39.0   39.0
 11  511.535164 1.383E-28 2.625E-09.08330.391  416.20870.690.000000          0 0 0          0 0 0  7  4  4        5  2  4     q7422308079917122 0    15.0   11.0
 11  511.692742 1.638E-30 1.314E-02.08100.352 4527.94940.70-.000800          1 0 0          0 0 1  8  6  2        7  2  5      534233837294713152    17.0   15.0
 11  511.699967 4.015E-30 1.081E-02.08050.391 4248.15250.72-.000670          0 0 1          0 0 1  6  6  1        5  3  2      534233837294713152    13.0   11.0
 11  511.847883 3.697E-23 3.050E-03.07680.334  744.06370.680.005220          0 0 0          0 0 0  8  5  3        8  0  8      764426807260783049    17.0   17.0
 11  511.980457 4.876E-23 1.253E-03.07890.328  704.21410.690.004590          0 0 0          0 0 0  7  6  1        7  1  6      764426837260783049    45.0   45.0
 11  512.068065 4.550E-31 1.488E-07.04000.278 2471.25500.480.000000          0 1 0          0 0 0  9  4  6       10  9  1      5333308387659336 0    19.0   21.0
 11  512.278861 2.823E-29 3.953E+00.06700.281 5421.26760.600.004520          0 0 1          0 0 1 12  4  8       11  3  9      534233837294713152    75.0   69.0
 11  512.402393 6.930E-30 4.170E-03.08410.391 4165.47380.71-.003310          1 0 0          0 0 1  6  6  1        5  2  4      534233837294713152    39.0   33.0
 11  512.663253 3.162E-30 4.813E-09.06460.315 1631.38300.600.000000          0 0 0          0 0 0 11  6  5        9  6  3     q5422308079917122 0    69.0   57.0
 11  512.709364 1.545E-28 2.124E+00.06440.298 4926.34690.58-.003960          1 0 0          1 0 0 11  3  8       10  2  9      434233837294713152    69.0   63.0
 11  512.843645 8.261E-25 8.986E-02.06840.389 2300.68500.68-.009930          0 0 0          0 0 0 12  8  4       12  5  7      564426837260783049    25.0   25.0
 11  512.850824 1.580E-24 1.854E-01.08410.370 2211.19060.710.002500          0 1 0          0 1 0  7  5  3        6  2  4      664223837294783152    15.0   13.0
 11  512.917027 3.765E-30 6.347E-04.06890.391 3868.98700.65-.016890          1 0 0          0 2 0  5  5  0        5  4  1      534233837294713152    33.0   33.0
 11  513.014716 5.891E-27 1.968E-04.05570.235 2073.51500.590.007300          0 0 0          0 0 0 13  5  9       14  0 14      534426837260713049    27.0   29.0
 11  513.031062 1.254E-30 6.341E-04.06780.391 3868.87300.64-.017030          1 0 0          0 2 0  5  5  1        5  4  2      534233837294713152    11.0   11.0
 11  513.102994 2.796E-29 2.555E+01.06760.265 5596.42470.64-.010310          0 2 0          0 2 0 13  6  8       12  5  7      434233807294713152    27.0   25.0
 11  513.314618 2.515E-28 5.689E+01.02380.315 5483.32320.22-.001670          0 2 0          0 2 0 10  9  2        9  8  1      434233837294713152    63.0   57.0
 11  513.314639 8.382E-29 5.688E+01.02380.315 5483.32310.22-.001670          0 2 0          0 2 0 10  9  1        9  8  2      434233837294713152    21.0   19.0
 11  513.392933 1.179E-25 5.335E+01.02750.176 3997.50860.27-.001510          0 1 0          0 1 0 11  9  3       10  8  2      464223837294783152    23.0   21.0
 11  513.393344 3.537E-25 5.335E+01.02750.176 3997.50830.27-.001510          0 1 0          0 1 0 11  9  2       10  8  3      464223837294783152    69.0   63.0
 11  513.441022 1.867E-30 8.193E-04.08640.371 3873.79370.72-.010560          0 0 1          0 2 0  6  3  4        6  3  3      534233837294713152    13.0   13.0
 11  513.826153 9.806E-31 6.714E-02.06130.305 5029.81050.620.000000          0 0 1          0 2 0 11  3  8       10  5  5      5333308387659336 0    23.0   21.0
 11  513.883855 8.142E-29 2.026E-03.09320.412 3381.70420.72-.008000          0 0 1          0 2 0  3  1  3        4  1  4      532230837294713152    21.0   27.0
 11  514.096529 1.827E-26 1.261E-01.05760.281 3136.41250.570.011440          0 1 0          0 1 0 11  5  7       11  2 10      564223837294713152    23.0   23.0
 11  514.098632 9.754E-30 7.456E-06.08180.333 2595.81290.730.003130          0 1 0          0 1 0  7  7  1        8  2  6      634233837294713152    15.0   17.0
 11  514.304694 2.584E-22 7.196E+01.01270.121 2701.88850.04-.000480          0 0 0          0 0 0 11 11  0       10 10  1      564426837260783049    69.0   63.0
 11  514.304694 8.614E-23 7.196E+01.01270.121 2701.88850.04-.000490          0 0 0          0 0 0 11 11  1       10 10  0      564426837260783049    23.0   21.0
 11  514.528640 6.204E-29 7.782E-01.05660.315 4661.42650.520.005280          0 0 1          0 0 1 10  3  8        9  0  9      434233837294713152    21.0   19.0
 11  514.698227 8.249E-23 3.818E+01.03420.276 2613.10460.32-.002700          0 0 0          0 0 0 13  8  6       12  7  5      564426837260783049    27.0   25.0
 11  514.737651 3.932E-30 1.767E-09.06460.315 1360.23530.600.000000          0 0 0          0 0 0 10  6  5        9  4  5     q6422308079917122 0    63.0   57.0
 11  514.758807 6.491E-29 1.804E-03.10350.434 3334.62660.75-.002420          0 0 1          0 2 0  2  1  1        3  1  2      532230837294713152    15.0   21.0
 11  514.768646 2.901E-25 1.245E+01.07140.335 3770.87890.670.011840          0 1 0          0 1 0 13  5  8       12  4  9      564223837294783152    81.0   75.0
 11  514.826437 2.289E-29 5.706E+01.01640.315 5749.91890.14-.020310          1 0 0          0 2 0 10 10  0        9  9  1      434233837294713152    21.0   19.0
 11  514.826437 6.867E-29 5.706E+01.01640.315 5749.91890.14-.020300          1 0 0          0 2 0 10 10  1        9  9  0      434233837294713152    63.0   57.0
 11  514.911238 4.708E-23 1.784E+01.05610.321 2586.52970.530.014160          0 0 0          0 0 0 14  6  8       13  5  9      564426837260783049    29.0   27.0
 11  515.062113 2.479E-22 3.824E+01.03390.273 2612.79980.32-.002320          0 0 0          0 0 0 13  8  5       12  7  6      564426837260783049    81.0   75.0
 11  515.211730 2.033E-29 4.484E-02.08080.333 4259.87640.72-.000780          0 2 0          0 2 0  8  6  2        8  3  5      534233837294713152    17.0   17.0
 11  515.399746 5.476E-29 1.126E-01.06630.315 4268.24090.620.009100          0 2 0          0 2 0  9  5  5        9  2  8      434233837294713152    19.0   19.0
 11  515.531354 2.876E-29 2.093E-03.09640.412 3375.29800.73-.009070          0 0 1          0 2 0  3  0  3        4  0  4      534223837294713152     7.0    9.0
 11  515.548377 1.635E-29 1.459E-02.07750.391 4244.30470.70-.000180          0 0 1          0 0 1  6  6  0        5  3  3      534233837294713152    39.0   33.0
 11  515.667875 7.443E-30 6.350E-09.05070.265 1557.84770.510.000000          0 0 0          0 0 0 14  1 14       12  1 12     q5422308079917122 0    87.0   75.0
 11  515.671110 2.481E-30 6.350E-09.05070.265 1557.84440.510.000000          0 0 0          0 0 0 14  0 14       12  0 12     q5422308079917122 0    29.0   25.0
 11  515.912028 2.623E-23 2.760E-02.05860.301 1327.11760.570.006350          0 0 0          0 0 0 11  4  8       11  1 11      564426837260783049    23.0   23.0
 11  516.053163 3.716E-31 2.962E-03.07290.355 4523.58900.630.000000          1 0 0          1 0 0  8  6  2        8  1  7      4333308387659336 0    17.0   17.0
 11  516.077031 3.007E-29 2.052E+00.06440.298 5027.55960.58-.003960          0 0 1          0 0 1 11  3  8       10  2  9      534233837294713152    23.0   21.0
 11  516.378671 1.378E-29 7.943E-09.06000.298 1446.12830.570.000000          0 0 0          0 0 0 12  3 10       10  3  8     q6422308079917122 0    75.0   63.0
 11  516.558376 3.080E-28 7.909E-01.05660.315 4559.70760.520.005280          1 0 0          1 0 0 10  3  8        9  0  9      434223837294713152    63.0   57.0
 11  516.740882 2.031E-30 7.265E-11.07810.371  542.90580.670.000000          0 0 0          0 0 0  7  5  3        6  1  5     q7422308079917122 0    15.0   13.0
 11  516.797316 8.724E-21 1.829E+00.07360.346 1201.92150.670.013710          0 0 0          0 0 0 10  5  6        9  2  7      666426837260783049    63.0   57.0
 11  516.833108 1.308E-25 1.983E-05.07180.289 1114.54990.670.004280          0 0 0          0 0 0  9  6  3       10  1 10      664426837260783049    57.0   63.0
 11  516.953880 6.228E-26 2.255E-05.06860.271 1293.63410.670.004030          0 0 0          0 0 0  9  7  2       10  2  9      664426837260783049    57.0   63.0
 11  516.986478 5.061E-27 6.833E-02.07640.298 3253.73800.72-.004040          0 1 0          0 1 0 10  7  3       10  4  6      534223837294713152    21.0   21.0
 11  517.189898 1.946E-30 4.607E+01.02960.265 6489.03890.28-.001640          0 0 1          0 0 1 13  9  5       12  8  4      434233837294713152    81.0   75.0
 11  517.223163 6.509E-31 4.623E+01.04080.268 6489.01090.530.000000          0 0 1          0 0 1 13  9  4       12  8  5      4333308387659336 0    27.0   25.0
 11  517.238122 3.027E-30 7.137E-09.05570.281 1525.13600.550.000000          0 0 0          0 0 0 13  2 12       11  2 10     q5422308079917122 0    27.0   23.0
 11  517.462699 9.119E-30 7.162E-09.05570.281 1524.84790.550.000000          0 0 0          0 0 0 13  1 12       11  1 10     q6422308079917122 0    81.0   69.0
 11  517.563223 5.383E-29 5.357E-01.08340.315 4837.69960.710.003130          0 0 1          1 0 0 10  4  6        9  2  7      434233837294713152    63.0   57.0
 11  517.758576 5.179E-21 8.311E-01.06070.337  920.21000.54-.001780          0 0 0          0 0 0 10  2  8        9  1  9      666426837260783049    21.0   19.0
 11  517.781388 4.453E-26 3.248E+01.04380.265 4125.59900.41-.006580          0 1 0          0 1 0 13  7  7       12  6  6      564223837294713152    27.0   25.0
 11  518.224609 2.701E-30 1.575E-02.06830.352 4457.81870.60-.008510          0 0 1          1 0 0  8  5  4        7  3  5      534233837294713152    17.0   15.0
 11  518.313955 8.647E-25 2.400E-01.04100.265 2746.02350.410.012600          0 0 0          0 0 0 14  7  8       14  4 11      564426837260783049    87.0   87.0
 11  518.414694 3.384E-23 2.847E+01.03970.273 2748.09960.360.001860          0 0 0          0 0 0 14  7  7       13  6  8      564426837260783049    29.0   27.0
 11  518.553476 2.338E-29 5.800E-04.06940.235 3655.48510.66-.000090          0 1 0          0 1 0 13  4  9       14  1 14      534233837294713152    81.0   87.0
 11  519.084337 6.871E-31 1.385E-01.05460.303 5229.57700.600.000000          0 0 1          0 2 0 10  7  4        9  7  3      4333308387659336 0    21.0   19.0
 11  519.119551 2.047E-30 1.376E-01.04010.315 5229.57890.41-.010350          0 0 1          0 2 0 10  7  3        9  7  2      434233837294713152    63.0   57.0
 11  519.142900 2.485E-25 4.291E+01.03550.281 4038.40340.35-.002140          0 1 0          0 1 0 12  8  5       11  7  4      564223837294713152    75.0   69.0
 11  519.203356 8.286E-26 4.292E+01.03530.281 4038.35150.34-.002020          0 1 0          0 1 0 12  8  4       11  7  5      564223837294713152    25.0   23.0
 11  519.406977 1.372E-25 4.326E-02.06460.298 2705.13960.610.006790          0 1 0          0 1 0 10  4  7       10  1 10      564223837294713152    63.0   63.0
 11  519.589356 7.535E-21 2.275E+00.06440.330 1293.63410.58-.003960          0 0 0          0 0 0 11  3  8       10  2  9      667426837260783049    69.0   63.0
 11  519.677506 1.414E-29 1.690E+00.07140.265 5399.33130.690.014520          0 2 0          1 0 0 13  5  8       12  2 11      434233837294713152    81.0   75.0
 11  519.969262 5.160E-30 7.244E-01.05130.161 5292.10220.550.015970          0 0 0          0 0 0 20  7 13       20  4 16      434233837260713049    41.0   41.0
 11  519.989758 6.859E-27 1.698E-01.06370.250 3654.04890.61-.000390          0 1 0          0 1 0 13  4  9       13  1 12      534223837294713152    81.0   81.0
 11  520.020267 6.144E-23 6.371E-04.09230.402  222.05280.730.005570          0 0 0          0 0 0  5  5  1        4  0  4      764426807260783049    11.0    9.0
 11  520.140577 3.766E-25 6.054E+00.06700.355 3323.26980.600.004520          0 1 0          0 1 0 12  4  8       11  3  9      564223837294783152    25.0   23.0
 11  520.271517 4.606E-29 4.802E-01.04650.183 4735.84490.440.001110          0 0 0          0 0 0 18  9  9       18  6 12      434233837260713049    37.0   37.0
 11  520.585441 1.355E-25 3.289E+01.04030.265 4123.28530.37-.000890          0 1 0          0 1 0 13  7  6       12  6  7      564223837294713152    81.0   75.0
 11  520.726171 4.434E-30 2.457E-01.08700.391 5090.03870.710.006100          0 3 0          0 3 0  6  4  3        5  1  4      434233837294713152    39.0   33.0
 11  520.853492 2.121E-30 6.019E+01.01270.298 6264.74530.04-.000490          1 0 0          1 0 0 11 11  1       10 10  0      434233837294713152    23.0   21.0
 11  520.853492 6.364E-30 6.020E+01.01270.298 6264.74530.04-.000480          1 0 0          1 0 0 11 11  0       10 10  1      434233837294713152    69.0   63.0
 11  521.032858 2.261E-29 3.949E-02.08100.371 4408.02880.72-.001340          0 0 1          0 0 1  7  6  2        6  3  3      534233837294713152    45.0   39.0
 11  521.243950 1.667E-30 4.859E-09.04670.250 1806.67000.470.000000          0 0 0          0 0 0 14  2 13       13  0 13     q5422308079917122 0    87.0   81.0
 11  521.437193 4.583E-31 6.863E+01.01540.270 6623.67100.410.000000          0 0 1          0 0 1 12 11  2       11 10  1      4333308387659336 0    25.0   23.0
 11  521.437196 1.371E-30 6.843E+01.01650.281 6623.67100.10-.001030          0 0 1          0 0 1 12 11  1       11 10  2      434233837294713152    75.0   69.0
 11  521.573703 1.560E-29 1.331E-03.08550.391 3722.73100.71-.008650          0 0 1          0 2 0  5  3  3        5  3  2      534243837294713152    33.0   33.0
 11  521.697910 1.036E-29 7.692E-09.06460.315 1477.29740.600.000000          0 0 0          0 0 0 11  5  6        9  5  4     q5422308079917122 0    69.0   57.0
 11  521.705026 6.721E-31 2.086E+00.05650.273 5841.86270.550.000000          1 0 0          0 0 1 13  6  8       12  4  9      4333308387659336 0    27.0   25.0
 11  522.238843 5.173E-30 8.772E-09.06000.298 1437.96860.570.000000          0 0 0          0 0 0 12  2 10       10  2  8     q5422308079917122 0    25.0   21.0
 11  522.532505 1.507E-27 1.933E-04.06420.221 2358.30170.64-.002100          0 0 0          0 0 0 14  4 10       15  1 15      534426837260713049    29.0   31.0
 11  522.740365 6.068E-24 2.700E+01.05170.310 3101.44100.50-.012350          0 0 0          0 0 0 15  7  9       14  6  8      464426837260783049    31.0   29.0
 11  523.050053 7.587E-30 1.668E-04.10710.480 3175.44120.760.010810          1 0 0          0 2 0  1  1  0        1  0  1      534223837294713152     9.0    9.0
 11  523.269829 5.638E-24 5.314E-02.06670.371 1998.99530.67-.009670          0 0 0          0 0 0 11  8  3       11  5  6      564426837260783049    69.0   69.0
 11  523.307911 3.140E-30 1.757E-06.05710.265 2613.10460.59-.009960          0 1 0          0 0 0 11  2 10       12  7  5      574233837260713049    23.0   25.0
 11  523.364072 7.744E-29 4.742E+01.03550.298 5473.81160.36-.001800          0 2 0          0 2 0 11  8  4       10  7  3      434233837294713152    23.0   21.0
 11  523.372967 2.323E-28 4.742E+01.03540.298 5473.80320.35-.001770          0 2 0          0 2 0 11  8  3       10  7  4      434233837294713152    69.0   63.0
 11  523.863068 3.427E-30 5.155E-02.08070.315 4918.23470.69-.001440          0 0 1          1 0 0 10  5  5        9  3  6      534233837294713152    63.0   57.0
 11  523.938111 2.054E-29 1.216E-02.08050.391 4153.93810.72-.000670          1 0 0          1 0 0  6  6  1        5  3  2      534233837294713152    39.0   33.0
 11  523.948746 4.547E-29 1.377E+01.05210.265 5587.51870.480.009860          0 2 0          0 2 0 13  6  7       12  5  8      434233837294713152    81.0   75.0
 11  524.691415 9.331E-29 1.806E-01.07370.352 4452.35280.650.007110          0 0 1          0 0 1  8  5  3        7  2  6      534233837294713152    51.0   45.0
 11  524.908933 1.257E-30 1.373E-04.05670.208 3758.39680.570.007070          0 0 0          0 0 0 15 10  6       16  5 11      434233837260713049    31.0   33.0
 11  525.165191 5.716E-26 4.675E-02.06920.281 2915.87430.63-.002170          0 1 0          0 1 0 11  3  8       11  0 11      564223837294713152    69.0   69.0
 11  525.959896 1.546E-20 8.503E-01.05660.330  920.16840.520.005280          0 0 0          0 0 0 10  3  8        9  0  9      667426837260783049    63.0   57.0
 11  526.074895 1.671E-29 2.377E+01.06760.250 5919.00880.64-.009620          0 2 0          0 2 0 14  6  9       13  5  8      434233837294713152    87.0   81.0
 11  526.140908 6.059E-29 1.916E-02.08200.352 4052.83690.73-.001180          0 2 0          0 2 0  7  6  1        7  3  4      534233837294713152    45.0   45.0
 11  526.343550 1.884E-22 6.066E+01.02310.172 2740.42090.21-.001210          0 0 0          0 0 0 12 10  3       11  9  2      564426837260783049    75.0   69.0
 11  526.343670 6.280E-23 6.066E+01.02310.172 2740.42080.21-.001210          0 0 0          0 0 0 12 10  2       11  9  3      564426837260783049    25.0   23.0
 11  526.421763 1.093E-29 1.902E-03.08410.412 3598.72690.69-.007720          0 0 1          0 2 0  4  3  2        4  3  1      534243837294713152     9.0    9.0
 11  526.575468 5.616E-29 3.734E+01.04150.281 5505.62260.39-.002140          0 2 0          0 2 0 12  7  5       11  6  6      434233837294713152    25.0   23.0
 11  526.826149 3.560E-29 6.740E-04.05520.183 3647.46130.59-.003280          0 0 0          0 0 0 17  5 12       18  2 17      434233837260713049   105.0  111.0
 11  526.879987 3.489E-31 5.408E-09.05830.303 1810.58330.600.000000          0 1 0          0 0 0  8  0  8        9  7  3      6333308387659336 0    17.0   19.0
 11  526.907489 1.632E-28 3.613E+01.04300.281 5505.17340.41-.004450          0 2 0          0 2 0 12  7  6       11  6  5      434233837294713152    75.0   69.0
 11  527.040431 5.133E-24 4.492E-01.08090.385 2392.59250.700.005180          0 1 0          0 1 0  8  5  4        7  2  5      764223837294783152    51.0   45.0
 11  527.126928 1.652E-30 8.580E-03.06850.371 4401.94190.64-.022330          0 0 1          1 0 0  7  6  1        6  4  2      534233837294713152    15.0   13.0
 11  527.429561 5.712E-29 2.714E+00.06390.298 5171.05990.600.016490          0 0 1          0 0 1 11  5  7       10  2  8      534233837294713152    69.0   63.0
 11  527.431123 1.462E-30 1.971E-04.06490.265 3738.54320.650.008580          0 1 0          0 1 0 11  8  4       12  3  9      534233837294713152    23.0   25.0
 11  527.511344 1.116E-30 1.283E-07.07480.298 2471.25500.730.004330          0 1 0          0 0 0  9  4  5       10  9  2      574233837260713049    57.0   63.0
 11  527.589100 8.743E-30 1.544E-02.07750.391 4150.28730.70-.000180          1 0 0          1 0 0  6  6  0        5  3  3      534233837294713152    13.0   11.0
 11  527.790031 1.305E-30 3.675E+01.03310.250 6532.02000.30-.003510          1 0 0          1 0 0 14  8  7       13  7  6      434233837294713152    87.0   81.0
 11  527.861119 2.358E-26 3.525E-02.07660.315 2998.76630.72-.003740          0 1 0          0 1 0  9  7  2        9  4  5      564223837294713152    57.0   57.0
 11  528.290515 4.317E-26 6.712E+01.01960.298 4240.94210.15-.001330          0 1 0          0 1 0 11 10  2       10  9  1      464223837294713152    23.0   21.0
 11  528.290521 1.295E-25 6.711E+01.01960.298 4240.94210.15-.001330          0 1 0          0 1 0 11 10  1       10  9  2      464223837294713152    69.0   63.0
 11  528.445844 8.807E-30 1.656E+00.07070.333 5414.12680.61-.002380          0 3 0          0 3 0  9  2  7        8  1  8      434233837294713152    57.0   51.0
 11  528.455361 4.370E-31 3.691E+01.04630.256 6531.47820.510.000000          1 0 0          1 0 0 14  8  6       13  7  7      4333308387659336 0    29.0   27.0
 11  528.503302 2.169E-30 1.096E-04.10570.456 3221.96120.760.006910          1 0 0          0 2 0  2  1  1        2  0  2      534223837294713152     5.0    5.0
 11  528.597369 3.342E-29 1.945E-03.08340.412 3597.86600.68-.002650          0 0 1          0 2 0  4  3  1        4  3  2      534243837294713152    27.0   27.0
 11  528.659621 5.724E-30 1.477E-03.08490.391 3719.49290.70-.000890          0 0 1          0 2 0  5  3  2        5  3  3      534233837294713152    11.0   11.0
 11  528.727101 9.230E-25 5.316E-02.08100.366 2024.15260.690.003480          0 1 0          0 1 0  6  5  1        5  2  4      764223837294783152    13.0   11.0
 11  528.751562 2.067E-23 3.548E-03.07320.321  882.89030.670.005760          0 0 0          0 0 0  8  6  2        8  1  7      764426837260783049    17.0   17.0
 11  528.799258 2.095E-28 8.228E+00.06700.281 4922.09000.600.004520          0 2 0          0 2 0 12  4  8       11  3  9      434233837294713152    25.0   23.0
 11  528.890908 4.787E-29 5.259E-02.08340.352 4332.91230.710.005390          0 0 1          0 0 1  8  4  4        7  1  7      534233837294713152    51.0   45.0
 11  529.002084 1.100E-28 4.843E-09.07810.371  602.77350.670.000000          0 0 0          0 0 0  8  4  4        6  2  4     q7422308079917122 0    17.0   13.0
 11  529.232680 1.322E-26 4.175E-05.06380.255 1525.13600.650.005320          0 0 0          0 0 0 10  7  3       11  2 10      564426837260783049    21.0   23.0
 11  529.385837 4.854E-24 8.860E-02.08470.371 2042.75330.700.005580          0 1 0          0 1 0  7  4  3        6  1  6      664223837294713152    45.0   39.0
 11  529.431134 6.091E-29 2.849E-03.08090.434 3500.63870.67-.006420          0 0 1          0 2 0  3  3  1        3  3  0      532230837294713152    21.0   21.0
 11  529.456498 1.264E-28 1.490E+01.07140.265 5389.55230.670.011840          0 2 0          0 2 0 13  5  8       12  4  9      434233837294713152    81.0   75.0
 11  529.498250 6.731E-30 9.965E-04.07340.371 3864.96610.62-.005520          1 0 0          0 2 0  6  4  3        6  3  4      534233837294713152    39.0   39.0
 11  529.579048 3.327E-24 2.775E-02.06470.315 1724.70540.66-.008100          0 0 0          0 0 0 10  8  2       10  5  5      564426837260783049    21.0   21.0
 11  529.795382 2.033E-29 2.855E-03.08060.434 3500.51070.67-.004780          0 0 1          0 2 0  3  3  0        3  3  1      534243837294713152     7.0    7.0
 11  529.848555 3.381E-30 1.514E-04.10500.480 3196.09340.76-.007780          1 0 0          0 2 0  2  0  2        1  1  1      534233837294713152     5.0    3.0
 11  530.304295 4.329E-29 1.286E-08.06460.315 1282.91910.600.000000          0 0 0          0 0 0 11  3  8        9  3  6     q6422308079917122 0    69.0   57.0
 11  530.375085 5.806E-31 5.088E-04.07890.379 4033.61450.670.000000          1 0 0          0 2 0  7  4  4        7  3  5      5333308387659336 0    15.0   15.0
 11  530.854612 8.483E-30 1.155E-09.07340.352 1059.83550.650.000000          0 0 0          0 0 0  8  7  2        7  5  2     q7422308079917122 0    51.0   45.0
 11  530.861405 9.807E-27 2.016E-01.05080.265 3592.42390.510.012820          0 1 0          0 1 0 12  6  7       12  3 10      534223837294713152    75.0   75.0
 11  530.934583 3.440E-30 1.442E-03.04920.221 4243.10960.550.010980          0 1 0          0 1 0 14  6  9       15  1 14      534233837294713152    87.0   93.0
 11  531.044052 2.834E-30 1.158E-09.07340.352 1059.64670.650.000000          0 0 0          0 0 0  8  7  1        7  5  3     q7422308079917122 0    17.0   15.0
 11  531.097473 1.840E-28 6.632E-04.04290.195 3291.14860.510.009210          0 0 0          0 0 0 16  6 11       17  1 16      434433837260713049    99.0  105.0
 11  531.386412 4.931E-30 3.288E-02.07730.333 4725.06220.680.005240          1 0 0          0 0 1  9  6  3        8  2  6      534233837294713152    57.0   51.0
 11  531.464649 2.223E-30 1.177E-06.06430.265 2613.10460.66-.006120          0 1 0          0 0 0 12  0 12       12  7  5      574233837260713049    25.0   25.0
 11  531.566250 7.670E-29 6.326E-02.07020.315 4068.93110.640.006660          0 2 0          0 2 0  9  4  6        9  1  9      534233837294713152    19.0   19.0
 11  531.978095 4.399E-29 1.316E+01.05680.265 5579.48930.560.020000          0 2 0          1 0 0 13  6  7       12  3 10      434233837294713152    81.0   75.0
 11  532.072373 1.098E-30 1.594E+00.07600.250 5919.00880.73-.032150          0 0 1          0 2 0 14  3 11       13  5  8      434233837294713152    87.0   81.0
 11  532.343253 1.092E-30 2.644E-01.06980.281 5293.79080.62-.012080          1 0 0          0 2 0 12  4  8       11  5  7      434233837294713152    25.0   23.0
 11  532.443196 2.864E-29 2.529E+00.06390.298 5069.08830.600.016490          1 0 0          1 0 0 11  5  7       10  2  8      434233837294713152    23.0   21.0
 11  532.507725 1.248E-23 1.163E-02.06460.288 1477.29740.66-.005610          0 0 0          0 0 0  9  8  1        9  5  4      664426837260783049    57.0   57.0
 11  532.551740 1.701E-26 2.250E+01.05610.250 4252.44820.530.014160          0 1 0          0 1 0 14  6  8       13  5  9      464223837294713152    29.0   27.0
 11  533.131296 2.871E-24 3.066E-03.06690.275 1255.91160.69-.004000          0 0 0          0 0 0  8  8  0        8  5  3      664426837260783049    17.0   17.0
 11  533.191921 2.986E-24 2.622E+01.05620.322 3472.88130.55-.013510          0 0 0          0 0 0 16  7 10       15  6  9      464426837260783049    99.0   93.0
 11  533.268927 1.269E-29 1.262E+00.07290.352 5256.84530.620.006920          0 3 0          0 3 0  8  3  6        7  0  7      434233837294713152    51.0   45.0
 11  533.352203 1.697E-24 1.925E-01.04390.256 2551.48350.460.013190          0 0 0          0 0 0 14  6  9       14  3 12      564426837260783049    87.0   87.0
 11  533.363857 1.092E-29 5.129E-03.08280.371 3873.79370.73-.001230          0 2 0          0 2 0  6  6  0        6  3  3      534233837294713152    13.0   13.0
 11  533.572636 1.044E-27 7.324E-02.08680.391 3482.48020.710.005320          0 2 0          0 2 0  6  4  2        5  1  5      534223837294713152    13.0   11.0
 11  533.585591 2.918E-29 2.192E-03.09790.434 3299.99110.74-.006930          0 0 1          0 2 0  2  1  2        3  1  3      534243837294713152     5.0    7.0
 11  533.624999 4.429E-30 2.569E-01.05520.298 5207.80210.53-.011970          0 2 0          1 0 0 11  7  4       10  4  7      434233837294713152    69.0   63.0
 11  533.876083 8.634E-24 3.070E-03.06590.268 1255.16680.69-.003730          0 0 0          0 0 0  8  8  1        8  5  4      664426837260783049    51.0   51.0
 11  534.251852 3.825E-23 5.012E+01.02960.221 2813.52870.28-.001640          0 0 0          0 0 0 13  9  5       12  8  4      564326837260783049    27.0   25.0
 11  534.271187 1.148E-22 5.015E+01.02950.221 2813.51220.28-.001620          0 0 0          0 0 0 13  9  4       12  8  5      564326837260783049    81.0   75.0
 11  534.380473 1.427E-30 4.761E-01.05300.208 5415.48850.510.012810          0 1 0          0 1 0 16  8  8       16  5 11      434233837294713152    33.0   33.0
 11  534.417655 3.139E-30 8.974E-02.07380.315 4816.99090.670.007600          1 0 0          0 0 1 10  5  5        9  1  8      534233837294713152    21.0   19.0
 11  534.593521 5.179E-28 4.216E-01.05270.183 4201.25140.540.008050          0 0 0          0 0 0 18  6 12       18  3 15      434223837260713049    37.0   37.0
 11  534.597349 1.213E-29 2.077E-02.06520.371 4394.46430.61-.021930          0 0 1          1 0 0  7  6  2        6  4  3      534233837294713152    45.0   39.0
 11  534.605374 8.698E-27 1.479E-02.07540.333 2771.69010.72-.003290          0 1 0          0 1 0  8  7  1        8  4  4      534223837294713152    17.0   17.0
 11  534.768032 2.539E-28 2.038E-05.07220.265 2205.65270.69-.000290          0 0 0          0 0 0 11  9  3       12  4  8      534433837260713049    23.0   25.0
 11  534.824230 4.190E-24 1.168E-02.06150.275 1474.98080.64-.004460          0 0 0          0 0 0  9  8  2        9  5  5      564426837260783049    19.0   19.0
 11  535.520311 1.086E-30 2.440E+01.06230.235 6267.88180.58-.007500          0 2 0          0 2 0 15  6 10       14  5  9      434233837294713152    31.0   29.0
 11  535.564938 1.015E-23 2.797E-02.05740.277 1718.71880.59-.005080          0 0 0          0 0 0 10  8  3       10  5  6      564426837260783049    63.0   63.0
 11  535.664288 1.198E-29 1.387E-01.08120.352 4586.68320.72-.001330          0 0 1          0 0 1  8  6  3        7  3  4      534233837294713152    17.0   15.0
 11  535.727430 1.323E-29 1.224E-10.08870.412  222.05280.710.000000          0 0 0          0 0 0  6  4  2        4  0  4     q7422308079917122 0    13.0    9.0
 11  535.914338 1.722E-30 1.878E-04.09290.412 3495.93920.73-.001950          1 0 0          0 2 0  4  3  1        4  2  2      534243837294713152     9.0    9.0
 11  535.970542 9.851E-29 2.360E-03.10240.434 3289.24250.75-.009540          0 0 1          0 2 0  2  0  2        3  0  3      532230837294713152    15.0   21.0
 11  536.143028 8.619E-29 2.096E+00.05170.298 5027.25670.480.010270          0 0 1          0 0 1 11  4  8       10  1  9      534233837294713152    69.0   63.0
 11  536.172717 4.172E-29 1.555E-01.07370.352 4353.23140.650.007110          1 0 0          1 0 0  8  5  3        7  2  6      434233837294713152    17.0   15.0
 11  536.215133 7.170E-29 1.514E-09.07810.371  446.69660.670.000000          0 0 0          0 0 0  8  2  6        6  0  6     q7422308079917122 0    17.0   13.0
 11  536.245891 1.337E-21 1.665E-02.08050.349  508.81210.72-.000670          0 0 0          0 0 0  6  6  1        5  3  2      764326837260783049    39.0   33.0
 11  536.464997 6.985E-30 9.699E-11.07340.352  586.24350.650.000000          0 0 0          0 0 0  8  4  5        7  0  7     q7422308079917122 0    51.0   45.0
 11  536.466689 7.409E-24 2.278E+00.06010.320 2688.07990.550.011880          0 1 0          0 1 0 10  4  7        9  1  8      564223837294783152    63.0   57.0
 11  536.476428 1.938E-24 5.373E-02.05300.276 1985.78490.54-.004220          0 0 0          0 0 0 11  8  4       11  5  7      564426837260783049    23.0   23.0
 11  536.611168 3.540E-24 2.846E+00.06440.336 2904.42840.58-.003960          0 1 0          0 1 0 11  3  8       10  2  9      564223837294783152    69.0   63.0
 11  536.654196 2.541E-29 5.273E-02.08340.352 4232.38430.710.005390          1 0 0          1 0 0  8  4  4        7  1  7      534233837294713152    17.0   15.0
 11  536.839873 3.638E-30 4.963E+01.02450.281 6346.10810.24-.020100          0 2 0          1 0 0 12 10  3       11  9  2      434233837294713152    75.0   69.0
 11  536.839945 1.213E-30 4.964E+01.02450.281 6346.10810.24-.020100          0 2 0          1 0 0 12 10  2       11  9  3      434233837294713152    25.0   23.0
 11  536.946119 5.540E-23 3.965E+01.03310.267 2927.94130.30-.003510          0 0 0          0 0 0 14  8  7       13  7  6      564426837260783049    87.0   81.0
 11  537.383016 2.322E-30 2.956E-03.08710.391 4076.14330.710.005010          0 0 1          0 0 1  6  5  2        5  0  5      534233837294713152    13.0   11.0
 11  537.510181 2.938E-26 3.321E+01.04680.250 4442.71290.45-.009520          0 1 0          0 1 0 14  7  8       13  6  7      564223837294713152    87.0   81.0
 11  537.538164 6.900E-30 5.628E+01.02080.298 5996.63780.19-.021430          1 0 0          0 2 0 11 10  2       10  9  1      434233837294713152    23.0   21.0
 11  537.538166 2.070E-29 5.628E+01.02080.298 5996.63780.19-.021420          1 0 0          0 2 0 11 10  1       10  9  2      434233837294713152    69.0   63.0
 11  537.659254 2.322E-27 1.897E+00.06940.333 4062.83810.620.012250          0 2 0          0 2 0  9  4  6        8  1  7      534223837294713152    19.0   17.0
 11  537.710379 2.626E-29 5.825E+01.02750.298 5728.66110.27-.001510          0 2 0          0 2 0 11  9  3       10  8  2      434233837294713152    23.0   21.0
 11  537.710578 7.880E-29 5.827E+01.02750.298 5728.66100.27-.001510          0 2 0          0 2 0 11  9  2       10  8  3      434233837294713152    69.0   63.0
 11  537.772427 1.592E-26 3.918E-03.07520.352 2572.13920.72-.002390          0 1 0          0 1 0  7  7  0        7  4  3      664223837294713152    45.0   45.0
 11  537.843711 1.001E-25 5.566E+01.02960.281 4265.97630.29-.001430          0 1 0          0 1 0 12  9  4       11  8  3      464223837294713152    75.0   69.0
 11  537.845933 3.336E-26 5.565E+01.02960.281 4265.97440.29-.001420          0 1 0          0 1 0 12  9  3       11  8  4      464223837294713152    25.0   23.0
 11  537.994780 1.856E-23 3.982E+01.03250.260 2927.07520.29-.002340          0 0 0          0 0 0 14  8  6       13  7  7      564426837260783049    29.0   27.0
 11  538.139320 2.583E-24 9.025E-02.04830.282 2275.37290.49-.001960          0 0 0          0 0 0 12  8  5       12  5  8      564426837260783049    75.0   75.0
 11  538.562310 1.622E-29 5.550E-02.08100.371 4308.21130.72-.001340          1 0 0          1 0 0  7  6  2        6  3  3      534233837294713152    15.0   13.0
 11  538.686537 1.216E-30 1.013E-04.09600.412 3438.57500.73-.003520          0 0 1          0 2 0  4  1  4        4  1  3      534233837294713152     9.0    9.0
 11  538.756457 4.674E-30 1.261E-10.06860.333  744.16270.620.000000          0 0 0          0 0 0  9  3  6        8  1  8     q7422308079917122 0    57.0   51.0
 11  538.772843 2.960E-29 1.318E-08.06460.315 1360.23530.600.000000          0 0 0          0 0 0 11  4  7        9  4  5     q6422308079917122 0    69.0   57.0
 11  538.833894 2.975E-29 2.808E+01.04160.161 5680.78720.410.012870          0 0 0          0 0 0 21  7 15       20  6 14      344233833260713049    43.0   41.0
 11  538.986679 7.676E-28 3.471E-01.05140.195 4291.90720.50-.008040          0 0 0          0 0 0 17  9  8       17  6 11      434223837260713049   105.0  105.0
 11  539.142641 1.449E-25 2.532E+01.05700.331 3870.20170.56-.012690          0 0 0          0 0 0 17  7 11       16  6 10      464426837260783049    35.0   33.0
 11  539.228246 1.122E-30 4.540E-08.07150.315 2225.46920.710.001040          0 1 0          0 0 0  8  4  5        9  9  0      572230837260713049    51.0   57.0
 11  539.266493 4.838E-29 2.178E+00.05170.298 4925.78680.480.010270          1 0 0          1 0 0 11  4  8       10  1  9      434233837294713152    23.0   21.0
 11  539.562715 1.446E-30 3.117E-01.04060.298 5473.80320.41-.016020          0 0 1          0 2 0 11  7  5       10  7  4      434233837294713152    69.0   63.0
 11  539.577496 7.170E-23 7.469E+01.01650.143 2972.82740.10-.001030          0 0 0          0 0 0 12 11  2       11 10  1      564326837260783049    75.0   69.0
 11  539.577499 2.390E-23 7.469E+01.01650.143 2972.82740.10-.001030          0 0 0          0 0 0 12 11  1       11 10  2      564326837260783049    25.0   23.0
 11  539.632501 8.089E-28 2.580E+01.04450.172 5199.59660.420.005700          0 0 0          0 0 0 20  7 14       19  6 13      434223837260713049   123.0  117.0
 11  539.698925 4.776E-31 3.090E-01.04360.281 5473.81160.580.000000          0 0 1          0 2 0 11  7  4       10  7  3      4333308387659336 0    23.0   21.0
 11  539.820667 9.148E-30 3.083E+01.03630.150 6177.35190.360.013390          0 0 0          0 0 0 22  7 16       21  6 15      344233833260713049   135.0  129.0
 11  540.147764 1.462E-26 8.219E+01.01270.298 4497.19240.04-.000490          0 1 0          0 1 0 11 11  1       10 10  0      464223837294713152    23.0   21.0
 11  540.147764 4.387E-26 8.221E+01.01270.298 4497.19240.04-.000480          0 1 0          0 1 0 11 11  0       10 10  1      464223837294713152    69.0   63.0
 11  540.316098 6.498E-26 2.816E-01.03830.258 3083.86520.390.013320          0 0 0          0 0 0 15  7  9       15  4 12      464426837260783049    31.0   31.0
 11  540.403563 5.345E-27 3.930E-03.07230.352 2569.50800.70-.001850          0 1 0          0 1 0  7  7  1        7  4  4      634223837294713152    15.0   15.0
 11  540.957440 2.345E-27 2.487E+01.04820.183 4735.84490.46-.002130          0 0 0          0 0 0 19  7 13       18  6 12      434426837260713049    39.0   37.0
 11  541.090243 4.476E-22 1.660E-02.07750.352  503.96810.70-.000180          0 0 0          0 0 0  6  6  0        5  3  3      764326807260783049    13.0   11.0
 11  541.112626 1.521E-29 3.981E-02.06610.333 4525.96410.580.005660          0 0 1          1 0 0  9  4  6        8  2  7      434233837294713152    57.0   51.0
 11  541.273076 3.095E-25 1.377E-01.04370.279 2586.52970.440.001080          0 0 0          0 0 0 13  8  6       13  5  9      564426837260783049    27.0   27.0
 11  541.301312 5.744E-26 2.476E+01.05330.325 4291.90720.51-.009210          0 0 0          0 0 0 18  7 12       17  6 11      464426837260783049   111.0  105.0
 11  541.511101 1.833E-30 5.873E-01.08330.371 5240.06960.700.007250          0 3 0          0 3 0  7  4  4        6  1  5      434233837294713152    15.0   13.0
 11  541.597721 2.656E-26 1.489E-02.06770.333 2764.69740.66-.002150          0 1 0          0 1 0  8  7  2        8  4  5      564223837294713152    51.0   51.0
 11  541.635587 1.890E-29 1.957E-03.10630.456 3255.34600.76-.003290          0 0 1          0 2 0  1  1  0        2  1  1      534243837294713152     3.0    5.0
 11  541.663573 1.928E-30 1.206E-04.10440.504 3151.63000.750.009800          1 0 0          0 2 0  1  1  1        0  0  0      534223837294713152     3.0    1.0
 11  541.834067 1.045E-29 5.308E-02.07370.371 4387.23480.670.000230          0 0 1          0 0 1  7  6  1        6  3  4      534233837294713152    15.0   13.0
 11  542.080241 3.287E-29 5.075E-03.07800.371 3864.96610.700.000370          0 2 0          0 2 0  6  6  1        6  3  4      534233837294713152    39.0   39.0
 11  542.141619 3.285E-27 1.204E+00.06470.333 3894.79890.570.006230          0 2 0          0 2 0  9  3  7        8  0  8      534223837294713152    19.0   17.0
 11  542.452260 2.098E-26 4.481E+01.03420.265 4329.49580.32-.002700          0 1 0          0 1 0 13  8  6       12  7  5      464223837294713152    27.0   25.0
 11  542.595327 6.454E-30 1.867E-04.09210.434 3392.74930.73-.002060          1 0 0          0 2 0  3  3  0        3  2  1      534223837294713152    21.0   21.0
 11  542.654560 6.301E-26 4.485E+01.03390.265 4329.32430.32-.002320          0 1 0          0 1 0 13  8  5       12  7  6      464223837294713152    81.0   75.0
 11  542.703918 1.667E-30 3.530E-03.08000.352 4232.38430.690.002650          0 2 0          1 0 0  8  6  2        7  1  7      534233837294713152    17.0   15.0
 11  543.062741 1.003E-30 1.554E-04.08550.371 3864.96610.710.001300          0 0 1          0 2 0  6  3  3        6  3  4      534233837294713152    39.0   39.0
 11  543.301788 8.102E-27 3.549E-02.06280.315 2983.32310.61-.001880          0 1 0          0 1 0  9  7  3        9  4  6      534223837294713152    19.0   19.0
 11  543.524220 7.220E-26 2.701E-03.08040.352 2180.64290.690.004460          0 1 0          0 1 0  7  5  2        7  0  7      664223837294713152    45.0   45.0
 11  543.615423 8.881E-30 1.083E-08.06000.298 1581.33600.570.000000          0 0 0          0 0 0 12  4  9       10  4  7     q6422308079917122 0    75.0   63.0
 11  543.662895 1.440E-24 9.603E-01.07860.360 2595.81290.700.009030          0 1 0          0 1 0  9  5  5        8  2  6      664223837294783152    19.0   17.0
 11  543.846153 7.576E-29 1.471E-01.06220.298 4483.22780.590.010660          0 2 0          0 2 0 10  5  6       10  2  9      534233837294713152    63.0   63.0
 11  544.069496 1.010E-26 3.411E+01.03970.250 4437.39980.360.001860          0 1 0          0 1 0 14  7  7       13  6  8      464223837294713152    29.0   27.0
 11  544.155627 2.985E-24 9.522E-02.04750.259 2042.37410.490.010220          0 0 0          0 0 0 13  5  9       13  2 12      564426837260783049    27.0   27.0
 11  544.260410 1.976E-23 2.906E+01.04000.282 3084.83570.370.005970          0 0 0          0 0 0 15  7  8       14  6  9      564426837260783049    93.0   87.0
 11  545.267751 2.103E-29 1.937E-02.07310.352 4033.61450.670.000980          0 2 0          0 2 0  7  6  2        7  3  5      534233837294713152    15.0   15.0
 11  545.296394 1.667E-21 7.159E-02.08340.380  586.47920.710.005390          0 0 0          0 0 0  8  4  4        7  1  7      764326807260783049    17.0   15.0
 11  545.492610 1.129E-30 1.693E-01.08200.298 5169.03920.710.005110          0 0 1          1 0 0 11  5  6       10  3  7      434233837294713152    23.0   21.0
 11  545.999664 5.102E-30 3.012E-01.06370.250 5235.95880.61-.000390          0 2 0          0 2 0 13  4  9       13  1 12      434233837294713152    81.0   81.0
 11  546.022726 2.603E-24 1.055E+00.06070.337 2512.37570.54-.001780          0 1 0          0 1 0 10  2  8        9  1  9      564223837294783152    21.0   19.0
 11  546.164737 1.570E-26 6.764E-02.05750.298 3224.54660.560.000260          0 1 0          0 1 0 10  7  4       10  4  7      564223837294713152    63.0   63.0
 11  546.220936 3.484E-31 4.328E-08.04950.277 2225.46920.570.000000          0 1 0          0 0 0  8  4  4        9  9  1      5333308387659336 0    17.0   19.0
 11  546.303330 2.373E-21 1.860E-01.07370.355  709.60820.650.007110          0 0 0          0 0 0  8  5  3        7  2  6      765326807260783049    17.0   15.0
 11  546.642485 2.764E-25 1.949E-01.03950.275 2918.24490.390.004510          0 0 0          0 0 0 14  8  7       14  5 10      564426837260783049    87.0   87.0
 11  547.123091 6.573E-29 4.908E+01.03550.281 5741.42710.35-.002140          0 2 0          0 2 0 12  8  5       11  7  4      434233837294713152    75.0   69.0
 11  547.154604 1.816E-26 6.234E-05.05970.257 1774.75110.630.006690          0 0 0          0 0 0 11  7  4       12  2 11      564426837260783049    69.0   75.0
 11  547.159070 2.190E-29 4.906E+01.03530.281 5741.39130.34-.002020          0 2 0          0 2 0 12  8  4       11  7  5      434233837294713152    25.0   23.0
 11  547.301083 3.472E-29 3.386E-01.08000.333 4792.34030.71-.000800          0 0 1          0 0 1  9  6  4        8  3  5      534233837294713152    57.0   51.0
 11  547.341054 2.854E-26 2.207E-01.05460.292 3211.05580.55-.000150          0 0 0          0 0 0 16  5 11       16  2 14      464426837260783049    33.0   33.0
 11  547.530507 2.282E-30 1.964E-04.08910.434 3387.68070.71-.000250          1 0 0          0 2 0  3  3  1        3  2  2      534243837294713152     7.0    7.0
 11  547.816315 1.397E-21 2.805E+00.06390.323 1437.96860.600.016490          0 0 0          0 0 0 11  5  7       10  2  8      664326837260783049    23.0   21.0
 11  548.023513 8.268E-24 2.737E-02.06170.296 1557.84440.59-.002990          0 0 0          0 0 0 12  3  9       12  0 12      564426837260783049    25.0   25.0
 11  548.344222 1.935E-26 2.487E-05.06860.283 1327.11760.660.005360          0 0 0          0 0 0 10  6  4       11  1 11      564426837260783049    21.0   23.0
 11  548.774403 6.886E-30 2.441E-04.08640.412 3482.06450.690.000840          1 0 0          0 2 0  4  3  2        4  2  3      534223837294713152    27.0   27.0
 11  549.133922 1.393E-29 3.801E+01.04380.265 5796.45300.41-.006580          0 2 0          0 2 0 13  7  7       12  6  6      434233837294713152    27.0   25.0
 11  549.156523 1.715E-30 6.963E+01.01270.298 6318.91810.04-.000490          0 2 0          0 2 0 11 11  1       10 10  0      434233837294713152    23.0   21.0
 11  549.156523 5.145E-30 6.963E+01.01270.298 6318.91810.04-.000480          0 2 0          0 2 0 11 11  0       10 10  1      434233837294713152    69.0   63.0
 11  549.393266 5.512E-29 4.531E-04.05980.250 3391.12620.610.007600          0 1 0          0 1 0 12  5  8       13  0 13      534233837294713152    75.0   81.0
 11  549.458512 6.915E-30 3.302E-02.06390.333 4643.99910.56-.003000          0 0 1          1 0 0  9  5  5        8  3  6      534233837294713152    57.0   51.0
 11  549.795346 4.283E-29 3.897E+01.04030.265 5796.12940.37-.000890          0 2 0          0 2 0 13  7  6       12  6  7      434233837294713152    81.0   75.0
 11  550.011492 2.318E-21 2.317E+00.05170.316 1293.01810.480.010270          0 0 0          0 0 0 11  4  8       10  1  9      665426837260783049    23.0   21.0
 11  550.194013 2.555E-23 8.997E+01.01080.110 3216.19320.60-.000340          0 0 0          0 0 0 12 12  1       11 11  0      46440683726078 049    75.0   69.0
 11  550.194013 8.516E-24 8.996E+01.01080.110 3216.19320.60-.000340          0 0 0          0 0 0 12 12  0       11 11  1      46440683726078 049    25.0   23.0
 11  550.210209 1.266E-30 4.254E-03.07950.371 4296.56340.69-.002860          1 0 0          0 0 1  7  6  2        6  2  5      534233837294713152    15.0   13.0
 11  550.218401 6.470E-29 4.507E-02.06780.333 4224.58650.630.002520          0 2 0          0 2 0  8  6  3        8  3  6      534233837294713152    51.0   51.0
 11  550.411757 9.243E-30 2.520E-03.08710.391 3976.30810.710.005010          1 0 0          1 0 0  6  5  2        5  0  5      434233837294713152    39.0   33.0
 11  550.684074 1.575E-23 6.324E+01.02500.185 3032.69040.23-.001210          0 0 0          0 0 0 13 10  4       12  9  3      564426837260783049    27.0   25.0
 11  550.684785 4.726E-23 6.325E+01.02500.185 3032.68980.23-.001210          0 0 0          0 0 0 13 10  3       12  9  4      564426837260783049    81.0   75.0
 11  550.952293 2.602E-27 1.119E-01.05240.281 3487.39920.510.003770          0 1 0          0 1 0 11  7  5       11  4  8      534223837294713152    23.0   23.0
 11  550.952700 6.377E-30 1.648E-10.07340.352  704.21410.650.000000          0 0 0          0 0 0  8  5  4        7  1  6     q7422308079917122 0    51.0   45.0
 11  551.023393 4.017E-28 4.553E-09.08330.391  508.81210.690.000000          0 0 0          0 0 0  7  5  2        5  3  2     q7422308079917122 0    45.0   33.0
 11  551.160027 2.056E-27 3.733E+00.06440.298 4483.22780.58-.003960          0 2 0          0 2 0 11  3  8       10  2  9      534223837294713152    69.0   63.0
 11  551.631578 2.957E-30 8.925E-09.04670.250 1806.67000.470.000000          0 0 0          0 0 0 15  0 15       13  0 13     q5422308079917122 0    93.0   81.0
 11  551.771354 1.826E-30 2.826E-04.08300.391 3598.51590.670.001430          1 0 0          0 2 0  5  3  3        5  2  4      534223837294713152    11.0   11.0
 11  551.871750 1.003E-30 8.312E+00.06550.250 6037.87490.620.011060          1 0 0          1 0 0 14  5  9       13  4 10      434233837294713152    29.0   27.0
 11  552.303442 4.769E-23 6.852E-03.06780.296 1079.07960.640.007340          0 0 0          0 0 0  9  6  3        9  1  8      664426807260783049    57.0   57.0
 11  552.650001 1.842E-29 3.318E-01.05460.221 5015.70410.510.002520          0 1 0          0 1 0 15  8  7       15  5 10      434233837294713152    93.0   93.0
 11  552.867039 2.395E-30 1.696E-09.06000.298 1446.12830.570.000000          0 0 0          0 0 0 11  5  6       10  3  8     q5422308079917122 0    69.0   63.0
 11  552.873082 1.565E-29 2.094E-06.08620.352 2181.08990.720.002540          0 1 0          0 1 0  6  6  0        7  1  7      634233837294713152    13.0   15.0
 11  552.950469 7.887E-25 9.659E-02.05800.292 2327.88380.58-.003500          0 0 0          0 0 0 14  4 10       14  1 13      564426837260783049    29.0   29.0
 11  552.995905 1.828E-30 1.110E-08.05570.281 1695.06860.550.000000          0 0 0          0 0 0 13  3 11       11  3  9     q5422308079917122 0    27.0   23.0
 11  553.162871 3.580E-30 9.941E-09.05070.265 1774.75110.510.000000          0 0 0          0 0 0 14  2 13       12  2 11     q5422308079917122 0    87.0   75.0
 11  553.239806 3.623E-26 6.970E+01.02310.281 4510.90160.21-.001210          0 1 0          0 1 0 12 10  3       11  9  2      464223837294713152    75.0   69.0
 11  553.239862 1.208E-26 6.972E+01.02310.281 4510.90150.21-.001210          0 1 0          0 1 0 12 10  2       11  9  3      464223837294713152    25.0   23.0
 11  553.454809 1.459E-29 2.061E-04.09930.456 3237.91730.74-.004770          1 0 0          0 2 0  3  0  3        2  1  2      534243837294713152    21.0   15.0
 11  553.642556 6.285E-30 2.638E+01.05610.250 5896.77300.530.014160          0 2 0          0 2 0 14  6  8       13  5  9      434233837294713152    29.0   27.0
 11  553.783568 6.740E-29 2.224E-03.10240.456 3237.91730.75-.004870          0 0 1          0 2 0  1  1  1        2  1  2      532230837294713152     9.0   15.0
 11  553.865995 4.905E-29 5.462E-02.07370.371 4292.90990.670.000230          1 0 0          1 0 0  7  6  1        6  3  4      534233837294713152    45.0   39.0
 11  554.113058 4.034E-30 4.671E-04.09420.412 3495.93920.73-.007040          0 0 1          0 2 0  4  2  3        4  2  2      534243837294713152     9.0    9.0
 11  554.139961 1.694E-26 1.382E-01.05260.265 3386.37950.530.011220          0 1 0          0 1 0 12  5  8       12  2 11      564223837294713152    75.0   75.0
 11  554.488045 2.086E-27 3.695E+01.05170.235 4784.99990.50-.012350          0 1 0          0 1 0 15  7  9       14  6  8      434223831894713152    31.0   29.0
 11  554.564592 1.750E-28 1.660E-02.08850.412 3495.93920.740.001040          0 2 0          0 2 0  5  5  1        4  2  2      534233837294713152    11.0    9.0
 11  554.635235 5.990E-29 1.501E-01.08120.352 4484.99220.72-.001330          1 0 0          1 0 0  8  6  3        7  3  4      534233837294713152    51.0   45.0
 11  554.636412 2.557E-23 1.731E+01.06000.337 2918.24490.580.015890          0 0 0          0 0 0 15  6  9       14  5 10      564426837260783049    93.0   87.0
 11  554.640855 8.429E-22 6.093E-02.08100.391  661.54890.72-.001340          0 0 0          0 0 0  7  6  2        6  3  3      764326837260783049    15.0   13.0
 11  554.671747 1.778E-30 1.824E-09.06860.333 1255.91160.620.000000          0 0 0          0 0 0  9  7  3        8  5  3     q5422308079917122 0    19.0   17.0
 11  554.958788 2.304E-26 2.584E-01.03600.259 3269.53980.350.007810          0 0 0          0 0 0 15  8  8       15  5 11      464426837260783049    31.0   31.0
 11  554.976262 5.206E-31 2.289E-06.03750.263 3032.69040.430.000000          0 1 0          0 0 0 12  2 10       12  9  3      5333308387659336 0    25.0   25.0
 11  555.421181 5.379E-30 1.837E-09.06860.333 1255.16680.620.000000          0 0 0          0 0 0  9  7  2        8  5  4     q6422308079917122 0    57.0   51.0
 11  555.678557 1.395E-28 4.704E-09.08330.391  503.96810.690.000000          0 0 0          0 0 0  7  5  3        5  3  3     q7422308079917122 0    15.0   11.0
 11  556.220427 5.838E-30 1.169E-08.05570.281 1690.66440.550.000000          0 0 0          0 0 0 13  2 11       11  2  9     q5422308079917122 0    81.0   69.0
 11  556.468727 4.879E-30 6.227E-05.07140.281 3441.03950.680.005460          0 1 0          0 1 0 10  8  3       11  3  8      534233837294713152    63.0   69.0
 11  556.544808 5.325E-30 6.411E-03.07890.352 4332.91230.680.000930          1 0 0          0 0 1  8  5  4        7  1  7      534233837294713152    51.0   45.0
 11  556.654031 4.475E-30 1.110E-08.06000.298 1718.71880.570.000000          0 0 0          0 0 0 12  5  8       10  5  6     q5422308079917122 0    75.0   63.0
 11  556.739115 4.154E-30 3.598E-04.07800.371 3736.17080.650.001480          1 0 0          0 2 0  6  3  4        6  2  5      534253837294713152    39.0   39.0
 11  556.924167 1.589E-28 5.747E-09.08870.412  488.13420.710.000000          0 0 0          0 0 0  6  6  0        4  4  0     q7422308079917122 0    13.0    9.0
 11  556.950247 4.770E-28 5.751E-09.08870.412  488.10770.710.000000          0 0 0          0 0 0  6  6  1        4  4  1     q7422308079917122 0    39.0   27.0
 11  557.025148 1.268E-27 2.493E-01.05590.208 3870.20170.56-.012770          0 0 0          0 0 0 16  9  7       16  6 10      434426837260713049    33.0   33.0
 11  557.129026 5.376E-23 3.624E-03.07450.340  920.16840.670.006140          0 0 0          0 0 0  9  5  4        9  0  9      664426837260783049    57.0   57.0
 11  557.199874 4.592E-23 9.195E+00.06550.370 2426.19650.620.011060          0 0 0          0 0 0 14  5  9       13  4 10      564426837260783049    29.0   27.0
 11  557.421011 1.219E-30 6.829E-02.07100.315 4939.79420.640.011070          1 0 0          0 0 1 10  6  4        9  2  7      534233837294713152    21.0   19.0
 11  557.531937 3.086E-29 2.862E-03.10610.456 3221.96120.76-.008900          0 0 1          0 2 0  1  0  1        2  0  2      534223837294713152     3.0    5.0
 11  557.546378 2.584E-23 5.230E+01.02840.239 3127.86190.25-.001870          0 0 0          0 0 0 14  9  6       13  8  5      564426837260783049    87.0   81.0
 11  557.616417 8.616E-24 5.231E+01.02830.239 3127.80280.25-.001810          0 0 0          0 0 0 14  9  5       13  8  6      564426837260783049    29.0   27.0
 11  557.678952 9.499E-28 2.395E-01.04740.250 3879.72080.490.013400          0 1 0          0 1 0 13  6  8       13  3 11      434223837294713152    27.0   27.0
 11  557.761908 1.552E-29 8.349E-02.06280.315 4436.94050.590.005310          0 2 0          0 2 0  9  6  4        9  3  7      534233837294713152    19.0   19.0
 11  557.984297 3.658E-24 4.082E+01.03290.262 3266.51420.29-.004900          0 0 0          0 0 0 15  8  8       14  7  7      464426837260783049    31.0   29.0
 11  558.039498 8.945E-29 4.542E-05.05700.250 2586.52970.58-.008130          0 1 0          0 0 0 12  0 12       13  5  9      574233837260713049    25.0   27.0
 11  558.281260 1.252E-30 2.252E-04.04470.221 3824.49850.47-.018620          0 1 0          0 0 0 14  3 11       15  8  8      474233837260713049    29.0   31.0
 11  558.357887 2.293E-30 2.562E-02.06440.352 4563.98960.59-.020750          0 0 1          1 0 0  8  6  3        7  4  4      534233837294713152    17.0   15.0
 11  558.398161 1.836E-29 3.038E-02.01500.172 4331.08920.07-.004990          0 1 0          0 0 0 18  0 18       19  3 17      474233837260713049    37.0   39.0
 11  558.421135 5.504E-29 3.036E-02.01500.172 4331.06670.07-.004990          0 1 0          0 0 0 18  1 18       19  2 17      474233837260713049   111.0  117.0
 11  558.445419 3.117E-27 1.671E-01.04790.265 3770.87890.470.007440          0 1 0          0 1 0 12  7  6       12  4  9      534223837294713152    75.0   75.0
 11  558.537007 8.790E-30 7.380E-01.07500.315 5022.28130.670.001910          0 0 1          0 0 1 10  6  5        9  3  6      534233837294713152    21.0   19.0
 11  558.863590 2.340E-28 1.780E-09.07810.371  447.25240.670.000000          0 0 0          0 0 0  8  3  6        6  1  6     q7422308079917122 0    51.0   39.0
 11  558.884445 5.565E-31 3.246E-05.09780.460 3299.99110.770.000000          1 0 0          0 2 0  3  2  2        3  1  3      5333308387659336 0     7.0    7.0
 11  559.207658 5.533E-30 3.770E-04.04240.221 3624.18130.47-.016360          0 1 0          0 0 0 14  2 12       15  7  9      474233837260713049    29.0   31.0
 11  559.215824 2.399E-27 1.911E-05.06410.281 1695.06860.660.003310          0 0 0          0 0 0 10  8  2       11  3  9      534426837260713049    21.0   23.0
 11  559.455678 7.836E-30 1.166E-04.10400.480 3175.44120.760.008890          1 0 0          0 2 0  2  1  2        1  0  1      534243837294713152    15.0    9.0
 11  559.527995 5.592E-30 5.578E+01.02450.281 6266.37160.24-.020100          1 0 0          0 2 0 12 10  3       11  9  2      434233837294713152    75.0   69.0
 11  559.528068 1.864E-30 5.578E+01.02450.281 6266.37150.24-.020100          1 0 0          0 2 0 12 10  2       11  9  3      434233837294713152    25.0   23.0
 11  559.758236 4.687E-27 4.176E-05.05870.265 1962.50690.630.004860          0 0 0          0 0 0 11  8  3       12  3 10      534426837260713049    69.0   75.0
 11  559.943508 3.743E-27 1.812E-04.05140.221 2358.30140.570.006650          0 0 0          0 0 0 14  5 10       15  0 15      534426837260713049    87.0   93.0
 11  560.443531 7.700E-24 1.090E+00.05660.324 2512.28290.520.005280          0 1 0          0 1 0 10  3  8        9  0  9      564223837294783152    63.0   57.0
 11  560.628303 5.586E-31 5.420E-03.04710.256 4643.38030.510.000000          0 2 0          0 1 0 14  0 14       13  7  7      4333308387659336 0    29.0   27.0
 11  560.660525 1.111E-23 4.125E+01.03150.260 3264.33740.27-.001740          0 0 0          0 0 0 15  8  7       14  7  8      564426837260783049    93.0   87.0
 11  560.961532 1.040E-29 2.409E-04.09980.434 3334.62660.74-.005080          0 0 1          0 2 0  3  1  3        3  1  2      534243837294713152    21.0   21.0
 11  561.093348 5.836E-29 1.382E-06.06860.281 2144.04630.65-.007410          0 1 0          0 0 0 10  1 10       11  6  5      574233837260713049    63.0   69.0
 11  561.163118 1.138E-29 3.898E+00.06850.265 5587.51870.63-.020960          1 0 0          0 2 0 13  4  9       12  5  8      434233837294713152    81.0   75.0
 11  561.575215 2.196E-29 5.958E+01.02960.281 5997.17620.29-.001430          0 2 0          0 2 0 12  9  4       11  8  3      434233837294713152    75.0   69.0
 11  561.575941 7.320E-30 5.958E+01.02960.281 5997.17560.29-.001420          0 2 0          0 2 0 12  9  3       11  8  4      434233837294713152    25.0   23.0
 11  561.730400 8.298E-30 5.276E-05.06140.221 3360.60020.61-.000380          0 0 0          0 0 0 14 10  5       15  5 10      434233837260713049    87.0   93.0
 11  561.819307 8.422E-27 5.806E+01.02960.265 4557.55490.28-.001640          0 1 0          0 1 0 13  9  5       12  8  4      434223837294713152    27.0   25.0
 11  561.829305 2.527E-26 5.807E+01.02950.265 4557.54630.28-.001620          0 1 0          0 1 0 13  9  4       12  8  5      464223837294713152    81.0   75.0
 11  561.940127 3.516E-30 5.015E-03.06490.333 4387.06290.57-.001750          0 0 1          1 0 0  9  3  7        8  1  8      534233837294713152    57.0   51.0
 11  562.201719 1.339E-30 4.037E-02.08990.412 4902.13040.720.005300          0 3 0          0 3 0  5  4  1        4  1  4      434233837294713152    33.0   27.0
 11  562.710292 1.931E-30 2.723E-09.06000.298 1581.33600.570.000000          0 0 0          0 0 0 11  6  5       10  4  7     q5422308079917122 0    69.0   63.0
 11  562.751040 2.067E-30 2.016E-01.07760.298 5069.08830.680.005390          0 0 1          1 0 0 11  4  7       10  2  8      434233837294713152    23.0   21.0
 11  562.881096 3.324E-24 1.205E-01.07700.345 2161.28600.670.005010          0 1 0          0 1 0  7  5  2        6  2  5      664223837294783152    45.0   39.0
 11  563.250842 5.140E-22 2.867E-03.08710.404  325.34790.710.005010          0 0 0          0 0 0  6  5  2        5  0  5      764426807260783049    39.0   33.0
 11  563.650883 1.036E-30 5.143E-04.07160.352 3894.16780.600.001390          1 0 0          0 2 0  7  3  5        7  2  6      534243837294713152    15.0   15.0
 11  563.676855 7.070E-27 6.275E-06.06990.298 1446.12820.690.001950          0 0 0          0 0 0  9  8  1       10  3  8      534426837260713049    57.0   63.0
 11  563.916488 3.748E-29 1.162E-03.09480.434 3392.74930.73-.006170          0 0 1          0 2 0  3  2  2        3  2  1      534243837294713152    21.0   21.0
 11  564.312028 1.970E-26 1.215E+01.06550.250 4074.03860.620.011060          0 1 0          0 1 0 14  5  9       13  4 10      464426837294713152    29.0   27.0
 11  564.414716 5.927E-24 7.763E+01.01970.159 3266.76450.16-.001000          0 0 0          0 0 0 13 11  3       12 10  2      464426837260783049    27.0   25.0
 11  564.414734 1.778E-23 7.762E+01.01970.159 3266.76440.16-.001000          0 0 0          0 0 0 13 11  2       12 10  3      464426837260783049    81.0   75.0
 11  564.650488 4.783E-29 8.496E-02.06920.281 4469.73740.63-.002170          0 2 0          0 2 0 11  3  8       11  0 11      534233837294713152    69.0   69.0
 11  564.867346 2.825E-24 1.796E+00.07360.334 2818.39810.670.013710          0 1 0          0 1 0 10  5  6        9  2  7      564426837294783152    63.0   57.0
 11  565.024563 1.418E-26 4.663E+01.03310.250 4643.87080.30-.003510          0 1 0          0 1 0 14  8  7       13  7  6      464426837294713152    87.0   81.0
 11  565.464162 7.275E-28 7.301E-05.05400.250 2248.06450.600.006490          0 0 0          0 0 0 12  8  4       13  3 11      534423837260713049    25.0   27.0
 11  565.611680 4.739E-27 4.673E+01.03250.250 4643.38030.29-.002340          0 1 0          0 1 0 14  8  6       13  7  7      434426837294713152    29.0   27.0
 11  565.627542 4.031E-27 8.501E+01.01650.281 4769.23260.10-.001030          0 1 0          0 1 0 12 11  1       11 10  2      434426837294713152    25.0   23.0
 11  565.627547 1.209E-26 8.499E+01.01650.281 4769.23260.10-.001030          0 1 0          0 1 0 12 11  2       11 10  1      464426837294713152    75.0   69.0
 11  565.871745 7.105E-30 3.525E+00.05420.281 5418.80340.520.016070          0 0 1          0 0 1 12  5  8       11  2  9      434233837294713152    25.0   23.0
 11  566.048069 2.585E-29 8.905E-01.05120.298 4852.75530.47-.000840          0 0 1          0 0 1 11  2  9       10  1 10      534233837294713152    23.0   21.0
 11  566.416442 1.291E-28 9.024E-01.05120.298 4750.38770.47-.000840          1 0 0          1 0 0 11  2  9       10  1 10      534233837294713152    69.0   63.0
 11  566.564015 1.148E-30 5.437E+00.06550.250 6139.02950.620.011060          0 0 1          0 0 1 14  5  9       13  4 10      434233837294713152    87.0   81.0
 11  566.761205 5.032E-30 1.174E+00.07810.352 5409.69800.680.010010          0 3 0          0 3 0  8  4  5        7  1  6      434233837294713152    51.0   45.0
 11  566.766450 3.767E-26 3.136E-01.03580.242 3439.30680.370.013030          0 0 0          0 0 0 16  7 10       16  4 13      464426837260783049    99.0   99.0
 11  566.793294 1.466E-26 3.231E-01.03330.260 3639.53800.320.010340          0 0 0          0 0 0 16  8  9       16  5 12      464426837260783049    99.0   99.0
 11  567.052803 1.718E-29 3.248E-01.08000.333 4689.32860.71-.000800          1 0 0          1 0 0  9  6  4        8  3  5      434233837294713152    19.0   17.0
 11  567.103677 2.370E-23 2.782E-02.05260.270 1557.84770.530.005600          0 0 0          0 0 0 12  4  9       12  1 12      564426837260783049    75.0   75.0
 11  567.215813 2.515E-21 5.937E-02.07370.375  648.97870.670.000230          0 0 0          0 0 0  7  6  1        6  3  4      764326807260783049    45.0   39.0
 11  567.471643 8.340E-30 2.570E-04.09130.412 3482.06450.71-.010560          1 0 0          0 2 0  5  1  4        4  2  3      534243837294713152    33.0   27.0
 11  567.615337 9.598E-27 2.240E+01.06000.235 4585.34910.580.015890          0 1 0          0 1 0 15  6  9       14  5 10      434426837294713152    93.0   87.0
 11  567.718446 5.321E-30 1.706E-08.06000.298 1538.14950.570.000000          0 0 0          0 0 0 12  3  9       10  3  7     q5422308079917122 0    25.0   21.0
 11  567.754647 9.518E-28 3.295E+01.05620.221 5152.96440.55-.013510          0 1 0          0 1 0 16  7 10       15  6  9      434223837294713152    99.0   93.0
 11  567.766741 9.658E-29 8.385E-06.08060.333 2337.66680.700.002900          0 1 0          0 1 0  7  6  1        8  1  8      634233837294713152    45.0   51.0
 11  568.299469 1.540E-29 3.625E-01.05460.208 4847.18900.55-.000150          0 1 0          0 1 0 16  5 11       16  2 14      434233837294713152    33.0   33.0
 11  568.302350 6.000E-27 3.512E+01.04000.235 4774.04420.370.005970          0 1 0          0 1 0 15  7  8       14  6  9      434426837294713152    93.0   87.0
 11  568.448046 5.046E-28 1.560E-02.08480.412 3482.06450.710.002590          0 2 0          0 2 0  5  5  0        4  2  3      534223837294713152    33.0   27.0
 11  568.518365 7.737E-29 8.954E-01.04880.298 4852.74920.460.004420          0 0 1          0 0 1 11  3  9       10  0 10      534233837294713152    69.0   63.0
 11  568.527062 3.205E-29 2.935E-03.09520.456 3317.21060.73-.004520          0 0 1          0 2 0  2  2  1        2  2  0      534243837294713152     5.0    5.0
 11  568.649411 2.563E-29 1.335E-01.05840.298 4669.73590.560.008530          0 2 0          0 2 0 10  6  5       10  3  8      434233837294713152    63.0   63.0
 11  568.710482 2.736E-30 8.767E-12.09400.434  173.36580.730.000000          0 0 0          0 0 0  5  5  0        3  1  2     q7322308079917122 0    33.0   21.0
 11  568.999248 1.570E-29 1.561E+01.01520.315 5749.91890.10-.000650          0 2 0          0 2 0 10 10  1        9  9  0      434233837294713152    63.0   57.0
 11  568.999248 5.232E-30 1.561E+01.01520.315 5749.91890.10-.000650          0 2 0          0 2 0 10 10  0        9  9  1      434233837294713152    21.0   19.0
 11  569.119380 3.618E-29 1.324E-01.06940.352 4553.27350.630.001190          0 0 1          0 0 1  8  6  2        7  3  5      534233837294713152    51.0   45.0
 11  569.192467 3.437E-30 1.162E+00.06070.265 5579.48930.56-.002160          1 0 0          1 0 0 13  4  9       12  3 10      434233837294713152    81.0   75.0
 11  569.213161 1.136E-28 2.080E-04.04910.235 3084.83570.53-.012750          0 1 0          0 0 0 13  1 12       14  6  9      574233837260713049    81.0   87.0
 11  569.254849 2.862E-21 1.536E-01.08120.383  842.35660.72-.001330          0 0 0          0 0 0  8  6  3        7  3  4      764326807260783049    51.0   45.0
 11  569.341772 3.410E-28 2.296E-01.04410.250 4074.03860.440.010550          0 1 0          0 1 0 13  7  7       13  4 10      534223837294713152    27.0   27.0
 11  569.610770 2.868E-30 6.678E-05.09070.412 3381.70420.710.001910          1 0 0          0 2 0  4  2  3        4  1  4      534243837294713152    27.0   27.0
 11  569.797151 3.222E-28 4.242E-09.07810.371  552.91140.670.000000          0 0 0          0 0 0  8  4  5        6  2  5     q7422308079917122 0    51.0   39.0
 11  570.125001 9.358E-30 3.921E+01.04680.250 6111.46740.45-.009520          0 2 0          0 2 0 14  7  8       13  6  7      434233837294713152    87.0   81.0
 11  570.270647 5.502E-30 5.055E+01.03420.265 6032.19810.32-.002700          0 2 0          0 2 0 13  8  6       12  7  5      434233837294713152    27.0   25.0
 11  570.379478 1.644E-29 5.034E+01.03390.265 6032.08090.32-.002320          0 2 0          0 2 0 13  8  5       12  7  6      434233837294713152    81.0   75.0
 11  570.416627 1.224E-27 6.515E-02.08680.391 3626.92220.730.001270          0 2 0          0 2 0  6  5  2        5  2  3      534223837294713152    39.0   33.0
 11  570.526860 4.228E-29 8.982E-01.04880.298 4750.36220.460.004420          1 0 0          1 0 0 11  3  9       10  0 10      434233837294713152    23.0   21.0
 11  570.563603 1.681E-29 2.361E-01.07180.333 4625.93690.650.009350          0 0 1          0 0 1  9  5  4        8  2  7      534233837294713152    19.0   17.0
 11  570.611393 1.179E-25 2.019E-01.04030.254 2872.58050.430.012450          0 0 0          0 0 0 15  6 10       15  3 13      564426837260783049    31.0   31.0
 11  570.641424 2.329E-29 2.277E-01.06120.235 4638.35060.58-.006830          0 1 0          0 1 0 14  8  6       14  5  9      434233837294713152    29.0   29.0
 11  570.649443 5.765E-30 9.872E-06.05750.235 3084.83570.62-.008820          0 1 0          0 0 0 14  1 14       14  6  9      574233837260713049    87.0   87.0
 11  570.730476 2.113E-27 7.935E-05.05640.250 2042.37410.610.008180          0 0 0          0 0 0 12  7  5       13  2 12      534426837260713049    25.0   27.0
 11  570.961398 3.480E-29 3.563E+00.05420.281 5316.80420.520.016070          1 0 0          1 0 0 12  5  8       11  2  9      434233837294713152    75.0   69.0
 11  570.968959 9.753E-29 2.985E-03.09500.456 3316.14530.73-.001550          0 0 1          0 2 0  2  2  0        2  2  1      532230837294713152    15.0   15.0
 11  571.286253 6.274E-22 4.941E+00.06070.330 1962.50690.56-.002160          0 0 0          0 0 0 13  4  9       12  3 10      564426837260783049    81.0   75.0
 11  571.490727 2.623E-30 4.464E+00.06070.265 5684.53020.56-.002160          0 0 1          0 0 1 13  4  9       12  3 10      434233837294713152    27.0   25.0
 11  571.504939 1.571E-26 4.489E-02.05860.281 2915.89430.570.006350          0 1 0          0 1 0 11  4  8       11  1 11      564426837294713152    23.0   23.0
 11  571.526053 1.105E-29 3.398E-04.08990.391 3478.98650.720.004320          0 2 0          0 2 0  5  5  0        5  0  5      534233837294713152    33.0   33.0
 11  571.998802 9.618E-30 1.613E+01.06550.250 5695.88300.620.011060          0 2 0          0 2 0 14  5  9       13  4 10      434233837294713152    29.0   27.0
 11  572.020724 1.623E-29 1.469E+00.07150.298 5273.63260.650.009330          0 0 1          0 0 1 11  6  6       10  3  7      434233837294713152    69.0   63.0
 11  572.246822 6.004E-28 4.478E-06.07730.281 1899.00820.73-.001940          0 0 0          0 0 0 10  9  2       11  4  7      534423837260713049    63.0   69.0
 11  572.440517 1.664E-26 1.768E-01.05640.307 3472.88130.58-.014200          0 0 0          0 0 0 15  9  6       15  6  9      464426837260783049    93.0   93.0
 11  572.523659 2.048E-30 3.284E-06.05900.265 2813.52870.64-.006450          0 1 0          0 0 0 12  1 11       12  8  4      574233837260713049    25.0   25.0
 11  572.527749 1.761E-29 2.458E+00.05520.281 5153.53450.52-.004810          1 0 0          1 0 0 12  3  9       11  2 10      434233837294713152    25.0   23.0
 11  572.811581 1.124E-27 1.127E-06.07610.315 1216.23130.720.000880          0 0 0          0 0 0  8  8  0        9  3  7      634426837260713049    17.0   19.0
 11  572.848329 2.783E-30 9.297E-10.07340.352 1216.19450.650.000000          0 0 0          0 0 0  8  8  1        7  6  1     q6422308079917122 0    51.0   45.0
 11  572.929824 3.219E-30 4.044E+01.03970.250 6109.52770.360.001860          0 2 0          0 2 0 14  7  7       13  6  8      434233837294713152    29.0   27.0
 11  572.942639 1.125E-24 2.920E+01.04220.294 3443.19190.400.010800          0 0 0          0 0 0 16  7  9       15  6 10      464426837260783049    33.0   31.0
 11  573.579931 9.331E-30 6.177E-04.03970.183 3647.45950.490.008060          0 0 0          0 0 0 17  6 12       18  1 17      434233837260713049    35.0   37.0
 11  574.391593 2.897E-30 5.433E-01.08310.281 5439.05630.740.003840          0 0 1          1 0 0 12  5  7       11  3  8      434233837294713152    75.0   69.0
 11  574.434751 1.942E-30 7.956E-07.06560.281 2740.42090.68-.005460          0 1 0          0 0 0 11  2  9       11  9  2      574233837260713049    69.0   69.0
 11  574.547234 1.059E-23 6.591E+01.02500.195 3347.78340.23-.001330          0 0 0          0 0 0 14 10  5       13  9  4      464426837260783049    87.0   81.0
 11  574.550560 3.531E-24 6.593E+01.02500.195 3347.78050.23-.001330          0 0 0          0 0 0 14 10  4       13  9  5      464426837260783049    29.0   27.0
 11  574.578548 3.170E-30 1.330E-04.10050.456 3221.96120.750.006670          1 0 0          0 2 0  3  1  3        2  0  2      534233837294713152     7.0    5.0
 11  574.912484 3.170E-29 2.438E+00.05520.281 5255.34670.52-.004810          0 0 1          0 0 1 12  3  9       11  2 10      534233837294713152    75.0   69.0
 11  575.026068 4.582E-30 2.189E-04.09380.434 3299.99110.72-.003610          1 0 0          0 2 0  4  0  4        3  1  3      534243837294713152     9.0    7.0
 11  575.153232 1.268E-27 1.015E+02.01080.281 5037.34010.60-.000340          0 1 0          0 1 0 12 12  0       11 11  1      43420383729471 052    25.0   23.0
 11  575.153232 3.805E-27 1.015E+02.01080.281 5037.34010.60-.000340          0 1 0          0 1 0 12 12  1       11 11  0      43440683729471 052    75.0   69.0
 11  575.237190 1.379E-29 1.298E-03.09470.434 3387.68070.730.000090          0 0 1          0 2 0  3  2  1        3  2  2      534243837294713152     7.0    7.0
 11  575.286078 1.614E-27 1.389E+00.06070.315 4068.93110.54-.001780          0 2 0          0 2 0 10  2  8        9  1  9      534223837294713152    21.0   19.0
 11  575.514281 5.900E-30 1.849E+00.01980.333 5261.47140.19-.019220          1 0 0          0 2 0  9  9  1        8  8  0      434233837294713152    19.0   17.0
 11  575.514284 1.770E-29 1.849E+00.01980.333 5261.47140.19-.019220          1 0 0          0 2 0  9  9  0        8  8  1      434233837294713152    57.0   51.0
 11  575.575235 2.080E-24 9.316E+01.01410.135 3512.40490.05-.000810          0 0 0          0 0 0 13 12  2       12 11  1      464426837260783049    27.0   25.0
 11  575.575236 6.241E-24 9.317E+01.01410.135 3512.40490.05-.000810          0 0 0          0 0 0 13 12  1       12 11  2      464426837260783049    81.0   75.0
 11  575.979638 1.827E-30 1.489E-08.06000.298 1724.70540.570.000000          0 0 0          0 0 0 12  5  7       10  5  5     q5422308079917122 0    25.0   21.0
 11  576.114470 6.318E-21 9.617E-01.05120.293 1114.54990.47-.000840          0 0 0          0 0 0 11  2  9       10  1 10      666426837260783049    69.0   63.0
 11  576.378410 7.720E-28 1.082E-04.05000.235 2551.48350.570.008170          0 0 0          0 0 0 13  8  5       14  3 12      534423837260713049    81.0   87.0
 11  576.528749 5.799E-31 7.976E-02.01290.193 5204.98800.270.000000          0 2 0          0 1 0 16  0 16       17  3 15      4333308387659336 0    33.0   35.0
 11  576.618352 4.686E-29 3.201E+01.05700.208 5546.73890.56-.012690          0 1 0          0 1 0 17  7 11       16  6 10      434233837294713152    35.0   33.0
 11  576.971469 1.646E-30 1.028E-05.06990.221 3360.60020.68-.003690          0 1 0          0 0 0 15  0 15       15  5 10      474233837260713049    93.0   93.0
 11  577.047853 2.643E-30 2.577E-09.06460.315 1477.29740.600.000000          0 0 0          0 0 0 10  7  4        9  5  4     q5422308079917122 0    63.0   57.0
 11  577.235216 1.918E-24 4.153E+01.03410.271 3629.09610.31-.007170          0 0 0          0 0 0 16  8  9       15  7  8      464426837260783049    99.0   93.0
 11  577.411263 9.382E-30 1.727E-01.05760.281 4716.37960.570.011440          0 2 0          0 2 0 11  5  7       11  2 10      434233837294713152    23.0   23.0
 11  577.732422 3.019E-27 7.248E+01.02500.265 4803.82030.23-.001210          0 1 0          0 1 0 13 10  4       12  9  3      434426837294713152    27.0   25.0
 11  577.732757 9.058E-27 7.249E+01.02500.265 4803.82000.23-.001210          0 1 0          0 1 0 13 10  3       12  9  4      434426837294713152    81.0   75.0
 11  577.825507 2.253E-28 8.306E-09.07340.352  782.40980.650.000000          0 0 0          0 0 0  9  4  5        7  2  5     q6422308079917122 0    57.0   45.0
 11  578.230612 9.248E-30 6.465E-04.10300.456 3255.34600.75-.007090          0 0 1          0 2 0  2  1  2        2  1  1      534243837294713152     5.0    5.0
 11  578.705062 2.131E-28 5.387E-09.07340.352  704.21410.650.000000          0 0 0          0 0 0  9  3  6        7  1  6     q7422308079917122 0    57.0   45.0
 11  578.745759 3.641E-29 6.554E-01.07500.315 4918.23470.670.001910          1 0 0          1 0 0 10  6  5        9  3  6      434233837294713152    63.0   57.0
 11  578.980848 3.566E-27 2.660E+00.06010.315 4263.15050.550.011880          0 2 0          0 2 0 10  4  7        9  1  8      534223837294713152    63.0   57.0
 11  579.231631 7.392E-29 4.969E-04.06430.221 3360.60020.63-.005540          0 1 0          0 0 0 14  2 13       15  5 10      574233837260713049    87.0   93.0
 11  580.215641 1.729E-24 5.437E+01.02700.229 3465.07000.22-.002160          0 0 0          0 0 0 15  9  7       14  8  6      464426837260783049    31.0   29.0
 11  580.434444 5.193E-24 5.443E+01.02680.229 3464.88740.22-.001980          0 0 0          0 0 0 15  9  6       14  8  7      464426837260783049    93.0   87.0
 11  580.487328 5.974E-29 4.754E-03.10660.480 3175.44120.75-.004910          0 0 1          0 2 0  0  0  0        1  0  1      532230837294713152     3.0    9.0
 11  580.536390 2.104E-21 9.742E-01.04880.299 1114.53220.460.004420          0 0 0          0 0 0 11  3  9       10  0 10      564426837260783049    23.0   21.0
 11  580.731918 8.321E-22 2.610E+00.05520.305 1525.13600.52-.004810          0 0 0          0 0 0 12  3  9       11  2 10      564426837260783049    25.0   23.0
 11  580.839720 4.542E-31 5.579E+01.03730.263 6558.75160.430.000000          1 0 0          0 2 0 13 10  4       12  9  3      4333308387659336 0    27.0   25.0
 11  580.839969 1.359E-30 5.564E+01.02740.265 6558.75140.29-.022310          1 0 0          0 2 0 13 10  3       12  9  4      434233837294713152    81.0   75.0
 11  581.006463 1.847E-29 3.091E+01.05330.195 5965.71460.51-.009210          0 1 0          0 1 0 18  7 12       17  6 11      434233837294713152   111.0  105.0
 11  581.087812 8.248E-22 3.387E-01.08000.359 1050.15770.71-.000800          0 0 0          0 0 0  9  6  4        8  3  5      664426807260783049    19.0   17.0
 11  581.614716 2.791E-25 6.266E+00.06070.329 3592.42390.56-.002160          0 1 0          0 1 0 13  4  9       12  3 10      564426837294783152    81.0   75.0
 11  581.664376 9.361E-29 6.950E-02.06460.298 4260.46690.610.006790          0 2 0          0 2 0 10  4  7       10  1 10      534233837294713152    63.0   63.0
 11  581.764963 7.126E-29 2.126E-01.07180.333 4525.96410.650.009350          1 0 0          1 0 0  9  5  4        8  2  7      434233837294713152    57.0   51.0
 11  581.823462 1.754E-29 1.260E-01.06940.352 4457.81870.630.001190          1 0 0          1 0 0  8  6  2        7  3  5      534233837294713152    17.0   15.0
 11  582.443686 8.492E-24 1.032E-02.06360.300 1293.01810.620.009020          0 0 0          0 0 0 10  6  4       10  1  9      664426837260783049    21.0   21.0
 11  582.516054 8.882E-28 3.836E-01.03120.195 4027.50600.300.011690          0 0 0          0 0 0 17  8 10       17  5 13      434223837260713049    35.0   35.0
 11  582.522645 3.486E-29 2.098E-06.06100.281 2321.90570.61-.008250          0 1 0          0 0 0 10  2  9       11  7  4      574233837260713049    63.0   69.0
 11  582.651611 1.317E-30 1.280E-04.08480.391 3482.48020.680.000320          1 0 0          0 2 0  5  2  4        5  1  5      534253837294713152    11.0   11.0
 11  582.668777 1.777E-26 4.277E-03.07680.333 2337.46330.680.005220          0 1 0          0 1 0  8  5  3        8  0  8      564426837294713152    17.0   17.0
 11  583.247360 3.718E-30 3.416E-02.06180.333 4756.39400.57-.019340          0 0 1          1 0 0  9  6  4        8  4  5      534233837294713152    57.0   51.0
 11  583.380671 6.572E-25 4.249E+01.03080.256 3624.18130.260.000010          0 0 0          0 0 0 16  8  8       15  7  9      464426837260783049    33.0   31.0
 11  583.514619 3.640E-30 2.647E+01.06000.235 6229.89420.580.015890          0 2 0          0 2 0 15  6  9       14  5 10      434233837294713152    93.0   87.0
 11  583.532628 3.744E-30 1.909E-01.05430.281 4922.09000.530.011220          0 2 0          0 2 0 11  6  6       11  3  9      434233837294713152    23.0   23.0
 11  583.654694 8.076E-28 1.717E-04.05770.208 2660.94600.61-.003110          0 0 0          0 0 0 15  4 11       16  1 16      534423837260713049    93.0   99.0
 11  583.866897 5.712E-28 1.775E-01.08410.371 3784.67920.710.002500          0 2 0          0 2 0  7  5  3        6  2  4      534223837294713152    15.0   13.0
 11  583.978255 2.091E-26 1.214E-01.05400.293 3101.44100.56-.013590          0 0 0          0 0 0 14  9  5       14  6  8      464426837260783049    29.0   29.0
 11  584.042597 1.499E-30 5.920E-02.05930.315 4850.44130.530.001410          0 0 1          1 0 0 10  5  6        9  3  7      434233837294713152    21.0   19.0
 11  584.058087 1.737E-29 6.894E-04.09380.412 3482.06450.73-.000380          0 0 1          0 2 0  4  2  2        4  2  3      534243837294713152    27.0   27.0
 11  584.171731 2.806E-28 2.939E-01.04100.235 4396.05140.410.012600          0 1 0          0 1 0 14  7  8       14  4 11      534223837294713152    87.0   87.0
 11  584.203913 2.083E-24 1.098E+02.00930.130 3766.3872-.05-.000250          0 0 0          0 0 0 13 13  0       12 12  1      464426837260783049    81.0   75.0
 11  584.203913 6.944E-25 1.098E+02.00930.129 3766.3872-.05-.000250          0 0 0          0 0 0 13 13  1       12 12  0      464426837260783049    27.0   25.0
 11  584.253188 1.007E-24 2.815E+00.05170.304 2903.14600.480.010270          0 1 0          0 1 0 11  4  8       10  1  9      564426837294783152    23.0   21.0
 11  584.708477 1.597E-21 3.780E+00.05420.306 1690.66440.520.016070          0 0 0          0 0 0 12  5  8       11  2  9      564326837260783049    75.0   69.0
 11  584.860693 1.811E-30 6.057E+01.02960.265 6288.55040.28-.001640          0 2 0          0 2 0 13  9  5       12  8  4      434233837294713152    27.0   25.0
 11  584.861753 5.440E-30 6.065E+01.02950.265 6288.55020.28-.001620          0 2 0          0 2 0 13  9  4       12  8  5      434233837294713152    81.0   75.0
 11  584.949407 1.513E-30 6.040E-04.02410.172 4021.21880.57-.004680          0 0 0          0 0 0 18  5 13       19  2 18      434233837265713049    37.0   39.0
 11  585.258152 5.695E-27 6.051E+01.02840.250 4871.97880.25-.001870          0 1 0          0 1 0 14  9  6       13  8  5      434426837294713152    87.0   81.0
 11  585.294391 1.899E-27 6.053E+01.02830.250 4871.94800.25-.001810          0 1 0          0 1 0 14  9  5       13  8  6      434223837294713152    29.0   27.0
 11  585.373656 4.782E-31 7.566E-03.05910.302 4661.42650.560.000000          1 0 0          0 0 1 10  4  6        9  0  9      4333308387659336 0    21.0   19.0
 11  585.492575 4.610E-28 1.583E-01.05800.235 3939.74650.58-.003500          0 1 0          0 1 0 14  4 10       14  1 13      434223837294713152    29.0   29.0
 11  586.198546 1.956E-26 2.651E-05.06650.270 1557.84770.660.006690          0 0 0          0 0 0 11  6  5       12  1 12      564426837260783049    69.0   75.0
 11  586.331333 2.313E-28 1.532E-01.06720.250 4285.64750.66-.009600          0 1 0          0 1 0 13  8  5       13  5  8      434233837294713152    81.0   81.0
 11  586.535441 2.662E-27 1.144E-01.08470.371 3601.85890.700.005580          0 2 0          0 2 0  7  4  3        6  1  6      534223837294713152    45.0   39.0
 11  586.621999 9.460E-28 4.823E+01.03290.235 4981.46930.29-.004900          0 1 0          0 1 0 15  8  8       14  7  7      434223837294713152    31.0   29.0
 11  586.657482 1.027E-29 2.457E+00.04420.281 5255.20520.410.008320          0 0 1          0 0 1 12  4  9       11  1 10      534233837294713152    25.0   23.0
 11  586.780949 1.253E-30 2.313E-05.10100.480 3201.91340.750.002520          1 0 0          0 2 0  2  2  1        1  1  0      534253837294713152    15.0    9.0
 11  587.143415 4.786E-31 1.812E-07.04000.278 2471.25500.480.000000          0 1 0          0 0 0 10  2  8       10  9  1      5333308387659336 0    21.0   21.0
 11  587.184811 8.422E-30 6.494E-03.08260.371 4195.47730.700.004980          0 0 1          0 0 1  7  5  3        6  0  6      534233837294713152    45.0   39.0
 11  587.623049 2.051E-30 4.284E-02.05890.315 4717.10450.530.003940          0 0 1          1 0 0 10  4  7        9  2  8      434233837294713152    21.0   19.0
 11  587.666169 1.433E-30 4.902E-04.06420.221 3937.57290.64-.002100          0 1 0          0 1 0 14  4 10       15  1 15      434233837294713152    29.0   31.0
 11  587.699233 1.610E-27 2.032E-04.08480.371 2146.26370.720.004240          0 1 0          0 1 0  6  6  0        6  1  5      734426837294713152    13.0   13.0
 11  587.923481 1.123E-29 1.383E-04.05150.235 3464.88740.53-.017090          0 1 0          0 0 0 13  3 10       14  8  7      574233837260713049    81.0   87.0
 11  588.076318 1.431E-28 7.877E+00.06070.265 5193.88220.56-.002160          0 2 0          0 2 0 13  4  9       12  3 10      434233837294713152    81.0   75.0
 11  588.130926 2.859E-27 4.852E+01.03150.235 4980.22310.27-.001740          0 1 0          0 1 0 15  8  7       14  7  8      434426837294713152    93.0   87.0
 11  588.332701 9.996E-30 1.575E-04.09520.434 3289.24250.730.002420          1 0 0          0 2 0  4  1  4        3  0  3      534223837294713152    27.0   21.0
 11  588.689733 2.065E-26 6.249E-04.09230.412 1817.45120.730.005570          0 1 0          0 1 0  5  5  1        4  0  4      564426837294713152    11.0    9.0
 11  588.766526 3.265E-29 1.874E-05.07580.315 2512.37570.690.003440          0 1 0          0 1 0  8  6  2        9  1  9      534233837294713152    17.0   19.0
 11  588.777965 3.946E-24 8.071E+01.02130.173 3583.37460.18-.001050          0 0 0          0 0 0 14 11  4       13 10  3      464426837260783049    87.0   81.0
 11  588.778082 1.315E-24 8.069E+01.02130.173 3583.37450.18-.001050          0 0 0          0 0 0 14 11  3       13 10  4      464426837260783049    29.0   27.0
 11  588.848435 5.150E-29 2.518E+00.04420.281 5153.18850.410.008320          1 0 0          1 0 0 12  4  9       11  1 10      434233837294713152    75.0   69.0
 11  588.976544 1.944E-30 1.507E-08.05070.265 1962.50690.510.000000          0 0 0          0 0 0 14  3 12       12  3 10     q5422308079917122 0    87.0   75.0
 11  589.199725 4.501E-30 2.259E-08.06000.298 1616.45310.570.000000          0 0 0          0 0 0 12  4  8       10  4  6     q5422308079917122 0    25.0   21.0
 11  589.212929 7.039E-28 2.683E-01.04390.235 4184.83120.460.013190          0 1 0          0 1 0 14  6  9       14  3 12      534223837294713152    87.0   87.0
 11  589.787448 7.575E-29 2.352E-03.10590.480 3201.91340.76-.006900          0 0 1          0 2 0  1  1  1        1  1  0      532230837294713152     9.0    9.0
 11  590.137650 2.653E-30 2.607E+00.06860.281 5543.63660.640.014970          0 0 1          0 0 1 12  6  7       11  3  8      434233837294713152    25.0   23.0
 11  590.157253 1.148E-30 1.394E-05.07670.298 3162.25890.710.002460          0 1 0          0 1 0  9  8  2       10  3  7      534233837294713152    19.0   21.0
 11  590.330890 2.094E-24 9.628E-02.04260.257 2327.91400.460.008780          0 0 0          0 0 0 14  5 10       14  2 13      564426837260783049    87.0   87.0
 11  590.447837 2.358E-30 1.617E+00.06470.333 5413.00300.570.006230          0 3 0          0 3 0  9  3  7        8  0  8      434233837294713152    19.0   17.0
 11  590.600264 8.940E-25 1.031E-01.08340.402 2181.08990.710.005390          0 1 0          0 1 0  8  4  4        7  1  7      664426837294783152    17.0   15.0
 11  590.618632 2.801E-27 8.269E+01.06530.265 5064.14210.69-.006280          0 2 0          0 1 0 13  3 10       12 10  3      434233808794713152    81.0   75.0
 11  590.639588 9.944E-28 8.809E+01.01970.265 5064.14140.16-.001000          0 1 0          0 1 0 13 11  3       12 10  2      434223837294713152    27.0   25.0
 11  590.639968 1.034E-29 3.053E-01.01970.265 5064.14140.16-.001000          0 1 0          0 1 0 13 11  2       12 10  3      434426837294713152    81.0   75.0
 11  591.000001 2.004E-30 1.169E-01.06440.298 5171.05990.600.015860          1 0 0          0 0 1 11  6  5       10  2  8      434233837294713152    69.0   63.0
 11  591.368094 1.980E-25 7.875E-02.05190.282 2756.41530.54-.011580          0 0 0          0 0 0 13  9  4       13  6  7      564426837260783049    81.0   81.0
 11  591.373037 1.731E-28 3.867E-01.04740.172 4608.22360.490.001010          0 0 0          0 0 0 19  6 13       19  3 16      434233837260713049   117.0  117.0
 11  591.697161 4.091E-21 2.601E-01.07180.335  885.60020.650.009350          0 0 0          0 0 0  9  5  4        8  2  7      764426807260783049    57.0   51.0
 11  592.048465 3.649E-30 2.399E-05.03710.250 3347.78340.68-.004870          0 1 0          0 0 0 14  2 13       13  9  4      574233837265713049    87.0   81.0
 11  592.053870 1.765E-21 7.011E-01.07500.381 1282.91910.670.001910          0 0 0          0 0 0 10  6  5        9  3  6      664426837260783049    63.0   57.0
 11  592.110587 4.775E-25 2.909E+00.06390.320 3058.39840.600.016490          0 1 0          0 1 0 11  5  7       10  2  8      564426837294783152    23.0   21.0
 11  592.363219 7.013E-30 1.221E+00.07150.298 5169.03920.650.009330          1 0 0          1 0 0 11  6  6       10  3  7      434233837294713152    23.0   21.0
 11  592.489456 7.180E-29 1.408E-04.04660.221 2872.58050.550.009910          0 0 0          0 0 0 14  8  6       15  3 13      534233837260713049    29.0   31.0
 11  592.712878 3.699E-30 5.200E+01.03310.250 6345.92480.30-.003510          0 2 0          0 2 0 14  8  7       13  7  6      434233837294713152    87.0   81.0
 11  592.775474 1.882E-30 1.832E+01.01960.298 5996.63780.15-.001330          0 2 0          0 2 0 11 10  2       10  9  1      534233837294713152    23.0   21.0
 11  592.775476 5.646E-30 1.832E+01.01960.298 5996.63780.15-.001330          0 2 0          0 2 0 11 10  1       10  9  2      534233837294713152    69.0   63.0
 11  592.997997 1.206E-30 5.082E+01.03250.250 6345.58690.29-.002340          0 2 0          0 2 0 14  8  6       13  7  7      434233837294713152    29.0   27.0
 11  593.875962 7.937E-31 4.368E-05.08390.428 3196.09340.740.000000          1 0 0          0 2 0  2  2  0        1  1  1      5333308387659336 0     5.0    3.0
 11  593.887507 9.825E-26 4.159E+01.03730.279 4016.13450.35-.010290          0 0 0          0 0 0 17  8 10       16  7  9      464426837260783049    35.0   33.0
 11  593.968622 1.674E-29 9.532E-07.06750.281 2321.90570.67-.004970          0 1 0          0 0 0 11  0 11       11  7  4      574233837260713049    69.0   69.0
 11  593.974024 5.334E-27 4.571E-02.06170.265 3144.56920.59-.002990          0 1 0          0 1 0 12  3  9       12  0 12      534426837294713152    25.0   25.0
 11  594.086159 1.108E-24 2.663E-03.05950.230 1631.38300.68-.004940          0 0 0          0 0 0  9  9  0        9  6  3      564426837260783049    57.0   57.0
 11  594.186805 3.507E-28 3.583E+01.04220.221 5132.52170.400.010800          0 1 0          0 1 0 16  7  9       15  6 10      434223837294713152    33.0   31.0
 11  594.223702 3.696E-25 2.664E-03.05920.228 1631.24550.67-.004850          0 0 0          0 0 0  9  9  1        9  6  4      564426837260783049    19.0   19.0
 11  594.356443 2.363E-29 3.294E-01.02450.352 4812.19270.26-.020330          1 0 0          0 2 0  8  8  1        7  7  0      434233837294713152    51.0   45.0
 11  594.356464 7.878E-30 3.295E-01.02450.352 4812.19270.26-.020320          1 0 0          0 2 0  8  8  0        7  7  1      434233837294713152    17.0   15.0
 11  594.362634 9.381E-29 6.785E-09.07810.371  661.54890.670.000000          0 0 0          0 0 0  8  5  3        6  3  3     q7422308079917122 0    17.0   13.0
 11  594.603854 1.024E-29 2.109E-04.08700.412 3381.70420.69-.003300          1 0 0          0 2 0  5  0  5        4  1  4      534233837294713152    33.0   27.0
 11  594.947659 9.010E-22 1.388E-01.06940.328  816.69420.630.001190          0 0 0          0 0 0  8  6  2        7  3  5      764326837260783049    17.0   15.0
 11  595.188512 1.690E-25 4.676E-02.05150.262 2437.50190.55-.009440          0 0 0          0 0 0 12  9  3       12  6  6      564426837260783049    25.0   25.0
 11  595.703320 1.510E-26 1.249E-03.07890.352 2309.73020.690.004590          0 1 0          0 1 0  7  6  1        7  1  6      564426807294713152    45.0   45.0
 11  595.793183 4.725E-25 1.015E-02.05540.243 1875.46180.62-.005910          0 0 0          0 0 0 10  9  1       10  6  4      564426837260783049    21.0   21.0
 11  596.282011 1.419E-24 1.015E-02.05460.236 1874.97300.61-.005560          0 0 0          0 0 0 10  9  2       10  6  5      564426837260783049    63.0   63.0
 11  596.374608 1.006E-24 2.431E-02.05280.253 2144.04630.57-.007630          0 0 0          0 0 0 11  9  2       11  6  5      564426837260783049    69.0   69.0
 11  596.546330 1.794E-27 4.148E-01.08090.352 3967.48850.700.005180          0 2 0          0 2 0  8  5  4        7  2  5      534223837294713152    51.0   45.0
 11  596.654799 7.650E-30 2.270E+00.02520.315 5483.32320.24-.017680          1 0 0          0 2 0 10  9  2        9  8  1      434233837294713152    63.0   57.0
 11  596.654826 2.550E-30 2.270E+00.02520.315 5483.32310.24-.017680          1 0 0          0 2 0 10  9  1        9  8  2      434233837294713152    21.0   19.0
 11  596.965371 4.556E-30 4.372E-04.05570.235 3655.48280.590.007300          0 1 0          0 1 0 13  5  9       14  0 14      434233837294713152    27.0   29.0
 11  597.224218 8.687E-30 4.705E-01.07090.265 5184.73430.66-.003330          0 2 0          1 0 0 13  4  9       12  1 12      434233837294713152    81.0   75.0
 11  597.297444 2.111E-27 3.349E-01.03350.195 3812.04690.350.012190          0 0 0          0 0 0 17  7 11       17  4 14      434426837260713049    35.0   35.0
 11  597.308655 9.493E-30 1.447E-03.08470.371 3600.05240.700.004170          0 2 0          0 2 0  6  5  1        6  0  6      534233837294713152    13.0   13.0
 11  597.455033 2.398E-30 4.289E-04.09160.391 3598.51590.72-.001320          0 0 1          0 2 0  5  2  3        5  2  4      534233837294713152    11.0   11.0
 11  597.532081 4.467E-30 2.291E-04.07770.371 3601.85890.63-.001000          1 0 0          0 2 0  6  2  5        6  1  6      534223837294713152    39.0   39.0
 11  597.791536 1.166E-30 2.002E+00.06940.333 5597.18310.620.012250          0 3 0          0 3 0  9  4  6        8  1  7      434233837294713152    19.0   17.0
 11  597.805598 1.893E-24 2.128E-05.08760.338  447.25240.720.003130          0 0 0          0 0 0  6  6  1        6  1  6      764426807260783049    39.0   39.0
 11  597.823116 3.368E-25 2.435E-02.05100.248 2142.59770.56-.006460          0 0 0          0 0 0 11  9  3       11  6  6      564426837260783049    23.0   23.0
 11  597.886533 7.079E-25 6.863E+01.02410.202 3685.41920.20-.001400          0 0 0          0 0 0 15 10  6       14  9  5      464426837260783049    31.0   29.0
 11  597.899424 2.124E-24 6.864E+01.02410.202 3685.40830.20-.001400          0 0 0          0 0 0 15 10  5       14  9  6      464426837260783049    93.0   87.0
 11  598.193660 2.287E-30 1.913E-09.06860.333 1411.61150.620.000000          0 0 0          0 0 0  9  8  1        8  6  3     q5422308079917122 0    57.0   51.0
 11  598.233143 1.517E-27 1.453E-01.04750.250 3654.21500.490.010220          0 1 0          0 1 0 13  5  9       13  2 12      534223837294713152    27.0   27.0
 11  598.301514 2.162E-28 9.850E-02.06840.265 3959.25340.68-.009930          0 1 0          0 1 0 12  8  4       12  5  7      534233837294713152    25.0   25.0
 11  598.509265 3.243E-30 3.987E-04.06850.412 3746.76270.61-.000540          0 0 1          0 2 0  5  4  2        4  4  1      534243837294713152    33.0   27.0
 11  598.776257 9.715E-30 2.608E-01.06470.333 4741.06700.600.003810          0 0 1          0 0 1  9  6  3        8  3  6      534233837294713152    19.0   17.0
 11  598.783154 1.070E-30 3.950E-04.06960.412 3746.77600.62-.000370          0 0 1          0 2 0  5  4  1        4  4  0      534233837294713152    11.0    9.0
 11  598.845120 3.717E-28 5.649E-02.08100.391 3598.51590.690.003480          0 2 0          0 2 0  6  5  1        5  2  4      534223837294713152    13.0   11.0
 11  598.871454 4.254E-30 3.341E-02.08250.333 4488.14570.710.004950          0 0 1          0 0 1  9  4  5        8  1  8      534233837294713152    19.0   17.0
 11  598.889365 5.120E-25 4.691E-02.04750.249 2433.80040.51-.006420          0 0 0          0 0 0 12  9  4       12  6  7      564426837260783049    75.0   75.0
 11  599.680977 6.742E-26 7.925E-02.04390.246 2748.09960.46-.005380          0 0 0          0 0 0 13  9  5       13  6  8      564426837260783049    27.0   27.0
 11  599.978086 4.723E-30 1.744E-05.06820.235 2983.39640.68-.005110          0 0 0          0 0 0 13 10  4       14  5  9      534233837260713049    27.0   29.0
 11  600.027256 1.740E-27 8.853E-05.05410.235 2327.91400.600.009760          0 0 0          0 0 0 13  7  6       14  2 13      534426837260713049    81.0   87.0
 11  600.064256 4.546E-30 8.182E-02.01370.161 5031.97800.05-.003350          0 1 0          0 0 0 19  1 18       20  4 17      474233837260713049   117.0  123.0
 11  600.103508 2.427E-21 2.691E+00.04420.323 1524.84790.410.008320          0 0 0          0 0 0 12  4  9       11  1 10      664326837260133049    75.0   69.0
 11  600.252624 1.517E-30 8.189E-02.01330.161 5031.79410.03-.003230          0 1 0          0 0 0 19  2 18       20  3 17      474233837260713049    39.0   41.0
 11  600.458897 1.366E-24 9.660E+01.01690.152 3831.17920.10-.000870          0 0 0          0 0 0 14 12  3       13 11  2      464426837260783049    87.0   81.0
 11  600.458899 4.553E-25 9.659E+01.01690.152 3831.17920.10-.000870          0 0 0          0 0 0 14 12  2       13 11  3      464426837260783049    29.0   27.0
 11  600.521165 3.728E-30 5.522E-03.08260.371 4095.31520.700.004980          1 0 0          1 0 0  7  5  3        6  0  6      434233837294713152    15.0   13.0
 11  600.572585 6.510E-26 1.224E-01.04020.251 3084.83570.41-.003550          0 0 0          0 0 0 14  9  6       14  6  9      564426837260783049    87.0   87.0
 11  600.661919 1.366E-24 1.662E+01.06020.289 3269.53980.590.015450          0 0 0          0 0 0 16  6 10       15  5 11      464626837260 13049    33.0   31.0
 11  600.738808 9.228E-28 1.048E+02.01410.265 5334.86020.05-.000810          0 1 0          0 1 0 13 12  1       12 11  2      434223837294713152    81.0   75.0
 11  600.738814 3.076E-28 1.048E+02.01410.265 5334.86020.05-.000810          0 1 0          0 1 0 13 12  2       12 11  1      434223837294713152    27.0   25.0
 11  600.888227 2.839E-29 2.660E-03.10560.480 3196.09340.760.001840          0 0 1          0 2 0  1  1  0        1  1  1      534243837294713152     3.0    3.0
 11  601.032085 4.648E-27 1.443E+00.05660.315 4068.70380.520.005280          0 2 0          0 2 0 10  3  8        9  0  9      534223837294713152    63.0   57.0
 11  601.499979 5.083E-30 2.129E-08.05570.281 1813.22340.550.000000          0 0 0          0 0 0 13  3 10       11  3  8     q5422308079917122 0    81.0   69.0
 11  601.553988 1.574E-29 8.861E-05.04540.221 3083.86520.530.006730          0 0 0          0 0 0 14  9  5       15  4 12      434233837260713049    29.0   31.0
 11  601.592154 9.179E-25 2.136E-01.07370.331 2318.53990.650.007110          0 1 0          0 1 0  8  5  3        7  2  6      564426807294783152    17.0   15.0
 11  601.722624 2.027E-27 7.542E+01.02500.250 5119.37560.23-.001330          0 1 0          0 1 0 14 10  5       13  9  4      434223837294713152    87.0   81.0
 11  601.724225 6.755E-28 7.540E+01.02500.250 5119.37420.23-.001330          0 1 0          0 1 0 14 10  4       13  9  5      434223837294713152    29.0   27.0
 11  601.759907 1.323E-28 5.165E-05.05010.235 2746.02350.560.004880          0 0 0          0 0 0 13  9  4       14  4 11      534433837260713049    81.0   87.0
 11  602.093704 5.839E-27 1.767E-01.03660.221 3443.19190.37-.001080          0 0 0          0 0 0 15  9  7       15  6 10      434426837260713049    31.0   31.0
 11  602.123115 9.290E-25 5.631E+01.02570.227 3824.99790.20-.002670          0 0 0          0 0 0 16  9  8       15  8  7      464426837260783049    99.0   93.0
 11  602.130762 3.829E-25 3.234E+00.05520.281 3136.41250.52-.004810          0 1 0          0 1 0 12  3  9       11  2 10      564426837294713152    25.0   23.0
 11  602.158428 2.879E-30 1.765E-04.08850.412 3375.29800.700.000890          1 0 0          0 2 0  5  1  5        4  0  4      534243837294713152    11.0    9.0
 11  602.247242 3.907E-30 2.426E-01.05080.265 5193.88220.510.012820          0 2 0          0 2 0 12  6  7       12  3 10      434233837294713152    75.0   75.0
 11  602.266335 4.185E-28 4.345E-01.02920.183 4432.86020.280.011920          0 0 0          0 0 0 18  8 11       18  5 14      434223837260713049   111.0  111.0
 11  602.728279 3.106E-25 5.644E+01.02540.229 3824.49850.19-.002150          0 0 0          0 0 0 16  9  7       15  8  8      464426837260783049    33.0   31.0
 11  603.246287 2.171E-29 3.537E-01.03830.221 4736.24170.390.013320          0 1 0          0 1 0 15  7  9       15  4 12      434233837294713152    31.0   31.0
 11  603.468433 4.311E-25 1.763E-02.08050.321 2130.49430.72-.000670          0 1 0          0 1 0  6  6  1        5  3  2      764426837294783152    39.0   33.0
 11  603.529466 3.745E-31 2.022E-05.08390.428 3255.34600.740.000000          1 0 0          0 2 0  3  2  2        2  1  1      5333308387659336 0     7.0    5.0
 11  604.448187 3.505E-22 1.370E+00.07020.387 1538.14950.650.004880          0 0 0          0 0 0 11  6  6       10  3  7      565420837274783029    23.0   21.0
 11  604.875036 4.000E-27 2.412E-01.03320.208 3822.24600.320.001740          0 0 0          0 0 0 16  9  8       16  6 11      434426837260713049    99.0   99.0
 11  604.875550 5.603E-30 1.922E-02.07140.371 4491.36980.70-.003040          0 0 1          0 0 1  7  7  1        6  4  2      534233837294713152    45.0   39.0
 11  604.888859 1.285E-30 1.944E+00.06070.315 5587.21790.54-.001780          0 3 0          0 3 0 10  2  8        9  1  9      434233837294713152    21.0   19.0
 11  605.058754 1.796E-29 2.931E-02.08250.333 4387.06290.710.004950          1 0 0          1 0 0  9  4  5        8  1  8      534233837294713152    57.0   51.0
 11  605.853337 3.686E-28 8.132E-09.08330.391  610.34120.690.000000          0 0 0          0 0 0  7  6  1        5  4  1     q7422308079917122 0    45.0   33.0
 11  605.868143 5.047E-25 2.879E+01.04590.289 3822.24600.450.014970          0 0 0          0 0 0 17  7 10       16  6 11      464426837260783049   105.0   99.0
 11  605.889204 4.400E-29 2.430E-10.08330.391  325.34790.690.000000          0 0 0          0 0 0  7  4  3        5  0  5     q7422308079917122 0    45.0   33.0
 11  606.015046 1.328E-29 1.330E-04.04150.208 3439.30680.490.008300          0 0 0          0 0 0 15  9  6       16  4 13      434233837260713049    93.0   99.0
 11  606.072338 1.484E-27 5.854E-02.06670.281 3659.90400.67-.009670          0 1 0          0 1 0 11  8  3       11  5  6      534223837294713152    69.0   69.0
 11  606.075339 1.231E-28 8.144E-09.08330.391  610.11440.690.000000          0 0 0          0 0 0  7  6  2        5  4  2     q7422308079917122 0    15.0   11.0
 11  606.181469 1.875E-30 1.925E-02.06970.371 4490.06390.68-.002890          0 0 1          0 0 1  7  7  0        6  4  3      534233837294713152    15.0   13.0
 11  606.188056 3.060E-28 7.195E-09.07810.371  648.97870.670.000000          0 0 0          0 0 0  8  5  4        6  3  4     q7422308079917122 0    51.0   39.0
 11  606.493886 9.385E-29 2.544E-05.05540.250 2426.19650.610.002880          0 0 0          0 0 0 12  9  3       13  4 10      534233837260713049    25.0   27.0
 11  606.717464 3.108E-25 4.343E+01.03060.256 4006.07320.260.002890          0 0 0          0 0 0 17  8  9       16  7 10      464426837260783049   105.0   99.0
 11  606.869570 5.043E-28 4.951E+01.03410.221 5342.34650.31-.007170          0 1 0          0 1 0 16  8  9       15  7  8      434223837294713152    99.0   93.0
 11  607.012342 3.974E-26 4.090E+01.04190.287 4428.11420.41-.013450          0 0 0          0 0 0 18  8 11       17  7 10      464426837260783049   111.0  105.0
 11  607.113700 1.268E-26 2.101E-01.04970.264 3567.17380.52-.004630          0 0 0          0 0 0 17  5 12       17  2 15      464426837260783049   105.0  105.0
 11  607.555239 1.446E-25 1.761E-02.07750.330 2126.40770.70-.000180          0 1 0          0 1 0  6  6  0        5  3  3      764426837294783152    13.0   11.0
 11  607.778991 1.670E-24 6.000E-04.07880.337  982.91170.710.004300          0 0 0          0 0 0  8  7  1        8  2  6      764626807260 13049    17.0   17.0
 11  608.053382 6.637E-24 2.746E-02.04870.253 1806.67000.55-.002240          0 0 0          0 0 0 13  3 10       13  0 13      564520837274 13029    81.0   81.0
 11  608.088035 3.823E-28 6.291E+01.02700.235 5208.99200.22-.002160          0 1 0          0 1 0 15  9  7       14  8  6      434223837294713152    31.0   29.0
 11  608.133418 2.735E-28 1.225E+02.00930.265 5612.4934-.05-.000250          0 1 0          0 1 0 13 13  0       12 12  1      434223837294713152    81.0   75.0
 11  608.133418 9.118E-29 1.225E+02.00930.265 5612.4934-.05-.000250          0 1 0          0 1 0 13 13  1       12 12  0      434233837294713152    27.0   25.0
 11  608.201444 1.148E-27 6.297E+01.02680.235 5208.89530.22-.001980          0 1 0          0 1 0 15  9  6       14  8  7      434223837294713152    93.0   87.0
 11  608.485234 5.280E-28 2.192E+01.06020.221 4938.25370.590.015450          0 1 0          0 1 0 16  6 10       15  5 11      434223837294713152    33.0   31.0
 11  608.528751 6.020E-31 8.673E-02.08610.425 5002.56870.670.000000          0 3 0          0 3 0  6  4  2        5  1  5      4333308387659336 0    13.0   11.0
 11  608.593956 2.403E-28 1.655E-04.04710.208 2660.94580.550.005900          0 0 0          0 0 0 15  5 11       16  0 16      534433837260713049    31.0   33.0
 11  608.666429 7.774E-24 2.422E-03.07660.335 1201.92150.680.005100          0 0 0          0 0 0  9  7  2        9  2  7      667620837274 13029    57.0   57.0
 11  608.787058 6.759E-30 4.279E+00.04580.265 5683.33260.440.014200          0 0 1          0 0 1 13  5  9       12  2 10      434233837294713152    81.0   75.0
 11  609.016133 8.269E-29 5.803E-07.08030.298 1616.45310.75-.002260          0 0 0          0 0 0  9  9  1       10  4  6      534233837260713049    19.0   21.0
 11  609.268736 1.334E-29 2.205E-02.07600.333 4387.06290.680.002630          0 2 0          1 0 0  9  6  3        8  1  8      534233837294713152    57.0   51.0
 11  609.438293 1.608E-30 7.346E-02.07640.298 4864.37330.72-.004040          0 2 0          0 2 0 10  7  3       10  4  6      434233837294713152    21.0   21.0
 11  609.574969 2.611E-28 3.139E-01.03020.195 4221.03940.280.004610          0 0 0          0 0 0 17  9  9       17  6 12      434233837260713049    35.0   35.0
 11  609.681051 1.494E-25 1.136E+02.01220.125 4087.98010.60-.000650          0 0 0          0 0 0 14 13  1       13 12  2      46440683726078 049    29.0   27.0
 11  609.681051 4.481E-25 1.135E+02.01220.125 4087.98010.60-.000650          0 0 0          0 0 0 14 13  2       13 12  1      46440683726078 049    87.0   81.0
 11  609.716011 3.210E-24 1.235E+00.05120.304 2705.13960.47-.000840          0 1 0          0 1 0 11  2  9       10  1 10      564526837294 13152    69.0   63.0
 11  609.842770 1.574E-30 1.971E-04.06600.281 3650.50900.63-.008300          0 2 0          0 1 0 10  0 10       11  5  7      534233837294713152    21.0   23.0
 11  609.973935 7.718E-31 1.811E+00.05650.273 5726.06220.550.000000          0 0 1          1 0 0 13  5  8       12  3  9      4333308387659336 0    27.0   25.0
 11  610.107959 8.761E-28 3.057E-02.06470.298 3387.40070.66-.008100          0 1 0          0 1 0 10  8  2       10  5  5      534223837294713152    21.0   21.0
 11  610.173166 6.426E-24 3.570E-03.07390.342 1114.53220.680.006850          0 0 0          0 0 0 10  5  5       10  0 10      564426837260783049    21.0   21.0
 11  610.380983 1.708E-28 5.014E+01.03080.221 5339.48800.260.000010          0 1 0          0 1 0 16  8  8       15  7  9      434233837294713152    33.0   31.0
 11  610.415014 4.963E-28 8.734E-01.07860.333 4173.22570.700.009030          0 2 0          0 2 0  9  5  5        8  2  6      434223837294713152    19.0   17.0
 11  610.740446 7.557E-30 6.283E-05.05880.250 3127.80280.59-.014260          0 1 0          0 0 0 12  3  9       13  8  6      574233837260713049    25.0   27.0
 11  610.785595 7.161E-28 1.106E-04.07000.250 2533.79320.65-.000600          0 1 0          0 0 0 12  1 12       13  4  9      574223837260713049    75.0   81.0
 11  610.788127 6.956E-27 3.837E-03.07320.333 2490.35410.670.005760          0 1 0          0 1 0  8  6  2        8  1  7      534426837294713152    17.0   17.0
 11  610.792382 9.300E-30 1.951E+00.06860.281 5439.05630.640.014970          1 0 0          1 0 0 12  6  7       11  3  8      434233837294713152    75.0   69.0
 11  610.825463 7.581E-28 3.378E-03.06690.333 2920.13210.69-.004000          0 1 0          0 1 0  8  8  0        8  5  3      534223837294713152    17.0   17.0
 11  611.033399 6.532E-26 2.059E-01.03630.237 3211.21260.400.011130          0 0 0          0 0 0 16  6 11       16  3 14      564426837260783049    99.0   99.0
 11  611.324536 2.277E-27 3.379E-03.06590.333 2919.63300.69-.003730          0 1 0          0 1 0  8  8  1        8  5  4      534426837294713152    51.0   51.0
 11  611.370185 3.289E-27 1.281E-02.06460.315 3141.04600.66-.005610          0 1 0          0 1 0  9  8  1        9  5  4      534426837294713152    57.0   57.0
 11  611.468051 3.964E-29 9.401E-04.10280.456 3237.91730.750.000930          0 0 1          0 2 0  2  1  1        2  1  2      534243837294713152    15.0   15.0
 11  611.997327 1.126E-29 2.632E-02.08340.371 4408.02880.74-.011290          1 0 0          0 0 1  7  7  0        6  3  3      534233837294713152    45.0   39.0
 11  611.998561 3.286E-30 6.992E-02.03260.265 4967.49080.28-.010780          1 0 0          0 2 0 12  3 10       12  2 11      434233837294713152    75.0   75.0
 11  612.404378 1.476E-24 7.666E-05.08380.359  782.40980.730.002800          0 0 0          0 0 0  7  7  0        7  2  5      764426807260783049    45.0   45.0
 11  612.449549 4.006E-29 2.331E-01.06470.333 4643.99910.600.003810          1 0 0          1 0 0  9  6  3        8  3  6      434233837294713152    57.0   51.0
 11  612.632400 2.616E-25 8.390E+01.02140.185 3922.33110.17-.001100          0 0 0          0 0 0 15 11  5       14 10  4      464426837260783049    31.0   29.0
 11  612.632958 7.847E-25 8.389E+01.02140.185 3922.33060.17-.001100          0 0 0          0 0 0 15 11  4       14 10  5      464426837260783049    93.0   87.0
 11  612.751144 9.011E-29 4.517E-04.04570.235 3264.33740.49-.016690          0 1 0          0 0 0 13  2 11       14  7  8      574233837260713049    81.0   87.0
 11  612.835064 2.042E-30 1.842E-04.07680.391 3482.48020.61-.004170          1 0 0          0 2 0  6  0  6        5  1  5      534233837294713152    13.0   11.0
 11  612.868521 1.406E-29 9.844E-02.03150.371 4407.15760.33-.019930          1 0 0          0 2 0  7  7  1        6  6  0      534233837294713152    15.0   13.0
 11  612.940340 1.101E-27 1.283E-02.06150.315 3139.47580.64-.004460          0 1 0          0 1 0  9  8  2        9  5  5      534223837294713152    19.0   19.0
 11  612.950072 2.189E-22 6.681E-03.08650.363  446.69660.700.006830          0 0 0          0 0 0  7  5  3        6  0  6      766421807274783029    15.0   13.0
 11  612.979827 3.177E-29 7.413E-02.03150.371 4407.04630.33-.019900          1 0 0          0 2 0  7  7  0        6  6  1      534233837294713152    45.0   39.0
 11  613.135610 3.706E-30 5.682E-11.08870.412  275.49700.710.000000          0 0 0          0 0 0  6  5  1        4  1  3     q7322308079917122 0    13.0    9.0
 11  613.139040 1.954E-30 1.384E-04.05650.221 3624.18130.64-.008830          0 1 0          0 0 0 16  0 16       15  7  9      474233837260713049    33.0   31.0
 11  613.193802 3.781E-30 4.428E+00.04580.265 5581.10940.440.014200          1 0 0          1 0 0 13  5  9       12  2 10      434233837294713152    27.0   25.0
 11  613.331766 4.716E-25 9.506E-02.05070.266 2631.26890.53-.004800          0 0 0          0 0 0 15  4 11       15  1 14      564426837260783049    93.0   93.0
 11  613.499609 1.140E-29 1.824E-06.06330.281 2522.26520.66-.005420          0 1 0          0 0 0 11  1 10       11  8  3      574233837260713049    69.0   69.0
 11  613.712559 1.411E-30 3.858E-04.06870.352 3739.51880.57-.003200          1 0 0          0 2 0  7  2  6        7  1  7      534243837294713152    15.0   15.0
 11  613.785320 4.865E-29 1.646E-04.04390.208 3211.21260.520.011470          0 0 0          0 0 0 15  8  7       16  3 14      534233837260713049    93.0   99.0
 11  614.057798 4.669E-30 3.678E-01.04620.172 5326.98310.47-.014450          0 0 0          0 0 0 19 10  9       19  7 12      434233837260713049   117.0  117.0
 11  614.065109 3.625E-28 3.767E-02.01690.183 3940.58730.10-.004580          0 1 0          0 0 0 17  0 17       18  3 16      474223837260713049   105.0  111.0
 11  614.107897 1.208E-28 3.766E-02.01690.183 3940.54490.10-.004580          0 1 0          0 0 0 17  1 17       18  2 16      474233837260713049    35.0   37.0
 11  614.242826 2.658E-27 3.068E-02.05740.298 3383.26540.59-.005080          0 1 0          0 1 0 10  8  3       10  5  6      534426837294713152    63.0   63.0
 11  614.375844 3.071E-30 4.039E+00.06120.265 5830.25920.590.018060          0 0 1          0 0 1 13  6  8       12  3  9      434233837294713152    81.0   75.0
 11  614.576741 2.612E-23 9.232E+00.05550.339 2746.02350.530.011220          0 0 0          0 0 0 15  5 10       14  4 11      566621837274 13029    93.0   87.0
 11  614.745743 9.474E-30 2.045E-06.08000.333 2495.16580.720.001950          0 1 0          0 1 0  7  7  0        8  2  7      634233837294713152    45.0   51.0
 11  615.137355 6.594E-28 9.137E+01.02130.250 5381.55280.18-.001050          0 1 0          0 1 0 14 11  4       13 10  3      434223837294713152    87.0   81.0
 11  615.137520 2.198E-28 9.137E+01.02130.250 5381.55270.18-.001050          0 1 0          0 1 0 14 11  3       13 10  4      434233837294713152    29.0   27.0
 11  615.179951 1.011E-30 1.796E-04.03840.195 3812.04690.460.009670          0 0 0          0 0 0 16  9  7       17  4 14      432230837260713049    33.0   35.0
 11  615.424585 3.677E-30 3.817E-01.03120.333 5008.96280.32-.020370          1 0 0          0 2 0  9  8  2        8  7  1      434233837294713152    19.0   17.0
 11  615.424891 1.103E-29 3.817E-01.03120.333 5008.96250.32-.020340          1 0 0          0 2 0  9  8  1        8  7  2      434233837294713152    57.0   51.0
 11  615.465356 5.063E-28 5.889E-02.05300.281 3650.50900.54-.004220          0 1 0          0 1 0 11  8  4       11  5  7      534223837294713152    23.0   23.0
 11  615.469477 4.298E-28 1.003E-05.06120.265 2124.95140.650.001020          0 0 0          0 0 0 11  9  2       12  4  9      534423837260713049    69.0   75.0
 11  615.677958 1.535E-28 2.450E-09.07340.352  586.24350.650.000000          0 0 0          0 0 0  9  2  7        7  0  7     q6422308079917122 0    57.0   45.0
 11  615.701846 6.846E-30 1.014E-05.07400.315 2690.59370.690.002910          0 1 0          0 1 0  8  7  1        9  2  8      534233837294713152    17.0   19.0
 11  615.873675 6.480E-29 3.075E-05.07180.298 2705.13960.670.004280          0 1 0          0 1 0  9  6  3       10  1 10      534233837294713152    57.0   63.0
 11  615.875787 1.572E-27 3.959E+01.04590.183 4865.22650.46-.015020          0 0 0          0 0 0 19  8 12       18  7 11      434426837260713049    39.0   37.0
 11  616.072683 1.808E-21 6.224E-02.08650.566  744.16270.710.001200          0 0 0          0 0 0  9  4  5        8  1  8      766321837274133029    57.0   51.0
 11  616.400085 2.352E-24 6.413E-03.04310.300 1437.96860.640.003920          0 0 0          0 0 0 10  7  3       10  2  8      564420837274783029    21.0   21.0
 11  616.450479 1.418E-25 1.314E+02.00810.139 4350.5911-.09-.000170          0 0 0          0 0 0 14 14  1       13 13  0      464426837260783049    87.0   81.0
 11  616.450479 4.728E-26 1.315E+02.00810.139 4350.5911-.09-.000180          0 0 0          0 0 0 14 14  0       13 13  1      464426837260783049    29.0   27.0
 11  616.576428 1.764E-30 2.101E+01.02310.281 6266.37160.21-.001210          0 2 0          0 2 0 12 10  3       11  9  2      434233837294713152    75.0   69.0
 11  616.576502 5.897E-31 2.107E+01.03200.271 6266.37150.510.000000          0 2 0          0 2 0 12 10  2       11  9  3      4333308387659336 0    25.0   23.0
 11  616.803511 1.325E-28 3.908E-01.02780.183 4638.64520.250.007240          0 0 0          0 0 0 18  9 10       18  6 13      434233837260713049   111.0  111.0
 11  616.816735 5.980E-30 1.789E-04.07750.391 3478.98650.62-.000310          1 0 0          0 2 0  6  1  6        5  0  5      534233837294713152    39.0   33.0
 11  617.026867 6.744E-28 9.896E-02.04830.265 3940.51940.49-.001960          0 1 0          0 1 0 12  8  5       12  5  8      534223837294713152    75.0   75.0
 11  617.427361 3.881E-30 5.703E-04.03650.172 4021.21790.470.006830          0 0 0          0 0 0 18  6 13       19  1 18      434233837260713049   111.0  117.0
 11  617.784146 7.571E-30 3.828E-02.07660.315 4611.79480.72-.003740          0 2 0          0 2 0  9  7  2        9  4  5      434233837294713152    57.0   57.0
 11  618.000538 9.200E-30 7.010E-04.08950.456 3317.21060.72-.000800          1 0 0          0 2 0  3  3  1        2  2  0      534233837294713152     7.0    5.0
 11  618.084217 1.377E-30 9.547E-03.07140.371 4401.94190.70-.003040          1 0 0          1 0 0  7  7  1        6  4  2      534233837294713152    15.0   13.0
 11  618.172979 1.065E-24 1.261E+00.04880.275 2705.09690.460.004420          0 1 0          0 1 0 11  3  9       10  0 10      564426837294783152    23.0   21.0
 11  618.619859 6.956E-31 1.597E+00.04270.161 5812.07140.380.000000          0 1 0          0 0 0 21  2 20       20  7 13      4333308387659336 0    43.0   41.0
 11  618.854647 4.325E-30 3.713E+01.04190.150 6318.55420.40-.005210          0 0 0          0 0 0 22  8 15       21  7 14      344233833260713049   135.0  129.0
 11  618.972713 7.764E-31 5.957E-05.04190.221 3624.18130.420.000000          0 1 0          0 0 0 15  2 14       15  7  9      4333308387659336 0    31.0   31.0
 11  619.198377 1.013E-23 1.293E-02.06370.280 1524.84790.610.010840          0 0 0          0 0 0 11  6  5       11  1 10      667421837274783029    69.0   69.0
 11  619.199389 2.625E-29 6.656E-04.08850.456 3316.14530.710.000700          1 0 0          0 2 0  3  3  0        2  2  1      534233837294713152    21.0   15.0
 11  619.499863 8.102E-29 1.515E-01.04370.250 4252.44820.440.001080          0 1 0          0 1 0 13  8  6       13  5  9      434233837294713152    27.0   27.0
 11  619.524971 2.163E-24 2.779E-02.04950.260 1806.67150.490.001420          0 0 0          0 0 0 13  4 10       13  1 13      564420837274783029    27.0   27.0
 11  619.652656 1.099E-26 1.200E+01.05710.235 4396.05140.530.005260          0 1 0          0 1 0 15  5 10       14  4 11      464426837294713152    93.0   87.0
 11  619.947488 2.151E-28 4.149E+00.05520.281 4716.37960.52-.004810          0 2 0          0 2 0 12  3  9       11  2 10      434233837294713152    25.0   23.0
 11  620.027910 6.115E-30 1.333E-01.05260.265 4967.49080.530.011220          0 2 0          0 2 0 12  5  8       12  2 11      534233837294713152    75.0   75.0
 11  620.203663 1.713E-30 1.435E-02.07480.333 4488.14570.660.001700          1 0 0          0 0 1  9  5  5        8  1  8      534233837294713152    19.0   17.0
 11  620.322415 4.989E-28 3.809E+01.04760.172 5326.98310.48-.014510          0 0 0          0 0 0 20  8 13       19  7 12      434223837260713049   123.0  117.0
 11  620.577003 5.146E-22 2.465E+00.07320.329 1813.22340.640.012720          0 0 0          0 0 0 12  6  7       11  3  8      567420837274783029    75.0   69.0
 11  620.588188 2.569E-29 5.379E-01.04180.281 4958.90110.400.003770          1 0 0          1 0 0 12  3 10       11  0 11      434233837294713152    75.0   69.0
 11  620.652033 3.812E-25 7.129E+01.02280.198 4045.32180.17-.001510          0 0 0          0 0 0 16 10  7       15  9  6      464426837260783049    99.0   93.0
 11  620.694995 1.271E-25 7.131E+01.02280.198 4045.28560.17-.001490          0 0 0          0 0 0 16 10  6       15  9  7      464426837260783049    33.0   31.0
 11  621.037480 1.556E-29 3.599E+01.04570.161 5812.07140.45-.010760          0 0 0          0 0 0 21  8 14       20  7 13      344233833260713049    43.0   41.0
 11  621.319313 2.923E-29 1.013E+00.04270.281 5062.01330.410.000170          0 0 1          0 0 1 12  2 10       11  1 11      534233837294713152    75.0   69.0
 11  621.605619 1.023E-30 5.891E-03.08080.333 4387.35720.710.000380          0 2 0          1 0 0  8  7  1        8  0  8      534233837294713152    17.0   17.0
 11  622.055799 5.301E-30 1.561E+01.05710.235 6019.83170.530.005260          0 2 0          0 2 0 15  5 10       14  4 11      434233837294713152    93.0   87.0
 11  622.172605 1.632E-29 1.030E+00.04270.281 4958.93670.410.000170          1 0 0          1 0 0 12  2 10       11  1 11      434233837294713152    25.0   23.0
 11  622.199105 2.164E-29 2.757E-05.06860.298 2904.42840.670.004030          0 1 0          0 1 0  9  7  2       10  2  9      534233837294713152    57.0   63.0
 11  622.223425 2.228E-30 9.015E-02.05410.298 5076.26600.490.000700          0 0 1          1 0 0 11  5  7       10  3  8      434233837294713152    69.0   63.0
 11  622.519671 9.730E-30 1.015E+00.04180.281 5062.01050.400.003770          0 0 1          0 0 1 12  3 10       11  0 11      434233837294713152    25.0   23.0
 11  622.649628 1.775E-30 1.020E-02.07540.333 4386.31320.72-.003290          0 2 0          0 2 0  8  7  1        8  4  4      534233837294713152    17.0   17.0
 11  622.841059 2.686E-25 6.341E-02.08100.371 2282.58960.72-.001340          0 1 0          0 1 0  7  6  2        6  3  3      564426807294713152    15.0   13.0
 11  622.883949 1.630E-28 3.611E+01.04590.208 5512.01420.450.014970          0 1 0          0 1 0 17  7 10       16  6 11      434233837294713152   105.0   99.0
 11  623.052390 4.945E-26 5.797E+01.02480.228 4207.56200.17-.003510          0 0 0          0 0 0 17  9  9       16  8  8      464426837260783049    35.0   33.0
 11  623.546261 7.288E-29 2.159E-01.03950.235 4585.34910.390.004510          0 1 0          0 1 0 14  8  7       14  5 10      434233837294713152    87.0   87.0
 11  623.798441 5.122E-30 4.264E-03.07520.352 4188.39430.72-.002390          0 2 0          0 2 0  7  7  0        7  4  3      534233837294713152    45.0   45.0
 11  624.362088 1.974E-29 2.505E-01.07170.315 4817.73570.660.010850          0 0 1          0 0 1 10  5  5        9  2  8      534233837294713152    63.0   57.0
 11  624.562531 1.494E-25 5.829E+01.02440.234 4206.33130.17-.001990          0 0 0          0 0 0 17  9  8       16  8  9      464426837260783049   105.0   99.0
 11  624.638031 6.550E-31 9.650E-05.09230.444 3500.51070.710.000000          0 0 1          0 2 0  4  3  2        3  3  1      5333308387659336 0     9.0    7.0
 11  624.818000 8.944E-26 1.002E+02.01830.163 4172.15250.13-.000910          0 0 0          0 0 0 15 12  4       14 11  3      464423837260783049    31.0   29.0
 11  624.818019 2.683E-25 1.002E+02.01830.163 4172.15250.13-.000910          0 0 0          0 0 0 15 12  3       14 11  4      464426837260783049    93.0   87.0
 11  624.999076 5.015E-29 2.869E-01.04030.221 4507.52260.430.012450          0 1 0          0 1 0 15  6 10       15  3 13      434233837294713152    31.0   31.0
 11  625.169376 1.354E-28 7.838E+01.02410.235 5457.24240.20-.001400          0 1 0          0 1 0 15 10  6       14  9  5      434233837294713152    31.0   29.0
 11  625.175563 4.062E-28 7.838E+01.02410.235 5457.23700.20-.001400          0 1 0          0 1 0 15 10  5       14  9  6      434223837294713152    93.0   87.0
 11  625.207355 2.646E-29 5.028E+01.03730.208 5726.70850.35-.010290          0 1 0          0 1 0 17  8 10       16  7  9      434233837294713152    35.0   33.0
 11  625.267082 2.065E-21 2.610E-01.06880.311 1006.11590.600.003260          0 0 0          0 0 0  9  6  3        8  3  6      663421837274783029    57.0   51.0
 11  625.337287 5.028E-28 3.401E+00.05170.298 4480.39240.480.010270          0 2 0          0 2 0 11  4  8       10  1  9      534223837294713152    23.0   21.0
 11  625.561818 4.136E-30 9.424E-03.06970.371 4394.46430.68-.002890          1 0 0          1 0 0  7  7  0        6  4  3      534233837294713152    45.0   39.0
 11  625.623302 1.716E-30 4.271E-03.07230.352 4186.56940.70-.001850          0 2 0          0 2 0  7  7  1        7  4  4      434233837294713152    15.0   15.0
 11  625.663784 5.757E-25 4.141E+00.05420.298 3314.85560.520.016070          0 1 0          0 1 0 12  5  8       11  2  9      564426837294783152    75.0   69.0
 11  625.780747 1.278E-29 6.898E+00.01460.248 5654.78140.270.000000          0 1 0          0 1 0 14 12  3       13 11  2      4333308387659336 0    87.0   81.0
 11  625.781121 6.693E-29 1.084E+02.01690.250 5654.78100.10-.000870          0 1 0          0 1 0 14 12  2       13 11  3      434233837294713152    29.0   27.0
 11  625.801163 1.885E-28 1.017E+02.06640.250 5654.76080.710.003260          0 1 0          0 2 0 14 12  3       13  3 10      334233808794713152    87.0   81.0
 11  625.950339 1.913E-29 4.727E-01.02730.172 4855.15200.260.011600          0 0 0          0 0 0 19  8 12       19  5 15      434233837260713049    39.0   39.0
 11  626.287074 1.220E-30 1.760E-06.08180.315 2904.67040.740.000460          0 1 0          0 1 0  8  8  1        9  3  6      534233837294713152    51.0   57.0
 11  626.300104 1.448E-26 4.560E-02.05260.265 3144.57880.530.005600          0 1 0          0 1 0 12  4  9       12  1 12      564426837294713152    75.0   75.0
 11  626.322311 1.691E-22 4.676E+00.04450.246 1960.20740.440.019960          0 0 0          0 0 0 13  5  9       12  2 10      568521837274 13029    27.0   25.0
 11  626.386134 2.213E-30 6.790E-04.07500.265 3843.41040.68-.003200          0 2 0          0 1 0 11  1 11       12  4  8      434233837294713152    23.0   25.0
 11  626.402985 4.079E-31 3.086E-01.04780.248 5483.12470.480.000000          0 2 0          0 2 0 13  6  8       13  3 11      4333308387659336 0    27.0   27.0
 11  626.634779 1.296E-29 4.038E-01.03580.208 5094.08430.370.013030          0 1 0          0 1 0 16  7 10       16  4 13      434233837294713152    99.0   99.0
 11  626.807263 2.970E-30 6.637E-02.07170.352 4663.15070.69-.003910          0 0 1          0 0 1  8  7  2        7  4  3      434233837294713152    17.0   15.0
 11  626.846473 3.892E-30 6.902E-05.09940.456 3237.91730.740.008210          1 0 0          0 2 0  3  2  1        2  1  2      534223837294713152    21.0   15.0
 11  626.871140 7.188E-30 5.171E-04.09970.434 3299.99110.74-.002200          0 0 1          0 2 0  3  1  2        3  1  3      534243837294713152     7.0    7.0
 11  627.056328 6.485E-30 4.663E-01.02600.172 5074.22160.230.009030          0 0 0          0 0 0 19  9 11       19  6 14      434233837260713049    39.0   39.0
 11  627.154676 9.602E-31 4.284E+00.04780.248 5862.46660.480.000000          1 0 0          1 0 0 14  4 10       13  3 11      4333308387659336 0    29.0   27.0
 11  627.227169 8.501E-30 1.615E-02.06770.333 4381.73540.66-.002150          0 2 0          0 2 0  8  7  2        8  4  5      534233837294713152    51.0   51.0
 11  627.363670 6.528E-29 3.242E-02.04150.391 4050.51250.42-.018840          1 0 0          0 2 0  6  6  1        5  5  0      534233837294713152    39.0   33.0
 11  627.372556 2.150E-29 3.203E-02.04140.391 4050.50380.42-.018700          1 0 0          0 2 0  6  6  0        5  5  1      534233837294713152    13.0   11.0
 11  627.527339 2.975E-29 2.045E-05.06500.265 2813.51220.63-.010130          0 1 0          0 0 0 11  3  8       12  8  5      574233837260713049    69.0   75.0
 11  627.531836 9.892E-28 1.660E+00.07360.315 4399.54210.670.013710          0 2 0          0 2 0 10  5  6        9  2  7      434223837294713152    63.0   57.0
 11  627.863109 2.336E-29 1.912E-03.10640.504 3151.63000.75-.000890          0 0 1          0 2 0  1  0  1        0  0  0      534243837294713152     3.0    1.0
 11  628.225377 1.413E-28 2.858E-06.06720.281 1843.02960.69-.000270          0 0 0          0 0 0 10  9  1       11  4  8      534233837260713049    21.0   23.0
 11  628.617537 2.315E-29 4.964E-01.06120.281 4958.90110.600.005640          0 2 0          1 0 0 12  5  8       11  0 11      534233837294713152    75.0   69.0
 11  628.629462 1.156E-30 1.875E-03.07800.352 4348.41470.680.006660          0 0 1          1 0 0  8  5  3        7  1  6      534233837294713152    51.0   45.0
 11  628.763154 2.822E-26 5.449E-03.07450.315 2512.28290.670.006140          0 1 0          0 1 0  9  5  4        9  0  9      564426837294713152    57.0   57.0
 11  629.079626 2.588E-30 3.842E-02.06280.315 4600.49730.61-.001880          0 2 0          0 2 0  9  7  3        9  4  6      434233837294713152    19.0   19.0
 11  629.526932 1.598E-29 2.706E+00.04540.265 5399.33130.44-.004210          1 0 0          1 0 0 13  3 10       12  2 11      434233837294713152    81.0   75.0
 11  629.618717 3.099E-30 2.865E-03.08420.352 4232.18450.710.001140          0 0 1          1 0 0  8  4  4        7  0  7      534233837294713152    51.0   45.0
 11  629.710587 1.368E-24 8.658E-05.08220.307  586.47920.700.003340          0 0 0          0 0 0  7  6  2        7  1  7      764426837260783049    15.0   15.0
 11  629.752079 5.455E-29 2.726E-09.07340.352  586.47920.650.000000          0 0 0          0 0 0  9  3  7        7  1  7     q6422308079917122 0    19.0   15.0
 11  629.837573 6.152E-30 2.897E-01.03600.221 4938.25370.350.007810          0 1 0          0 1 0 15  8  8       15  5 11      434233837294713152    31.0   31.0
 11  629.922889 1.012E-29 2.800E-01.04560.183 4865.22650.47-.015800          0 0 0          0 0 0 18 10  8       18  7 11      434233837260713049    37.0   37.0
 11  630.027779 3.538E-29 3.370E-03.08040.352 3738.60920.690.004460          0 2 0          0 2 0  7  5  2        7  0  7      534233837294713152    45.0   45.0
 11  630.217824 2.067E-28 6.526E+01.02570.221 5568.35410.20-.002670          0 1 0          0 1 0 16  9  8       15  8  7      434233837294713152    99.0   93.0
 11  630.325614 2.386E-30 1.170E-04.06740.371 3601.85890.55-.005170          1 0 0          0 2 0  7  0  7        6  1  6      534223837294713152    45.0   39.0
 11  630.339140 2.406E-30 2.710E-08.05570.281 1998.99530.550.000000          0 0 0          0 0 0 13  5  8       11  5  6     q5422308079917122 0    81.0   69.0
 11  630.532962 6.900E-29 6.533E+01.02540.221 5568.09130.19-.002150          0 1 0          0 1 0 16  9  7       15  8  8      434233837294713152    33.0   31.0
 11  630.537901 6.527E-30 3.321E-01.04970.195 5204.74850.52-.004630          0 1 0          0 1 0 17  5 12       17  2 15      434233837294713152   105.0  105.0
 11  630.711225 3.431E-30 6.187E-04.05970.333 3895.25290.51-.006280          1 0 0          0 2 0  8  2  7        8  1  8      534233837294713152    51.0   51.0
 11  630.830345 1.699E-27 2.438E-05.06580.250 1806.67150.670.007980          0 0 0          0 0 0 12  6  6       13  1 13      534426837260713049    25.0   27.0
 11  630.984302 9.044E-30 6.683E-02.06650.352 4658.97470.65-.002900          0 0 1          0 0 1  8  7  1        7  4  4      534233837294713152    51.0   45.0
 11  631.241323 4.225E-24 1.251E-02.05930.283 1690.66440.600.010770          0 0 0          0 0 0 11  7  4       11  2  9      564426837260783049    69.0   69.0
 11  631.276659 7.137E-29 6.518E-09.07340.352  709.60820.650.000000          0 0 0          0 0 0  9  4  6        7  2  6     q6422308079917122 0    19.0   15.0
 11  631.350296 9.391E-28 3.460E-01.03120.183 4201.85820.340.011110          0 0 0          0 0 0 18  7 12       18  4 15      434223837260713049   111.0  111.0
 11  631.513854 1.451E-26 4.399E+01.03130.268 4409.34430.270.006890          0 0 0          0 0 0 18  8 10       17  7 11      464426837260783049    37.0   35.0
 11  631.671919 5.014E-30 7.321E-02.05750.298 4842.13130.560.000260          0 2 0          0 2 0 10  7  4       10  4  7      434233837294713152    63.0   63.0
 11  631.728411 3.325E-30 2.786E+00.04540.265 5500.91570.44-.004210          0 0 1          0 0 1 13  3 10       12  2 11      434233837294713152    27.0   25.0
 11  632.090731 1.877E-25 3.017E-03.08710.391 1920.76650.710.005010          0 1 0          0 1 0  6  5  2        5  0  5      764426837294713152    39.0   33.0
 11  632.331866 1.083E-30 1.589E-04.06730.371 3600.05240.54-.003620          1 0 0          0 2 0  7  1  7        6  0  6      534233837294713152    15.0   13.0
 11  632.466153 1.373E-27 1.302E-01.07700.371 3736.17080.670.005010          0 2 0          0 2 0  7  5  2        6  2  5      534223837294713152    45.0   39.0
 11  632.521839 1.694E-29 4.169E-01.06070.315 4949.00300.570.007630          0 0 1          0 0 1 10  6  4        9  3  7      534233837294713152    63.0   57.0
 11  632.683563 8.203E-29 5.158E+01.03060.208 5720.71900.260.002890          0 1 0          0 1 0 17  8  9       16  7 10      434233837294713152   105.0   99.0
 11  632.769711 5.112E-23 5.435E+00.05590.305 2248.06450.53-.007950          0 0 0          0 0 0 14  4 10       13  3 11      566421837274783029    29.0   27.0
 11  632.933387 1.736E-26 7.975E-03.06780.315 2688.07990.640.007340          0 1 0          0 1 0  9  6  3        9  1  8      564426837294713152    57.0   57.0
 11  633.089807 7.802E-22 1.095E+00.04470.252 1327.11760.41-.001140          0 0 0          0 0 0 12  2 10       11  1 11      565421837274 13029    25.0   23.0
 11  633.541329 4.153E-29 1.304E-08.06860.333  982.91170.620.000000          0 0 0          0 0 0 10  4  6        8  2  6     q5422308079917122 0    21.0   17.0
 11  633.721294 8.113E-25 6.253E-02.07370.304 2271.71220.670.000230          0 1 0          0 1 0  7  6  1        6  3  4      664426837294783152    45.0   39.0
 11  633.810271 1.946E-29 1.263E+02.01220.250 5935.59900.60-.000650          0 1 0          0 1 0 14 13  1       13 12  2      43420383729471 052    29.0   27.0
 11  633.810271 5.838E-29 1.263E+02.01220.250 5935.59900.60-.000650          0 1 0          0 1 0 14 13  2       13 12  1      43420383729471 052    87.0   81.0
 11  634.287693 3.364E-29 5.099E-03.07230.434 3500.51070.63-.009580          1 0 0          0 2 0  4  4  0        3  3  1      534233837294713152     9.0    7.0
 11  634.291514 2.442E-29 1.235E-01.03860.352 4578.97780.39-.018010          1 0 0          0 2 0  8  7  2        7  6  1      534233837294713152    51.0   45.0
 11  634.304119 1.028E-29 2.471E-01.07170.315 4717.10450.660.010850          1 0 0          1 0 0 10  5  5        9  2  8      434233837294713152    21.0   19.0
 11  634.311962 4.894E-30 5.416E-05.06380.281 3136.41250.650.005320          0 1 0          0 1 0 10  7  3       11  2 10      534233837294713152    21.0   23.0
 11  634.378948 1.021E-28 5.163E-03.07360.434 3500.63870.64-.010060          1 0 0          0 2 0  4  4  1        3  3  0      534243837294713152    27.0   21.0
 11  634.387441 7.070E-30 1.073E-01.03860.352 4578.88230.38-.017860          1 0 0          0 2 0  8  7  1        7  6  2      534233837294713152    17.0   15.0
 11  634.590775 2.887E-26 1.175E+02.01460.139 4431.63810.06-.000750          0 0 0          0 0 0 15 13  3       14 12  2      464426837260783049    31.0   29.0
 11  634.590775 8.661E-26 1.175E+02.01460.139 4431.63810.06-.000750          0 0 0          0 0 0 15 13  2       14 12  3      464426837260783049    93.0   87.0
 11  634.784946 4.829E-30 3.389E-08.05570.281 1899.00820.550.000000          0 0 0          0 0 0 13  4  9       11  4  7     q5422308079917122 0    81.0   69.0
 11  634.940779 1.723E-28 1.011E-08.07340.352  842.35660.650.000000          0 0 0          0 0 0  9  5  4        7  3  4     q7422308079917122 0    57.0   45.0
 11  634.945198 1.910E-30 2.985E+00.06010.315 5801.55290.550.011880          0 3 0          0 3 0 10  4  7        9  1  8      434233837294713152    63.0   57.0
 11  635.114107 1.074E-24 3.325E+00.04420.266 3135.76480.410.008320          0 1 0          0 1 0 12  4  9       11  1 10      564426837294783152    75.0   69.0
 11  635.128062 2.984E-29 1.228E-02.05550.412 3746.77600.53-.016570          1 0 0          0 2 0  5  5  1        4  4  0      534233837294713152    11.0    9.0
 11  635.141324 8.949E-29 1.228E-02.05510.412 3746.76270.52-.016070          1 0 0          0 2 0  5  5  0        4  4  1      534233837294713152    33.0   27.0
 11  635.230756 1.273E-28 8.780E-05.05300.221 2631.28350.600.011320          0 0 0          0 0 0 14  7  7       15  2 14      534433837260713049    29.0   31.0
 11  635.396917 2.340E-21 1.102E+00.04180.293 1327.11000.400.003770          0 0 0          0 0 0 12  3 10       11  0 11      664326837260133049    75.0   69.0
 11  635.933169 1.096E-29 7.264E-02.05860.281 4469.79650.570.006350          0 2 0          0 2 0 11  4  8       11  1 11      434233837294713152    23.0   23.0
 11  635.945137 1.400E-25 8.709E+01.02080.186 4283.30770.15-.001110          0 0 0          0 0 0 16 11  6       15 10  5      464426837260783049    99.0   93.0
 11  635.947437 4.668E-26 8.711E+01.02080.186 4283.30580.15-.001110          0 0 0          0 0 0 16 11  5       15 10  6      464426837260783049    33.0   31.0
 11  636.024599 4.622E-30 4.494E-01.03490.315 5229.57910.35-.019700          1 0 0          0 2 0 10  8  3        9  7  2      434233807294713152    63.0   57.0
 11  636.027003 1.540E-30 4.492E-01.03480.315 5229.57700.35-.019690          1 0 0          0 2 0 10  8  2        9  7  3      434233837294713152    21.0   19.0
 11  636.224980 2.834E-29 1.812E-06.06550.298 2054.36870.64-.006620          0 1 0          0 0 0  9  2  8       10  7  3      574233837260713049    19.0   21.0
 11  636.373948 9.656E-30 9.945E-02.02230.208 4847.62210.19-.003800          0 2 0          0 1 0 15  0 15       16  3 14      534233837294713152    93.0   99.0
 11  636.811197 3.231E-30 9.975E-02.02220.208 4847.18900.18-.003730          0 2 0          0 1 0 15  1 15       16  2 14      534233837294713152    31.0   33.0
 11  636.913872 9.478E-29 2.545E-06.07140.298 1875.46180.66-.006130          0 1 0          0 0 0  9  1  9       10  6  4      574233837260713049    19.0   21.0
 11  637.033975 1.247E-22 1.854E-02.07260.338  757.78020.70-.002500          0 0 0          0 0 0  7  7  1        6  4  2      768421837274783029    15.0   13.0
 11  637.320908 1.356E-29 3.631E-03.03760.208 3870.20170.67-.014700          0 1 0          0 0 0 15  3 13       16  6 10      474233837265713049    31.0   33.0
 11  637.429953 1.827E-29 4.858E-06.05110.250 2629.33450.72-.005390          0 0 0          0 0 0 12 10  3       13  5  8      534233837265713049    75.0   81.0
 11  637.483252 2.813E-29 1.764E-03.10220.480 3196.09340.75-.001380          0 0 1          0 2 0  2  1  2        1  1  1      534243837294713152     5.0    3.0
 11  637.505511 8.548E-31 2.176E+00.05650.273 5726.06220.550.000000          1 0 0          1 0 0 13  6  8       12  3  9      4333308387659336 0    27.0   25.0
 11  637.952784 2.364E-28 3.364E-04.05240.250 2748.09960.55-.013170          0 1 0          0 0 0 12  1 11       13  6  8      574233837260713049    25.0   27.0
 11  638.089423 3.751E-22 1.855E-02.07190.336  756.72480.68-.003530          0 0 0          0 0 0  7  7  0        6  4  3      765321837274133029    45.0   39.0
 11  638.089561 2.077E-29 6.284E-04.09110.434 3392.74930.72-.002780          1 0 0          0 2 0  4  3  2        3  2  1      534233837294713152    27.0   21.0
 11  638.172913 9.878E-30 2.810E+00.03770.265 5500.85660.350.006560          0 0 1          0 0 1 13  4 10       12  1 11      534233837294713152    81.0   75.0
 11  638.248524 8.891E-25 1.552E-01.08120.353 2462.87530.72-.001330          0 1 0          0 1 0  8  6  3        7  3  4      664426837294783152    51.0   45.0
 11  638.256265 1.474E-25 9.595E-02.03800.236 2631.28350.420.007330          0 0 0          0 0 0 15  5 11       15  2 14      564426837260783049    31.0   31.0
 11  638.976302 3.988E-30 3.684E-01.03330.208 5310.23980.320.010340          0 1 0          0 1 0 16  8  9       16  5 12      434233837294713152    99.0   99.0
 11  639.098529 4.360E-29 9.479E+01.02140.235 5721.09840.17-.001100          0 1 0          0 1 0 15 11  5       14 10  4      434233837294713152    31.0   29.0
 11  639.098903 1.308E-28 9.479E+01.02140.235 5721.09820.17-.001100          0 1 0          0 1 0 15 11  4       14 10  5      434233837294713152    93.0   87.0
 11  639.259050 1.651E-29 1.451E+02.00810.250 6220.6268-.09-.000170          0 1 0          0 1 0 14 14  1       13 13  0      334233837294713152    87.0   81.0
 11  639.259050 5.504E-30 1.451E+02.00810.250 6220.6268-.09-.000180          0 1 0          0 1 0 14 14  0       13 13  1      334233837294713152    29.0   27.0
 11  639.492407 4.296E-30 7.980E-02.06170.265 4696.83460.59-.002990          0 2 0          0 2 0 12  3  9       12  0 12      434233837294713152    25.0   25.0
 11  639.624237 5.466E-30 2.845E+00.03770.265 5398.25060.350.006560          1 0 0          1 0 0 13  4 10       12  1 11      434233837294713152    27.0   25.0
 11  639.639238 2.660E-30 4.523E-10.06460.315 1079.07960.600.000000          0 0 0          0 0 0 10  5  6        9  1  8     q6422308079917122 0    63.0   57.0
 11  639.972321 7.673E-22 2.988E+00.04540.275 1774.75110.44-.004210          0 0 0          0 0 0 13  3 10       12  2 11      564420837260783049    81.0   75.0
 11  639.997574 8.069E-30 4.587E-06.06940.281 2522.26130.65-.004470          0 1 0          0 0 0 10  3  7       11  8  4      574233837260713049    21.0   23.0
 11  640.307249 3.097E-30 1.802E-04.04220.195 3567.25480.510.012790          0 0 0          0 0 0 16  8  8       17  3 15      434233837260713049    33.0   35.0
 11  640.311987 3.376E-31 5.531E-02.06550.332 5108.34930.630.000000          0 0 1          1 0 0 10  7  4        9  5  5      4333308387659336 0    21.0   19.0
 11  640.501468 1.777E-27 9.273E-05.06160.265 2275.37290.61-.008430          0 1 0          0 0 0 11  0 11       12  5  8      574223837260713049    69.0   75.0
 11  640.520550 6.612E-29 1.785E-03.09350.456 3316.14530.72-.003700          0 0 1          0 2 0  3  2  2        2  2  1      532230837294713152    21.0   15.0
 11  640.823056 7.572E-30 3.781E-02.07170.352 4572.44630.69-.003910          1 0 0          1 0 0  8  7  2        7  4  3      534233837294713152    51.0   45.0
 11  640.887943 1.104E-29 5.036E+01.04190.195 6134.89820.41-.013450          0 1 0          0 1 0 18  8 11       17  7 10      434233837294713152   111.0  105.0
 11  641.916848 1.735E-28 2.093E-01.04280.195 4428.11420.45-.014930          0 0 0          0 0 0 17 10  7       17  7 10      434233837260713049   105.0  105.0
 11  642.009983 2.687E-26 1.357E+02.01080.131 4697.6611-.04-.000510          0 0 0          0 0 0 15 14  1       14 13  2      464426837260783049    93.0   87.0
 11  642.009983 8.351E-27 1.265E+02.01080.235 4697.6611-.04-.000510          0 0 0          0 0 0 15 14  2       14 13  1      434426831860713049    31.0   29.0
 11  642.231645 6.753E-23 3.971E+00.07110.318 2105.86790.590.016440          0 0 0          0 0 0 13  6  8       12  3  9      566421837274783029    27.0   25.0
 11  642.405541 4.565E-29 1.549E-04.05070.195 2981.35950.58-.002810          0 0 0          0 0 0 16  4 12       17  1 17      434433837260713049    33.0   35.0
 11  642.658038 2.110E-26 5.921E+01.02490.234 4612.79070.18-.004890          0 0 0          0 0 0 18  9 10       17  8  9      464426837260783049   111.0  105.0
 11  642.782768 2.045E-26 7.388E+01.02140.199 4427.22680.13-.001710          0 0 0          0 0 0 17 10  8       16  9  7      464426837260783049    35.0   33.0
 11  642.909955 6.138E-26 7.390E+01.02130.198 4427.12110.13-.001640          0 0 0          0 0 0 17 10  7       16  9  8      464426837260783049   105.0   99.0
 11  643.031226 6.725E-30 8.992E-06.06030.250 2748.09960.63-.008640          0 1 0          0 0 0 13  1 13       13  6  8      574233837260713049    27.0   27.0
 11  643.269435 2.152E-30 1.013E-02.07840.352 4332.77380.680.005560          0 0 1          0 0 1  8  5  4        7  0  7      534233837294713152    17.0   15.0
 11  643.769677 1.545E-30 4.579E-05.04250.208 3639.53800.490.003990          0 0 0          0 0 0 15 10  5       16  5 12      434233837260713049    93.0   99.0
 11  644.133198 2.064E-28 4.515E-07.07330.298 1581.33600.72-.000900          0 0 0          0 0 0  9  9  0       10  4  7      534233837260713049    57.0   63.0
 11  644.172896 5.395E-30 4.863E-04.08890.434 3387.68070.710.001780          1 0 0          0 2 0  4  3  1        3  2  2      534233837294713152     9.0    7.0
 11  644.187115 2.213E-26 2.787E+01.04960.308 4221.03940.490.017200          0 0 0          0 0 0 18  7 11       17  6 12      464426837260783049    37.0   35.0
 11  644.319957 5.833E-22 3.035E-01.07250.356 1080.38540.660.013200          0 0 0          0 0 0 10  5  5        9  2  8      666420837274783029    21.0   19.0
 11  645.186636 2.002E-27 1.642E+00.05120.298 4260.46690.47-.000840          0 2 0          0 2 0 11  2  9       10  1 10      534223837294713152    69.0   63.0
 11  645.517215 1.081E-27 1.482E-01.04260.235 3939.83180.460.008780          0 1 0          0 1 0 14  5 10       14  2 13      434223837294713152    87.0   87.0
 11  645.518244 2.189E-26 6.720E+00.05470.250 3879.72080.53-.005680          0 1 0          0 1 0 14  4 10       13  3 11      464426837294713152    29.0   27.0
 11  645.600433 3.972E-23 4.080E-04.08750.376  399.45750.730.005310          0 0 0          0 0 0  6  6  1        5  1  4      767421807274783029    39.0   33.0
 11  645.671716 8.122E-30 1.502E-01.07420.333 4861.80320.71-.004480          0 0 1          0 0 1  9  7  3        8  4  4      534233837294713152    57.0   51.0
 11  645.707221 2.146E-29 1.773E-03.09690.456 3317.21060.74-.001170          0 0 1          0 2 0  3  2  1        2  2  0      534243837294713152     7.0    5.0
 11  645.880179 1.689E-24 3.154E-01.07180.313 2495.16580.650.009350          0 1 0          0 1 0  9  5  4        8  2  7      664426837294783152    57.0   51.0
 11  646.094391 7.123E-27 5.976E+01.02390.195 4610.02210.16-.001110          0 0 0          0 0 0 18  9  9       17  8 10      434426837260713049    37.0   35.0
 11  646.099762 1.208E-29 3.545E-04.09580.412 3381.70420.73-.004430          0 0 1          0 2 0  4  1  3        4  1  4      534243837294713152    27.0   27.0
 11  646.438671 1.992E-30 1.369E-04.08040.412 3597.86600.66-.008950          0 0 1          0 2 0  5  3  3        4  3  2      534243837294713152    33.0   27.0
 11  646.627889 1.126E-30 1.968E-04.06600.352 3879.33620.550.004160          1 0 0          0 2 0  8  2  7        7  1  6      534233837294713152    51.0   45.0
 11  646.773924 7.732E-30 3.684E-01.06070.315 4850.44130.570.007630          1 0 0          1 0 0 10  6  4        9  3  7      434233837294713152    21.0   19.0
 11  646.794377 3.664E-28 9.742E-02.08340.352 3739.51880.710.005390          0 2 0          0 2 0  8  4  4        7  1  7      534223837294713152    17.0   15.0
 11  647.045784 2.717E-27 1.547E+02.00710.235 4967.0416-.14-.000120          0 0 0          0 0 0 15 15  1       14 14  0      434426837260713049    31.0   29.0
 11  647.045784 8.151E-27 1.547E+02.00710.235 4967.0416-.14-.000120          0 0 0          0 0 0 15 15  0       14 14  1      434426837260713049    93.0   87.0
 11  647.471931 8.922E-29 1.974E-03.10650.480 3201.91340.76-.001920          0 0 1          0 2 0  2  1  1        1  1  0      532230837294713152    15.0    9.0
 11  647.519799 3.768E-26 2.252E-03.05330.207 2054.36870.66-.005390          0 0 0          0 0 0 10 10  0       10  7  3      564426837260783049    21.0   21.0
 11  647.543244 1.130E-25 2.251E-03.05320.207 2054.34520.66-.005370          0 0 0          0 0 0 10 10  1       10  7  4      564426837260783049    63.0   63.0
 11  647.611055 1.263E-30 4.476E+00.05210.250 6028.85820.510.018520          1 0 0          1 0 0 14  6  9       13  3 10      434233837294713152    87.0   81.0
 11  647.777377 3.027E-30 4.130E-04.05140.221 3937.57170.570.006650          0 1 0          0 1 0 14  5 10       15  0 15      434233837294713152    87.0   93.0
 11  647.838386 1.812E-28 4.832E-02.05810.352 3739.51880.48-.006370          1 0 0          0 2 0  8  0  8        7  1  7      534233837294713152    17.0   15.0
 11  648.029854 7.306E-29 8.139E+01.02280.221 5817.09680.17-.001510          0 1 0          0 1 0 16 10  7       15  9  6      434233837294713152    99.0   93.0
 11  648.052064 2.435E-29 8.137E+01.02280.221 5817.08010.17-.001490          0 1 0          0 1 0 16 10  6       15  9  7      434233837294713152    33.0   31.0
 11  648.140660 1.393E-30 4.724E-04.05940.281 3832.25180.59-.012240          0 2 0          0 1 0 10  1  9       11  6  6      534233837294713152    21.0   23.0
 11  648.173377 8.177E-31 9.685E-04.04510.302 4068.93110.560.000000          1 0 0          0 2 0  9  2  8        9  1  9      5333308387659336 0    19.0   19.0
 11  648.608419 1.837E-29 1.552E-01.04640.195 4610.02210.59-.011030          0 1 0          0 0 0 18  1 17       17  8 10      474233837260713049    37.0   35.0
 11  648.627452 4.737E-26 1.039E+02.01850.170 4534.96360.12-.000910          0 0 0          0 0 0 16 12  5       15 11  4      464426837260783049    99.0   93.0
 11  648.627538 1.579E-26 1.039E+02.01850.170 4534.96350.12-.000910          0 0 0          0 0 0 16 12  4       15 11  5      464426837260783049    33.0   31.0
 11  648.861594 4.907E-30 7.779E-07.06820.298 2254.28450.68-.004490          0 1 0          0 0 0 10  1  9       10  8  2      574233837260713049    21.0   21.0
 11  648.993114 6.103E-30 3.620E-01.04320.161 5031.79410.47-.004470          0 0 0          0 0 0 20  6 14       20  3 17      334233837260713049    41.0   41.0
 11  649.109196 1.040E-29 4.113E-05.06860.281 2915.89430.660.005360          0 1 0          0 1 0 10  6  4       11  1 11      534233837294713152    21.0   23.0
 11  649.280107 2.860E-30 4.213E-02.06650.352 4563.98960.65-.002900          1 0 0          1 0 0  8  7  1        7  4  4      434233837294713152    17.0   15.0
 11  649.412579 1.244E-29 3.497E-02.04930.371 4197.36100.47-.017320          1 0 0          0 2 0  7  6  2        6  5  1      434233837294713152    15.0   13.0
 11  649.437102 3.659E-29 3.428E-02.04900.371 4197.33880.47-.016990          1 0 0          0 2 0  7  6  1        6  5  2      534233837294713152    45.0   39.0
 11  649.573654 1.731E-28 2.786E+00.06390.298 4644.21720.600.016490          0 2 0          0 2 0 11  5  7       10  2  8      434233837294713152    23.0   21.0
 11  649.771815 1.231E-28 2.411E-03.10600.480 3175.44120.760.002560          0 0 1          0 2 0  2  0  2        1  0  1      532230837294713152    15.0    9.0
 11  649.846060 2.856E-28 1.514E-01.04020.208 4016.13450.42-.012830          0 0 0          0 0 0 16 10  6       16  7  9      434223837260713049    33.0   33.0
 11  650.074298 1.168E-29 9.841E-02.01580.172 4608.55620.09-.003950          0 1 0          0 0 0 18  1 17       19  4 16      474233837260713049    37.0   39.0
 11  650.140090 2.464E-25 3.281E-01.08000.333 2670.78970.71-.000800          0 1 0          0 1 0  9  6  4        8  3  5      564426837294713152    19.0   17.0
 11  650.264230 1.309E-29 1.122E+02.01830.235 5996.69020.13-.000910          0 1 0          0 1 0 15 12  4       14 11  3      334233837294713152    31.0   29.0
 11  650.264358 3.926E-29 1.122E+02.01830.235 5996.69010.13-.000910          0 1 0          0 1 0 15 12  3       14 11  4      334233837294713152    93.0   87.0
 11  650.386675 1.073E-29 6.294E-07.07540.298 2254.28380.700.000230          0 1 0          0 0 0  9  3  6       10  8  3      574233837260713049    57.0   63.0
 11  650.407310 3.540E-29 9.935E-02.01530.172 4608.22360.07-.003320          0 1 0          0 0 0 18  2 17       19  3 16      474233837260713049   111.0  117.0
 11  650.728185 9.957E-30 6.005E-07.07130.298 2054.36870.68-.004080          0 1 0          0 0 0 10  0 10       10  7  3      574233837260713049    21.0   21.0
 11  650.750499 5.105E-28 7.387E-08.08480.333  744.06370.730.001920          0 0 0          0 0 0  7  7  1        8  0  8      734223837260713049    15.0   17.0
 11  650.921650 1.276E-25 8.603E-03.04870.220 2321.90570.59-.005890          0 0 0          0 0 0 11 10  1       11  7  4      564426837260783049    69.0   69.0
 11  651.014299 4.256E-26 8.607E-03.04860.217 2321.81310.59-.005820          0 0 0          0 0 0 11 10  2       11  7  5      564426837260783049    23.0   23.0
 11  651.087851 3.450E-30 1.987E+00.05660.315 5586.59020.520.005280          0 3 0          0 3 0 10  3  8        9  0  9      434233837294713152    63.0   57.0
 11  651.476156 2.659E-28 1.515E-01.05070.221 4243.10960.53-.004800          0 1 0          0 1 0 15  4 11       15  1 14      434233837294713152    93.0   93.0
 11  651.508462 1.111E-29 6.742E+01.02480.208 5949.86900.17-.003510          0 1 0          0 1 0 17  9  9       16  8  8      434233837294713152    35.0   33.0
 11  651.580232 2.534E-22 3.059E+00.03750.276 1774.61630.350.009120          0 0 0          0 0 0 13  4 10       12  1 11      565620837274 13029    27.0   25.0
 11  651.792448 1.103E-29 8.362E+00.05470.250 5483.12470.53-.005680          0 2 0          0 2 0 14  4 10       13  3 11      434233837294713152    29.0   27.0
 11  652.023928 7.176E-30 8.574E-05.05970.265 3386.37950.630.006690          0 1 0          0 1 0 11  7  4       12  2 11      534233837294713152    69.0   75.0
 11  652.300455 3.346E-29 6.762E+01.02440.208 5949.21610.17-.001990          0 1 0          0 1 0 17  9  8       16  8  9      434233837294713152   105.0   99.0
 11  652.369146 5.981E-25 1.609E+01.05570.330 3639.53800.540.012690          0 0 0          0 0 0 17  6 11       16  5 12      464426837260783049   105.0   99.0
 11  652.737917 2.831E-28 1.360E-08.08330.391  742.07630.690.000000          0 0 0          0 0 0  7  7  0        5  5  0     q7422308079917122 0    45.0   33.0
 11  652.741139 9.435E-29 1.360E-08.08330.391  742.07300.690.000000          0 0 0          0 0 0  7  7  1        5  5  1     q7422308079917122 0    15.0   11.0
 11  652.791334 1.421E-30 2.294E-05.04750.221 3269.53980.540.001720          0 0 0          0 0 0 14 10  4       15  5 11      434233837260713049    29.0   31.0
 11  652.897160 6.065E-25 1.956E-02.05360.286 1960.20740.560.012480          0 0 0          0 0 0 12  7  5       12  2 10      564426837260783049    25.0   25.0
 11  653.268275 6.937E-30 4.967E-01.02570.161 5294.03720.250.010730          0 0 0          0 0 0 20  8 13       20  5 16      334233837260713049   123.0  123.0
 11  653.659875 2.676E-26 2.067E-02.04520.237 2613.10460.53-.006700          0 0 0          0 0 0 12 10  2       12  7  5      564426837260783049    25.0   25.0
 11  653.784670 3.608E-27 2.058E-01.03270.195 3567.25480.360.009480          0 0 0          0 0 0 17  6 12       17  3 15      434426837260713049    35.0   35.0
 11  653.861707 8.352E-29 1.150E-08.07810.371  757.78020.670.000000          0 0 0          0 0 0  8  6  2        6  4  2     q7422308079917122 0    17.0   13.0
 11  653.964636 8.034E-26 2.067E-02.04480.233 2612.79980.52-.006470          0 0 0          0 0 0 12 10  3       12  7  6      564426837260783049    75.0   75.0
 11  654.211599 3.595E-27 1.043E-01.03920.221 3629.09610.41-.010530          0 0 0          0 0 0 15 10  5       15  7  8      434426837260713049    93.0   93.0
 11  654.266381 5.328E-31 6.234E-04.06620.355 4062.83810.630.000000          1 0 0          0 2 0  9  2  8        8  1  7      5333308387659336 0    19.0   17.0
 11  654.348048 4.856E-30 6.240E-04.09140.412 3495.93920.73-.003930          1 0 0          0 2 0  5  3  3        4  2  2      534233837294713152    11.0    9.0
 11  654.876029 6.316E-31 5.024E+00.04780.248 5964.91280.480.000000          0 0 1          0 0 1 14  5 10       13  2 11      4333308387659336 0    29.0   27.0
 11  654.886660 2.530E-28 1.159E-08.07810.371  756.72480.670.000000          0 0 0          0 0 0  8  6  3        6  4  3     q7422308079917122 0    51.0   39.0
 11  655.092685 4.806E-30 1.797E-01.04250.333 4775.08820.42-.017570          1 0 0          0 2 0  9  7  3        8  6  2      534233837294713152    19.0   17.0
 11  655.259144 3.866E-29 7.948E-09.06860.333  882.89030.620.000000          0 0 0          0 0 0 10  3  7        8  1  7     q6422308079917122 0    21.0   17.0
 11  655.378723 1.055E-29 1.314E-01.04230.333 4774.80490.42-.017460          1 0 0          0 2 0  9  7  2        8  6  3      534233837294713152    57.0   51.0
 11  655.433292 3.601E-26 3.986E-02.04220.240 2927.94130.47-.007510          0 0 0          0 0 0 13 10  3       13  7  6      564426837260783049    81.0   81.0
 11  655.474839 2.331E-28 2.129E+01.05570.208 5310.23980.540.012690          0 1 0          0 1 0 17  6 11       16  5 12      434233837294713152   105.0   99.0
 11  655.559531 3.908E-30 5.274E+01.03130.195 6123.35730.270.006890          0 1 0          0 1 0 18  8 10       17  7 11      434233837294713152    37.0   35.0
 11  655.650938 7.435E-30 3.586E+01.04960.195 5911.62820.490.017200          0 1 0          0 1 0 18  7 11       17  6 12      434233837294713152    37.0   35.0
 11  655.816843 4.201E-27 6.741E-02.04010.235 3266.51420.43-.008720          0 0 0          0 0 0 14 10  4       14  7  7      434426837260713049    29.0   29.0
 11  655.944568 2.834E-30 1.540E-01.06330.333 4851.53780.61-.002990          0 0 1          0 0 1  9  7  2        8  4  5      434233837294713152    19.0   17.0
 11  656.169626 5.800E-31 5.365E-01.04360.281 5473.81160.580.000000          1 0 0          0 2 0 11  8  4       10  7  3      4333308387659336 0    23.0   21.0
 11  656.180544 1.732E-30 5.341E-01.03720.298 5473.80320.38-.019540          1 0 0          0 2 0 11  8  3       10  7  4      434233837294713152    69.0   63.0
 11  656.299277 1.203E-26 3.988E-02.04140.233 2927.07520.47-.006750          0 0 0          0 0 0 13 10  4       13  7  7      564426837260783049    27.0   27.0
 11  656.511457 7.810E-31 2.164E-03.08260.413 4190.26220.680.000000          1 0 0          1 0 0  7  6  2        6  1  5      5333308387659336 0    15.0   13.0
 11  656.555608 1.121E-30 9.856E-05.09310.412 3375.29800.720.008040          1 0 0          0 2 0  4  3  1        4  0  4      534233837294713152     9.0    9.0
 11  657.272617 8.238E-30 8.249E-03.07840.352 4232.18450.680.005560          1 0 0          1 0 0  8  5  4        7  0  7      534233807294713152    51.0   45.0
 11  657.670776 1.218E-28 2.361E-03.09750.456 3237.91730.74-.000840          0 0 1          0 2 0  3  1  3        2  1  2      532230837294713152    21.0   15.0
 11  657.732875 5.948E-29 1.334E-02.06310.391 3868.98700.57-.016350          1 0 0          0 2 0  6  5  2        5  4  1      534233837294713152    39.0   33.0
 11  657.847477 1.981E-29 1.333E-02.06170.391 3868.87300.55-.015000          1 0 0          0 2 0  6  5  1        5  4  2      534233837294713152    13.0   11.0
 11  657.993186 1.267E-26 6.747E-02.03840.238 3264.33740.42-.006580          0 0 0          0 0 0 14 10  5       14  7  8      464426837260783049    87.0   87.0
 11  658.103139 1.750E-30 3.049E-01.07540.298 5355.26280.71-.004510          0 0 1          0 0 1 11  7  5       10  4  6      434233837294713152    69.0   63.0
 11  658.178605 1.278E-28 1.512E-04.04310.195 2981.35940.530.005260          0 0 0          0 0 0 16  5 12       17  0 17      534433837260713049    99.0  105.0
 11  658.268048 3.188E-30 5.184E+00.03870.250 5862.33890.370.011690          1 0 0          1 0 0 14  5 10       13  2 11      434233837294713152    87.0   81.0
 11  658.286549 6.485E-29 1.077E-08.07340.352  816.69420.650.000000          0 0 0          0 0 0  9  5  5        7  3  5     q6422308079917122 0    19.0   15.0
 11  658.375224 8.453E-29 6.011E-03.07560.412 3597.86600.64-.008430          1 0 0          0 2 0  5  4  1        4  3  2      534243837294713152    33.0   27.0
 11  658.684763 7.486E-27 9.033E+01.01970.208 4665.98060.12-.001150          0 0 0          0 0 0 17 11  7       16 10  6      434426837260713049    35.0   33.0
 11  658.692762 2.246E-26 9.034E+01.01970.186 4665.97390.12-.001150          0 0 0          0 0 0 17 11  6       16 10  7      464426837260783049   105.0   99.0
 11  658.869068 1.121E-29 1.304E+02.01460.235 6280.56210.06-.000750          0 1 0          0 1 0 15 13  2       14 12  3      334233837294713152    93.0   87.0
 11  658.869069 3.736E-30 1.304E+02.01460.235 6280.56210.06-.000750          0 1 0          0 1 0 15 13  3       14 12  2      334233837294713152    31.0   29.0
 11  658.874355 5.400E-27 4.397E+01.03340.183 4833.20850.300.011430          0 0 0          0 0 0 19  8 11       18  7 12      434426837260713049   117.0  111.0
 11  658.918092 1.507E-26 1.216E+02.01580.150 4796.97050.07-.000770          0 0 0          0 0 0 16 13  4       15 12  3      464426837260783049    99.0   93.0
 11  658.918094 5.022E-27 1.216E+02.01580.221 4796.97050.07-.000770          0 0 0          0 0 0 16 13  3       15 12  4      434426837260713049    33.0   31.0
 11  659.059774 2.823E-29 6.059E-03.07960.412 3598.72690.68-.008960          1 0 0          0 2 0  5  4  2        4  3  1      534243837294713152    11.0    9.0
 11  659.124423 1.212E-27 1.045E-01.03560.221 3624.18130.38-.005660          0 0 0          0 0 0 15 10  6       15  7  9      434426837260713049    31.0   31.0
 11  659.230564 3.998E-22 4.202E-01.06070.305 1216.23130.570.007630          0 0 0          0 0 0 10  6  4        9  3  7      664426837260783049    21.0   19.0
 11  659.452956 5.973E-22 6.472E-02.07870.401  931.23710.69-.002190          0 0 0          0 0 0  8  7  2        7  4  3      764420807274 13029    51.0   45.0
 11  659.900629 8.764E-28 1.517E-01.03280.208 4006.07320.33-.004140          0 0 0          0 0 0 16 10  7       16  7 10      434223837260713049    99.0   99.0
 11  660.034557 5.055E-25 6.509E-01.07500.315 2904.67040.670.001910          0 1 0          0 1 0 10  6  5        9  3  6      564426837294713152    63.0   57.0
 11  660.377935 2.446E-29 2.271E-10.08330.391  399.45750.690.000000          0 0 0          0 0 0  7  5  2        5  1  4     q7422308079917122 0    45.0   33.0
 11  660.419780 8.892E-28 5.985E+01.02630.183 5040.85820.20-.007190          0 0 0          0 0 0 19  9 11       18  8 10      434223837260713049    39.0   37.0
 11  660.591465 1.235E-28 4.475E-04.05000.250 2927.07520.52-.016170          0 1 0          0 0 0 12  2 10       13  7  7      574233837260713049    25.0   27.0
 11  660.665275 6.011E-29 2.095E-01.03010.195 4409.34430.29-.002160          0 0 0          0 0 0 17 10  8       17  7 11      434233837260713049    35.0   35.0
 11  661.099576 1.094E-24 9.922E-02.08250.418 2337.66680.710.004950          0 1 0          0 1 0  9  4  5        8  1  8      664426837294783152    57.0   51.0
 11  661.108044 1.662E-30 1.438E-01.08470.371 5121.60060.700.005580          0 3 0          0 3 0  7  4  3        6  1  6      434233837294713152    45.0   39.0
 11  661.142407 2.165E-30 7.997E-02.07420.333 4769.03850.71-.004480          1 0 0          1 0 0  9  7  3        8  4  4      534233837294713152    19.0   17.0
 11  661.167640 2.166E-30 1.809E-10.06460.315  920.16830.600.000000          0 0 0          0 0 0 10  4  7        9  0  9     q6422308079917122 0    63.0   57.0
 11  661.187761 2.922E-25 1.461E-01.06940.352 2439.95450.630.001190          0 1 0          0 1 0  8  6  2        7  3  5      664426837294713152    17.0   15.0
 11  661.644196 1.660E-30 2.606E-01.07580.315 5087.01710.72-.004360          0 0 1          0 0 1 10  7  4        9  4  5      434233837294713152    21.0   19.0
 11  661.684720 4.250E-27 4.550E-02.05340.250 3391.12620.55-.002790          0 1 0          0 1 0 13  3 10       13  0 13      534426837294713152    81.0   81.0
 11  661.738174 6.561E-28 1.692E+00.04880.298 4260.35180.460.004420          0 2 0          0 2 0 11  3  9       10  0 10      534223837294713152    23.0   21.0
 11  661.857445 3.331E-27 1.284E-02.06360.298 2903.14600.620.009020          0 1 0          0 1 0 10  6  4       10  1  9      534426837294713152    21.0   21.0
 11  661.881392 3.205E-29 2.774E-01.02770.183 4833.20850.250.000060          0 0 0          0 0 0 18 10  9       18  7 12      434433837260713049   111.0  111.0
 11  662.371616 2.970E-29 2.819E-03.09040.434 3387.68070.70-.005840          0 0 1          0 2 0  4  2  3        3  2  2      534243837294713152     9.0    7.0
 11  662.487437 2.333E-29 9.834E+01.02080.221 6082.41260.15-.001110          0 1 0          0 1 0 16 11  6       15 10  5      334233837294713152    99.0   93.0
 11  662.488591 7.776E-30 9.833E+01.02080.221 6082.41180.15-.001110          0 1 0          0 1 0 16 11  5       15 10  6      334233837294713152    33.0   31.0
 11  662.885606 1.034E-24 1.392E-02.06530.281 1774.61630.610.000100          0 0 0          0 0 0 12  6  6       12  1 11      565420837274783029    25.0   25.0
 11  662.946808 2.006E-22 6.475E-02.07150.291  927.74390.65-.002990          0 0 0          0 0 0  8  7  1        7  4  4      765520807274 13029    17.0   15.0
 11  663.196490 2.310E-30 2.213E-03.04360.315 4263.15050.36-.007170          1 0 0          0 2 0 10  2  9        9  1  8      534233837294713152    63.0   57.0
 11  663.760362 4.236E-30 1.961E-11.08870.412  224.83840.710.000000          0 0 0          0 0 0  6  5  2        4  1  4     q7322308079917122 0    39.0   27.0
 11  664.087000 1.653E-30 3.539E-01.02560.172 5276.80240.220.002350          0 0 0          0 0 0 19 10 10       19  7 13      434233837260713049    39.0   39.0
 11  664.132368 3.777E-30 1.858E-01.05640.221 5152.96440.58-.014200          0 1 0          0 1 0 15  9  6       15  6  9      434233837294713152    93.0   93.0
 11  664.196025 8.856E-27 7.629E+01.02010.195 4830.89390.10-.002040          0 0 0          0 0 0 18 10  9       17  9  8      434426837260713049   111.0  105.0
 11  664.392149 2.826E-29 2.962E-01.03630.208 4847.62210.400.011130          0 1 0          0 1 0 16  6 11       16  3 14      434233837294713152    99.0   99.0
 11  664.454736 1.096E-30 1.948E-04.04870.333 3895.25290.40-.008480          1 0 0          0 2 0  9  0  9        8  1  8      534223837294713152    57.0   51.0
 11  664.535035 2.957E-27 7.638E+01.02000.195 4830.61440.10-.001860          0 0 0          0 0 0 18 10  8       17  9  9      434426837260713049    37.0   35.0
 11  664.781531 6.346E-26 5.344E+00.04580.265 3587.66670.440.014200          0 1 0          0 1 0 13  5  9       12  2 10      564426837294713152    27.0   25.0
 11  665.010281 1.033E-30 1.494E+02.01080.235 6569.4093-.04-.000510          0 1 0          0 1 0 15 14  2       14 13  1      334233837294713152    31.0   29.0
 11  665.010281 3.100E-30 1.494E+02.01080.235 6569.4093-.04-.000510          0 1 0          0 1 0 15 14  1       14 13  2      334233837294713152    93.0   87.0
 11  665.129658 8.977E-30 9.742E-06.05300.235 2918.24490.59-.000490          0 0 0          0 0 0 13 10  3       14  5 10      534233837260713049    81.0   87.0
 11  665.623302 5.940E-28 2.034E-01.04380.183 3940.54490.49-.006190          0 0 0          0 0 0 18  5 13       18  2 16      434223837260713049    37.0   37.0
 11  665.880018 1.600E-30 1.525E-03.04220.298 4260.46690.36-.010150          1 0 0          0 2 0 10  2  9       10  1 10      534233837294713152    63.0   63.0
 11  665.913472 5.486E-25 2.745E-02.04560.244 2073.51500.49-.001700          0 0 0          0 0 0 14  3 11       14  0 14      564426837260783049    29.0   29.0
 11  665.970090 9.144E-30 1.253E-02.04990.195 4428.11420.54-.021020          0 1 0          0 0 0 16  4 13       17  7 10      474233837260713049    99.0  105.0
 11  665.987734 9.508E-30 6.732E-04.08970.391 3626.92220.73-.004750          1 0 0          0 2 0  6  3  4        5  2  3      534233837294713152    39.0   33.0
 11  666.431415 3.500E-25 3.710E+00.04540.265 3386.37950.44-.004210          0 1 0          0 1 0 13  3 10       12  2 11      564426837294713152    81.0   75.0
 11  666.924368 1.529E-27 1.401E+02.01280.221 5066.22880.01-.000620          0 0 0          0 0 0 16 14  2       15 13  3      434426837260713049    33.0   31.0
 11  666.924368 4.587E-27 1.401E+02.01280.221 5066.22880.01-.000620          0 0 0          0 0 0 16 14  3       15 13  2      434426837260713049    99.0   93.0
 11  667.419051 2.203E-30 2.751E-04.09030.391 3482.48020.71-.006200          0 0 1          0 2 0  5  1  4        5  1  5      534233837294713152    11.0   11.0
 11  667.423306 5.416E-30 1.385E-04.09700.434 3289.24250.730.007220          0 0 1          0 2 0  3  2  2        3  0  3      534233837294713152    21.0   21.0
 11  667.448787 4.339E-24 1.937E-04.07740.303  744.16270.690.003750          0 0 0          0 0 0  8  6  3        8  1  8      764426807260783049    51.0   51.0
 11  667.655271 2.751E-27 6.126E+01.02360.183 5035.12650.160.000810          0 0 0          0 0 0 19  9 10       18  8 11      434426837260713049   117.0  111.0
 11  667.741883 9.774E-31 3.272E-04.08770.406 3719.49290.690.000000          0 0 1          0 2 0  6  3  4        5  3  3      5333308387659336 0    13.0   11.0
 11  668.246193 4.142E-29 3.485E-01.02890.172 4608.55620.320.009900          0 0 0          0 0 0 19  7 13       19  4 16      434233837260713049    39.0   39.0
 11  668.456722 2.190E-30 1.527E-01.03150.265 5193.88220.26-.020650          1 0 0          0 2 0 13  2 11       12  3 10      434233837294713152    81.0   75.0
 11  668.868157 4.702E-29 2.612E-03.10180.456 3221.96120.750.002700          0 0 1          0 2 0  3  0  3        2  0  2      532230837294713152     7.0    5.0
 11  668.923209 5.299E-22 1.102E-02.07840.336  586.24350.680.005560          0 0 0          0 0 0  8  5  4        7  0  7      764426807260783049    51.0   45.0
 11  669.567708 9.431E-30 5.689E-03.07680.333 3894.79890.680.005220          0 2 0          0 2 0  8  5  3        8  0  8      534233837294713152    17.0   17.0
 11  669.567906 4.476E-31 8.528E-01.05980.303 5631.83930.590.000000          0 0 1          0 0 1 12  7  6       11  4  7      4333308387659336 0    25.0   23.0
 11  669.992865 9.750E-26 1.237E+00.07150.298 3162.25890.650.009330          0 1 0          0 1 0 11  6  6       10  3  7      564426837294713152    23.0   21.0
 11  670.065618 7.271E-28 4.604E-02.01920.195 3567.25480.14-.004190          0 1 0          0 0 0 16  0 16       17  3 15      474223837260713049    33.0   35.0
 11  670.112273 6.418E-23 5.689E+00.05210.296 2414.72340.510.018520          0 0 0          0 0 0 14  6  9       13  3 10      564426837260783049    87.0   81.0
 11  670.147170 2.183E-27 4.607E-02.01920.195 3567.17380.14-.004190          0 1 0          0 0 0 16  1 16       17  2 15      474223837260713049    99.0  105.0
 11  670.198833 3.944E-28 2.376E-01.07370.352 3894.16780.650.007110          0 2 0          0 2 0  8  5  3        7  2  6      534223837294713152    17.0   15.0
 11  670.254464 3.935E-30 8.435E+01.02140.208 6198.62420.13-.001710          0 1 0          0 1 0 17 10  8       16  9  7      434233837294713152    35.0   33.0
 11  670.317888 1.181E-29 8.438E+01.02130.208 6198.57190.13-.001640          0 1 0          0 1 0 17 10  7       16  9  8      334233837294713152   105.0   99.0
 11  670.521714 2.873E-27 3.043E-07.07920.315  920.16840.710.002310          0 0 0          0 0 0  8  7  2        9  0  9      634426837260713049    51.0   57.0
 11  670.818662 2.936E-28 1.333E-03.06970.235 2983.39640.68-.008450          0 1 0          0 0 0 13  2 12       14  5  9      574223837260713049    27.0   29.0
 11  670.990481 1.871E-29 3.780E-02.05310.352 4368.63690.50-.017060          1 0 0          0 2 0  8  6  3        7  5  2      534233837294713152    51.0   45.0
 11  671.096065 6.031E-30 3.655E-02.05230.352 4368.54610.49-.016440          1 0 0          0 2 0  8  6  2        7  5  3      534233837294713152    17.0   15.0
 11  671.360074 1.396E-22 5.491E+00.03940.274 2246.88480.370.011000          0 0 0          0 0 0 14  5 10       13  2 11      565420837274783029    87.0   81.0
 11  671.378497 2.938E-26 9.402E-02.04290.246 2952.38660.48-.004300          0 0 0          0 0 0 16  4 12       16  1 15      464426837260783049    33.0   33.0
 11  671.516161 4.179E-29 2.750E-03.10350.456 3255.34600.76-.003700          0 0 1          0 2 0  3  1  2        2  1  1      534243837294713152     7.0    5.0
 11  671.733330 5.320E-30 6.098E-04.08280.391 3722.73100.70-.008010          1 0 0          0 2 0  6  4  3        5  3  2      534243837294713152    39.0   33.0
 11  671.751548 2.466E-30 5.603E-01.05780.298 5175.95510.550.011370          0 0 1          0 0 1 11  6  5       10  3  8      434233837294713152    23.0   21.0
 11  671.751840 4.811E-30 6.929E+01.02490.195 6353.40260.18-.004890          0 1 0          0 1 0 18  9 10       17  8  9      434233837294713152   111.0  105.0
 11  671.772357 4.026E-25 1.426E+00.04270.281 2915.89430.410.000170          0 1 0          0 1 0 12  2 10       11  1 11      564426837294713152    25.0   23.0
 11  671.866664 2.510E-27 1.076E+02.01800.208 4919.25320.10-.000910          0 0 0          0 0 0 17 12  6       16 11  5      434426837260713049    35.0   33.0
 11  671.867049 7.529E-27 1.076E+02.01800.208 4919.25280.10-.000910          0 0 0          0 0 0 17 12  5       16 11  6      434426837260713049   105.0   99.0
 11  671.873605 3.259E-30 1.371E-04.08880.412 3482.06450.710.002980          1 0 0          0 2 0  5  3  2        4  2  3      534243837294713152    33.0   27.0
 11  671.885324 5.213E-24 2.962E-03.06810.382 1327.11000.690.001280          0 0 0          0 0 0 11  5  6       11  0 11      666421837274783029    69.0   69.0
 11  672.086434 2.932E-30 1.244E-05.04720.235 2983.39640.70-.005350          0 1 0          0 0 0 14  0 14       14  5  9      574233837265713049    29.0   29.0
 11  672.142328 5.387E-30 1.043E-06.05400.265 2300.68500.73-.004750          0 0 0          0 0 0 11 10  2       12  5  7      534233837265713049    23.0   25.0
 11  672.203431 1.290E-30 1.586E-04.04180.183 3940.58730.520.014070          0 0 0          0 0 0 17  8  9       18  3 16      434233837260713049   105.0  111.0
 11  672.242514 4.752E-30 1.282E-01.05400.235 4784.99990.56-.013590          0 1 0          0 1 0 14  9  5       14  6  8      434233837294713152    29.0   29.0
 11  672.507798 1.626E-24 2.763E-02.04160.230 2073.51570.460.004290          0 0 0          0 0 0 14  4 11       14  1 14      564426837260783049    87.0   87.0
 11  672.673548 1.360E-27 1.595E+02.00960.221 5339.6711-.08-.000390          0 0 0          0 0 0 16 15  2       15 14  1      434426837260713049    99.0   93.0
 11  672.673548 4.532E-28 1.595E+02.00960.221 5339.6711-.08-.000390          0 0 0          0 0 0 16 15  1       15 14  2      434223837260713049    33.0   31.0
 11  672.911580 3.924E-31 4.543E-03.07290.355 4523.58900.630.000000          0 0 1          1 0 0  9  5  4        8  1  7      5333308387659336 0    19.0   17.0
 11  673.139500 2.068E-30 8.361E-04.08610.371 3784.67920.71-.003550          1 0 0          0 2 0  7  3  5        6  2  4      534233837294713152    15.0   13.0
 11  673.142058 1.481E-30 1.149E-02.03490.298 4480.39240.27-.011190          1 0 0          0 2 0 11  2 10       10  1  9      434233837294713152    23.0   21.0
 11  673.234255 2.453E-30 1.275E-05.05850.235 3264.33740.65-.008220          0 1 0          0 0 0 15  0 15       14  7  8      474233837260713049    93.0   87.0
 11  673.246887 2.532E-28 2.829E-03.05950.315 3321.01330.68-.004940          0 1 0          0 1 0  9  9  0        9  6  3      534233837294713152    57.0   57.0
 11  673.283993 5.056E-23 2.932E-03.08650.378  542.90580.700.001060          0 0 0          0 0 0  7  6  2        6  1  5      766421807274783029    15.0   13.0
 11  673.330426 8.441E-29 2.829E-03.05920.315 3320.92980.67-.004850          0 1 0          0 1 0  9  9  1        9  6  4      534233837294713152    19.0   19.0
 11  673.373245 8.248E-29 2.759E-03.09740.434 3392.74930.74-.002560          0 0 1          0 2 0  4  2  2        3  2  1      532230837294713152    27.0   21.0
 11  673.376817 1.240E-30 1.118E-02.07670.352 4448.97070.680.006130          0 0 1          0 0 1  8  6  3        7  1  6      534233837294713152    17.0   15.0
 11  673.552393 1.285E-30 4.441E-05.05870.265 3592.42390.630.004860          0 1 0          0 1 0 11  8  3       12  3 10      534233837294713152    69.0   75.0
 11  673.576133 1.617E-30 6.972E+01.02390.195 6351.91580.16-.001110          0 1 0          0 1 0 18  9  9       17  8 10      334233837294713152    37.0   35.0
 11  673.789586 8.941E-30 1.073E-01.06330.333 4756.39400.61-.002990          1 0 0          1 0 0  9  7  2        8  4  5      534233837294713152    57.0   51.0
 11  673.835769 9.818E-29 1.849E+00.04070.281 4905.65360.36-.001170          1 0 0          0 2 0 12  3 10       11  2  9      434233837294713152    75.0   69.0
 11  673.937275 1.474E-30 3.154E-04.07570.352 3879.33620.640.009790          0 0 1          0 2 0  7  3  5        7  1  6      534233837294713152    45.0   45.0
 11  674.152297 7.553E-31 2.495E-04.08220.413 3713.08250.680.000000          0 0 1          0 2 0  6  3  4        6  1  5      5333308387659336 0    13.0   13.0
 11  674.155997 6.910E-30 1.161E+02.01850.221 6360.19710.12-.000910          0 1 0          0 1 0 16 12  5       15 11  4      334233837294713152    99.0   93.0
 11  674.156070 2.303E-30 1.161E+02.01850.221 6360.19690.12-.000910          0 1 0          0 1 0 16 12  4       15 11  5      334233837294713152    33.0   31.0
 11  674.238780 6.237E-31 1.918E-05.06030.299 3323.26980.560.000000          0 1 0          0 1 0 10  8  2       11  3  9      5333308387659336 0    21.0   23.0
 11  674.283681 1.111E-29 3.876E-01.04500.315 4996.33160.45-.017690          1 0 0          0 2 0 10  7  4        9  6  3      434233837294713152    63.0   57.0
 11  674.531588 1.574E-24 9.628E+00.05170.307 3083.86520.49-.002570          0 0 0          0 0 0 16  5 11       15  4 12      464426837260783049    33.0   31.0
 11  674.547720 3.127E-29 1.530E-08.06860.333 1050.15770.620.000000          0 0 0          0 0 0 10  5  5        8  3  5     q5422308079917122 0    21.0   17.0
 11  674.733324 4.913E-28 3.669E+00.04420.281 4714.81900.410.008320          0 2 0          0 2 0 12  4  9       11  1 10      434223837294713152    75.0   69.0
 11  674.754328 1.761E-30 1.629E-04.09170.412 3375.29800.710.003780          0 0 1          0 2 0  4  2  3        4  0  4      534233837294713152     9.0    9.0
 11  674.951612 5.159E-30 2.156E-04.09070.391 3478.98650.720.006170          1 0 0          0 2 0  5  3  2        5  0  5      534233837294713152    33.0   33.0
 11  675.205862 7.413E-30 5.619E-04.09230.412 3375.29800.730.005570          0 2 0          0 2 0  5  5  1        4  0  4      534233837294713152    11.0    9.0
 11  675.494417 8.411E-30 4.704E-05.05060.235 3264.33740.57-.011650          0 1 0          0 0 0 14  2 13       14  7  8      574233837260713049    87.0   87.0
 11  675.628641 2.991E-28 5.972E+01.02940.172 5492.08280.26-.010420          0 0 0          0 0 0 20  9 12       19  8 11      334223837260713049   123.0  117.0
 11  675.760165 3.352E-30 1.137E+00.03570.265 5289.15260.340.001130          0 0 1          0 0 1 13  2 11       12  1 12      434233837294713152    27.0   25.0
 11  675.927450 1.530E-30 1.596E-01.04470.315 4994.70240.44-.017360          1 0 0          0 2 0 10  7  3        9  6  4      534233837294713152    21.0   19.0
 11  675.938626 1.075E-28 1.076E-02.05540.298 3565.00350.62-.005910          0 1 0          0 1 0 10  9  1       10  6  4      534233837294713152    21.0   21.0
 11  676.096453 1.331E-28 1.795E+02.00630.221 5614.0874-.18-.000060          0 0 0          0 0 0 16 16  0       15 15  1      334233837260713049    33.0   31.0
 11  676.096453 3.994E-28 1.795E+02.00630.221 5614.0874-.18-.000060          0 0 0          0 0 0 16 16  1       15 15  0      334223837260713049    99.0   93.0
 11  676.129290 2.724E-30 5.613E-01.03570.265 5186.33730.340.003320          1 0 0          1 0 0 13  3 11       12  0 12      434233837294713152    27.0   25.0
 11  676.237121 3.227E-28 1.076E-02.05460.298 3564.70500.61-.005560          0 1 0          0 1 0 10  9  2       10  6  5      534223837294713152    63.0   63.0
 11  676.322930 1.005E-29 1.138E+00.03570.265 5289.15190.340.003320          0 0 1          0 0 1 13  3 11       12  0 12      434233837294713152    81.0   75.0
 11  676.510649 4.463E-30 1.303E-03.08090.352 3967.48850.68-.000010          1 0 0          0 2 0  8  3  6        7  2  5      534233837294713152    51.0   45.0
 11  676.549571 1.206E-24 1.443E+00.05310.219 2915.87430.40-.001710          0 1 0          0 1 0 12  3 10       11  0 11      564520837274 13129    75.0   69.0
 11  676.662642 4.491E-29 8.318E-02.05190.250 4442.71290.54-.011580          0 1 0          0 1 0 13  9  4       13  6  7      434233837294713152    81.0   81.0
 11  676.671848 2.928E-30 5.086E-02.05110.298 4644.21720.460.006130          1 0 0          0 2 0 11  3  9       10  2  8      434233837294713152    23.0   21.0
 11  676.702382 6.713E-29 7.736E-05.05350.208 2952.39370.610.012690          0 0 0          0 0 0 15  7  8       16  2 15      534433837260713049    93.0   99.0
 11  676.723872 4.433E-30 8.560E-03.06330.315 4399.54210.560.010350          1 0 0          0 2 0 10  3  8        9  2  7      434233837294713152    63.0   57.0
 11  676.891515 2.151E-30 1.730E-01.01540.161 5294.03720.07-.005250          0 1 0          0 0 0 19  2 17       20  5 16      474233837260713049   117.0  123.0
 11  677.215672 1.291E-30 2.755E-03.07380.333 4173.22570.640.007110          1 0 0          0 2 0  9  3  7        8  2  6      534233837294713152    19.0   17.0
 11  677.270496 4.313E-29 2.787E-03.09280.434 3299.99110.72-.001680          0 0 1          0 2 0  4  1  4        3  1  3      534243837294713152     9.0    7.0
 11  677.604622 1.494E-29 1.022E+00.03570.265 5184.73420.340.001130          1 0 0          1 0 0 13  2 11       12  1 12      434233807294713152    81.0   75.0
 11  677.757231 2.282E-28 2.571E-02.05280.281 3833.14440.57-.007630          0 1 0          0 1 0 11  9  2       11  6  5      434233837294713152    69.0   69.0
 11  678.007662 4.346E-31 3.547E-01.03730.248 5483.12470.480.000000          1 0 0          0 2 0 14  2 12       13  3 11      4333308387659336 0    29.0   27.0
 11  678.221343 3.828E-29 4.939E-02.05150.265 4125.59900.55-.009440          0 1 0          0 1 0 12  9  3       12  6  6      434233837294713152    25.0   25.0
 11  678.274807 1.173E-29 2.268E-07.07380.315 2009.80510.70-.003630          0 1 0          0 0 0  9  1  8        9  8  1      574233837260713049    57.0   57.0
 11  678.377649 1.686E-30 2.817E-01.05190.298 5334.98830.50-.028450          0 0 1          1 0 0 11  7  5       10  5  6      434233837294713152    69.0   63.0
 11  678.649780 7.625E-29 2.573E-02.05100.281 3832.25180.56-.006460          0 1 0          0 1 0 11  9  3       11  6  6      434233837294713152    23.0   23.0
 11  678.807707 1.856E-22 1.510E-01.07810.302 1131.77560.71-.003310          0 0 0          0 0 0  9  7  3        8  4  4      666621837274 13029    19.0   17.0
 11  678.850064 2.212E-30 1.423E-04.08860.391 3565.45460.710.005730          0 0 1          0 2 0  5  3  3        5  1  4      534233837294713152    33.0   33.0
 11  679.246797 6.380E-28 1.217E+01.05170.221 4736.24170.49-.002570          0 1 0          0 1 0 16  5 11       15  4 12      434223837294713152    33.0   31.0
 11  679.689808 1.743E-30 5.931E-06.06990.298 3072.72640.690.001950          0 1 0          0 1 0  9  8  1       10  3  8      534233837294713152    57.0   63.0
 11  679.774131 1.497E-30 5.353E+01.03340.183 6546.72110.300.011430          0 1 0          0 1 0 19  8 11       18  7 12      434233837294713152   117.0  111.0
 11  679.783593 1.142E-29 1.448E-02.06730.371 4016.05280.60-.017110          1 0 0          0 2 0  7  5  3        6  4  2      534233837294713152    15.0   13.0
 11  680.234724 4.560E-30 3.334E-06.05880.250 2586.52970.64-.002160          0 0 0          0 0 0 12 10  2       13  5  9      534233837260713049    25.0   27.0
 11  680.321191 3.408E-29 1.439E-02.06380.371 4015.51510.57-.014090          1 0 0          0 2 0  7  5  2        6  4  3      534233837294713152    45.0   39.0
 11  680.371544 3.263E-30 6.664E-01.03210.265 5182.09510.27-.006580          1 0 0          0 2 0 13  3 11       12  2 10      434233837294713152    27.0   25.0
 11  680.534699 1.155E-28 4.943E-02.04750.265 4123.28530.51-.006420          0 1 0          0 1 0 12  9  4       12  6  7      434233837294713152    75.0   75.0
 11  680.817735 3.242E-27 9.353E+01.01840.195 5070.03100.08-.001250          0 0 0          0 0 0 18 11  8       17 10  7      434426837260713049   111.0  105.0
 11  680.843464 1.081E-27 9.355E+01.01840.195 5070.00960.08-.001260          0 0 0          0 0 0 18 11  7       17 10  8      334426837260713049    37.0   35.0
 11  681.056440 5.966E-25 2.589E-02.05240.273 2246.88480.530.005030          0 0 0          0 0 0 13  7  6       13  2 11      563420837274783029    81.0   81.0
 11  681.120384 1.342E-30 1.359E-02.02830.195 4830.89390.24-.003610          0 1 0          0 0 0 16  6 11       17  9  8      474233837260713049    99.0  105.0
 11  681.414338 1.589E-30 2.307E+00.05120.298 5778.04210.47-.000840          0 3 0          0 3 0 11  2  9       10  1 10      434233837294713152    69.0   63.0
 11  681.621742 5.832E-30 2.928E-01.05880.315 5067.07680.57-.001710          0 0 1          0 0 1 10  7  3        9  4  6      434233837294713152    63.0   57.0
 11  681.843253 7.757E-30 7.336E-03.07270.250 4285.64750.71-.009090          0 2 0          0 1 0 12  2 11       13  5  8      534233837294713152    75.0   81.0
 11  681.865118 1.267E-28 2.440E+00.05420.281 4905.65360.520.016070          0 2 0          0 2 0 12  5  8       11  2  9      534233837294713152    75.0   69.0
 11  681.974416 1.516E-29 8.330E-02.04390.250 4437.39980.46-.005380          0 1 0          0 1 0 13  9  5       13  6  8      434233837294713152    27.0   27.0
 11  682.245785 1.428E-25 2.228E+00.06860.281 3441.03950.640.014970          0 1 0          0 1 0 12  6  7       11  3  8      564426837294713152    75.0   69.0
 11  682.258895 1.025E-30 2.113E-01.02900.182 5258.63050.060.000000          0 0 0          0 1 0 19 10 10       18  1 17      4333308387659336 0    39.0   37.0
 11  682.260923 8.660E-26 7.514E-03.08260.371 2041.78050.700.004980          0 1 0          0 1 0  7  5  3        6  0  6      664426837294713152    15.0   13.0
 11  682.303800 3.750E-27 5.842E-03.07390.298 2705.09690.680.006850          0 1 0          0 1 0 10  5  5       10  0 10      534426837294713152    21.0   21.0
 11  682.449022 1.389E-29 4.843E-03.07620.391 3719.49290.64-.004880          1 0 0          0 2 0  6  4  2        5  3  3      534233837294713152    13.0   11.0
 11  682.650420 7.875E-28 1.258E+02.01610.208 5183.59100.07-.000770          0 0 0          0 0 0 17 13  5       16 12  4      434223837260713049    35.0   33.0
 11  682.650438 2.363E-27 1.258E+02.01610.208 5183.59100.07-.000770          0 0 0          0 0 0 17 13  4       16 12  5      434426837260713049   105.0   99.0
 11  682.899611 1.029E-27 1.933E-05.06670.235 2073.51570.680.008810          0 0 0          0 0 0 13  6  7       14  1 14      534426837260713049    81.0   87.0
 11  682.907797 1.344E-27 4.579E-02.04690.250 3391.13080.490.004840          0 1 0          0 1 0 13  4 10       13  1 13      534223837294713152    27.0   27.0
 11  683.091213 1.175E-30 2.626E-01.02070.195 5466.40250.17-.002030          0 2 0          0 1 0 16  2 15       17  3 14      434233837294713152    99.0  105.0
 11  683.192846 1.461E-29 1.284E-01.04020.235 4774.04420.41-.003550          0 1 0          0 1 0 14  9  6       14  6  9      434233837294713152    87.0   87.0
 11  683.409323 8.849E-29 3.843E-03.08610.412 3482.06450.68-.008700          0 0 1          0 2 0  5  2  4        4  2  3      532230837294713152    33.0   27.0
 11  683.737940 3.628E-31 2.753E-03.03730.259 4469.79650.490.000000          1 0 0          0 2 0 11  2 10       11  1 11      4333308387659336 0    23.0   23.0
 11  684.315321 9.947E-29 1.180E-02.08050.391 3722.73100.72-.000670          0 2 0          0 2 0  6  6  1        5  3  2      534243837294713152    39.0   33.0
 11  684.512316 6.104E-29 4.683E-01.02770.281 4714.81900.18-.013930          1 0 0          0 2 0 12  2 11       11  1 10      434233837294713152    75.0   69.0
 11  684.558404 1.310E-30 1.852E-01.03660.221 5132.52170.37-.001080          0 1 0          0 1 0 15  9  7       15  6 10      434233837294713152    31.0   31.0
 11  684.577901 1.313E-28 1.096E-06.07060.315 1810.58790.66-.005170          0 1 0          0 0 0  8  2  7        9  7  2      674233837260713049    51.0   57.0
 11  684.772923 3.816E-28 7.826E+01.01910.183 5256.11640.07-.002520          0 0 0          0 0 0 19 10 10       18  9  9      434223837260713049    39.0   37.0
 11  685.078989 1.076E-29 3.564E-10.07810.371  446.69660.670.000000          0 0 0          0 0 0  8  4  4        6  0  6     q7422308079917122 0    17.0   13.0
 11  685.205946 1.797E-25 2.422E-05.08100.311  709.60820.720.002100          0 0 0          0 0 0  7  7  1        7  2  6      764426837260783049    15.0   15.0
 11  685.275209 1.248E-30 1.019E+02.01970.208 6465.13210.12-.001150          0 1 0          0 1 0 17 11  7       16 10  6      334233837294713152    35.0   33.0
 11  685.282011 3.745E-30 1.019E+02.01970.208 6465.12660.12-.001150          0 1 0          0 1 0 17 11  6       16 10  7      334233837294713152   105.0   99.0
 11  685.297821 1.067E-28 1.270E-02.08900.391 3722.73100.73-.003210          0 0 1          0 2 0  6  3  3        5  3  2      534243837294713152    39.0   33.0
 11  685.388440 1.294E-28 2.705E-03.09590.434 3289.24250.730.000880          0 0 1          0 2 0  4  0  4        3  0  3      532230837294713152    27.0   21.0
 11  685.438374 2.015E-29 3.152E-04.07000.298 3383.26540.65-.007710          0 2 0          0 1 0  9  0  9       10  5  6      534233837294713152    57.0   63.0
 11  685.592111 1.152E-27 7.867E+01.01900.183 5255.44870.07-.001890          0 0 0          0 0 0 19 10  9       18  9 10      434426837260713049   117.0  111.0
 11  685.793865 1.054E-29 5.111E-01.05780.298 5076.26600.550.011370          1 0 0          1 0 0 11  6  5       10  3  8      434233837294713152    69.0   63.0
 11  686.573689 4.618E-31 6.004E-05.09310.443 3438.57500.720.000000          0 0 1          0 2 0  4  3  2        4  1  3      5333308387659336 0     9.0    9.0
 11  686.876890 2.711E-30 2.963E+00.03670.250 5764.20430.36-.002710          0 0 1          0 0 1 14  3 11       13  2 12      434233837294713152    87.0   81.0
 11  686.887024 1.520E-30 3.009E+00.03670.250 5660.40400.36-.002710          1 0 0          1 0 0 14  3 11       13  2 12      434233837294713152    29.0   27.0
 11  686.972243 1.856E-30 2.138E-01.07290.298 5027.55960.690.010580          0 0 1          0 0 1 11  5  6       10  2  9      534233837294713152    23.0   21.0
 11  687.048130 2.847E-30 3.697E-02.08140.315 4559.75200.710.004460          1 0 0          1 0 0 10  4  6        9  1  9      434233837294713152    21.0   19.0
 11  687.144304 8.507E-26 9.478E-02.03380.228 2952.39370.380.006110          0 0 0          0 0 0 16  5 12       16  2 15      564426837260783049    99.0   99.0
 11  687.212615 9.501E-30 2.322E-01.04640.259 4967.49080.510.000000         -2 1-2          0 2 0 13 11  2       12  2 11      1333308287659336 0    81.0   75.0
 11  687.290606 1.481E-28 3.620E+00.06910.265 4967.49080.730.001290          0 1 0          0 2 0 13 11  2       12  2 11      434233837294713152    81.0   75.0
 11  687.475326 1.004E-29 5.954E+01.03310.161 5966.82180.32-.013930          0 0 0          0 0 0 21  9 13       20  8 12      344233833260713049    43.0   41.0
 11  687.618995 1.933E-30 6.475E-01.07540.298 5246.80010.71-.004510          1 0 0          1 0 0 11  7  5       10  4  6      434233837294713152    23.0   21.0
 11  687.664718 5.658E-29 2.001E-02.07750.391 3719.49290.70-.000180          0 2 0          0 2 0  6  6  0        5  3  3      534233837294713152    13.0   11.0
 11  687.879390 5.644E-22 1.502E-01.06440.303 1122.70850.61-.005230          0 0 0          0 0 0  9  7  2        8  4  5      666421837274783029    57.0   51.0
 11  687.986239 1.136E-25 3.829E+00.03770.265 3386.05230.350.006560          0 1 0          0 1 0 13  4 10       12  1 11      564426837294713152    27.0   25.0
 11  688.307431 4.395E-30 9.124E-04.07380.371 3864.96610.62-.013170          0 0 1          0 2 0  7  3  5        6  3  4      534243837294713152    45.0   39.0
 11  688.337824 7.784E-27 2.671E+01.05070.183 4638.64520.510.017060          0 0 0          0 0 0 19  7 12       18  6 13      434426837260713049   117.0  111.0
 11  688.565604 1.153E-29 4.709E-05.06650.265 3144.57880.660.006690          0 1 0          0 1 0 11  6  5       12  1 12      534233837294713152    69.0   75.0
 11  688.898177 3.347E-30 2.235E-04.08340.371 3601.85890.67-.009560          0 0 1          0 2 0  6  1  5        6  1  6      534233837294713152    39.0   39.0
 11  689.037103 7.913E-22 1.232E+00.03570.238 1557.84770.340.001130          0 0 0          0 0 0 13  2 11       12  1 12      565420837260783049    81.0   75.0
 11  689.379132 3.486E-30 2.339E+00.03200.250 5662.47530.300.005250          1 0 0          1 0 0 14  4 11       13  1 12      434233837294713152    87.0   81.0
 11  689.729207 1.055E-28 6.227E+01.02340.172 5481.10230.150.003480          0 0 0          0 0 0 20  9 11       19  8 12      334233837260713049    41.0   39.0
 11  690.019462 1.978E-28 4.328E+01.03700.172 5276.80240.360.015610          0 0 0          0 0 0 20  8 12       19  7 13      434233837260713049    41.0   39.0
 11  690.195874 1.155E-30 7.547E-04.08430.371 3873.79370.72-.009140          1 0 0          0 2 0  7  4  4        6  3  3      534233837294713152    15.0   13.0
 11  690.220121 2.637E-22 1.236E+00.03720.236 1557.84440.340.003440          0 0 0          0 0 0 13  3 11       12  0 12      565421837274783029    27.0   25.0
 11  690.820713 6.797E-25 2.775E-01.06470.333 2630.19260.600.003810          0 1 0          0 1 0  9  6  3        8  3  6      564426837294713152    57.0   51.0
 11  691.192624 2.356E-28 1.447E+02.01380.208 5455.88860.02-.000660          0 0 0          0 0 0 17 14  4       16 13  3      334233837260713049    35.0   33.0
 11  691.192625 7.069E-28 1.447E+02.01380.208 5455.88860.02-.000660          0 0 0          0 0 0 17 14  3       16 13  4      334223837260713049   105.0   99.0
 11  691.209387 6.600E-28 2.268E-05.08760.371 2042.75330.720.003130          0 1 0          0 1 0  6  6  1        6  1  6      634223837294713152    39.0   39.0
 11  691.212683 4.367E-30 8.454E-03.07670.352 4348.41470.680.006130          1 0 0          1 0 0  8  6  3        7  1  6      434233837294713152    51.0   45.0
 11  691.790084 1.716E-30 8.723E+01.02010.195 6601.51650.10-.002040          0 1 0          0 1 0 18 10  9       17  9  8      334233837294713152   111.0  105.0
 11  691.958916 5.741E-31 8.753E+01.02930.195 6601.37740.310.000000          0 1 0          0 1 0 18 10  8       17  9  9      3333308387659336 0    37.0   35.0
 11  692.014827 2.716E-30 4.041E-02.05570.333 4564.36660.53-.019290          1 0 0          0 2 0  9  6  4        8  5  3      434233837294713152    19.0   17.0
 11  692.413868 7.681E-30 3.807E-02.05420.333 4564.03480.51-.017600          1 0 0          0 2 0  9  6  3        8  5  4      434233837294713152    57.0   51.0
 11  692.686498 8.392E-30 6.034E-02.05260.265 4696.86580.530.005600          0 2 0          0 2 0 12  4  9       12  1 12      434233837294713152    75.0   75.0
 11  693.117146 3.546E-23 6.089E+00.04760.259 2551.48350.47-.010260          0 0 0          0 0 0 15  4 11       14  3 12      566521837274 13029    93.0   87.0
 11  693.177439 1.203E-28 3.203E-03.10010.434 3334.62660.75-.003390          0 0 1          0 2 0  4  1  3        3  1  2      532230837294713152    27.0   21.0
 11  693.770285 6.222E-31 4.625E-02.03730.259 4966.63370.510.000000          1 0 0          0 2 0 13  2 12       12  1 11      5333308387659336 0    27.0   25.0
 11  693.814253 3.468E-30 2.506E-02.08140.315 4661.44850.710.004460          0 0 1          0 0 1 10  4  6        9  1  9      534233837294713152    63.0   57.0
 11  693.904921 3.227E-29 3.761E-09.06860.333  744.06370.620.000000          0 0 0          0 0 0 10  2  8        8  0  8     q6422308079917122 0    21.0   17.0
 11  693.928013 9.181E-27 1.848E-03.04810.281 2522.26520.65-.005580          0 0 0          0 0 0 11 11  0       11  8  3      534426837260713049    69.0   69.0
 11  693.931835 3.060E-27 1.847E-03.04810.281 2522.26130.65-.005580          0 0 0          0 0 0 11 11  1       11  8  4      534426837260713049    23.0   23.0
 11  694.075132 5.124E-31 1.788E-04.08260.413 3713.08250.680.000000          0 2 0          0 2 0  6  6  0        6  1  5      5333308387659336 0    13.0   13.0
 11  694.109880 3.821E-22 2.969E-01.08260.351 1360.23530.72-.004770          0 0 0          0 0 0 10  7  4        9  4  5      666420837274783029    63.0   57.0
 11  694.514522 1.079E-27 1.114E+02.01720.195 5324.66660.07-.000950          0 0 0          0 0 0 18 12  7       17 11  6      334426837260713049   111.0  105.0
 11  694.515970 3.596E-28 1.114E+02.01720.195 5324.66540.07-.000950          0 0 0          0 0 0 18 12  6       17 11  7      334223837260713049    37.0   35.0
 11  694.984527 4.367E-29 1.090E+00.02220.265 4967.49080.09-.015800          1 0 0          0 2 0 13  1 12       12  2 11      434233837294713152    81.0   75.0
 11  694.987443 1.026E-29 2.462E-01.07290.298 4926.34690.690.010580          1 0 0          1 0 0 11  5  6       10  2  9      434233837294713152    69.0   63.0
 11  695.099656 7.676E-29 1.481E-01.03800.221 4243.15400.420.007330          0 1 0          0 1 0 15  5 11       15  2 14      434233837294713152    31.0   31.0
 11  695.191631 9.216E-29 2.537E-03.08640.412 3381.70420.68-.001980          0 0 1          0 2 0  5  1  5        4  1  4      532230837294713152    33.0   27.0
 11  695.735771 1.233E-28 9.578E-09.06860.333  885.60020.620.000000          0 0 0          0 0 0 10  4  7        8  2  7     q6422308079917122 0    63.0   51.0
 11  696.051046 8.618E-28 6.760E-07.07440.298 1114.53220.700.002820          0 0 0          0 0 0  9  7  3       10  0 10      534223837260713049    19.0   21.0
 11  696.243044 1.724E-22 4.760E-02.08440.388  920.21000.710.001100          0 0 0          0 0 0 10  4  6        9  1  9      667421837274783029    21.0   19.0
 11  696.486068 1.641E-29 1.228E-01.02620.221 4507.52260.24-.003540          0 2 0          0 1 0 14  0 14       15  3 13      434233837294713152    29.0   31.0
 11  696.511025 1.546E-30 3.134E-04.07760.371 3600.05240.630.000150          0 0 1          0 2 0  6  2  5        6  0  6      534233837294713152    13.0   13.0
 11  696.807005 2.632E-25 3.975E-01.07170.315 2690.59370.660.010850          0 1 0          0 1 0 10  5  5        9  2  8      564426837294713152    21.0   19.0
 11  696.915417 4.147E-30 3.483E-03.03230.221 4283.30770.330.003800          0 1 0          0 0 0 14  7  8       15 10  5      474233837260713049    87.0   93.0
 11  697.054383 7.218E-23 3.382E+00.03720.223 2042.37410.36-.005630          0 0 0          0 0 0 14  3 11       13  2 12      566521837274 13029    29.0   27.0
 11  697.073053 1.321E-30 8.720E-01.06170.250 5654.78140.69-.011400          1 0 0          0 1 0 14  4 11       13 11  2      434233837294713152    87.0   81.0
 11  697.086678 5.650E-29 1.872E-08.06460.315 1201.92150.600.000000          0 0 0          0 0 0 11  4  7        9  2  7     q6422308079917122 0    69.0   57.0
 11  697.284901 4.956E-29 1.234E-01.02580.221 4506.73380.23-.003160          0 2 0          0 1 0 14  1 14       15  2 13      434233837294713152    87.0   93.0
 11  697.379607 4.292E-27 1.720E-02.06090.281 3135.76480.610.010760          0 1 0          0 1 0 11  6  5       11  1 10      534426837294713152    69.0   69.0
 11  697.439711 3.665E-31 1.205E+02.01000.208 6744.90040.170.000000          0 1 0          0 1 0 17 12  6       16 11  5      3333308387659336 0    35.0   33.0
 11  697.440194 1.097E-30 1.202E+02.01800.208 6744.90000.10-.000910          0 1 0          0 1 0 17 12  5       16 11  6      334233837294713152   105.0   99.0
 11  697.449066 5.666E-30 2.077E-02.03200.195 4612.79070.30-.014990          0 1 0          0 0 0 16  5 12       17  8  9      474233837260713049    99.0  105.0
 11  697.454496 1.364E-29 8.346E-07.06460.265 2275.37290.69-.002860          0 0 0          0 0 0 11 10  1       12  5  8      534233837260713049    69.0   75.0
 11  697.569036 2.051E-28 1.644E+02.01130.208 5733.1532-.04-.000510          0 0 0          0 0 0 17 15  2       16 14  3      334233837260713049   105.0   99.0
 11  697.569036 6.837E-29 1.644E+02.01130.208 5733.1532-.04-.000520          0 0 0          0 0 0 17 15  3       16 14  2      334233837260713049    35.0   33.0
 11  697.918026 5.436E-22 5.915E-01.05920.311 1446.12820.550.011090          0 0 0          0 0 0 11  6  5       10  3  8      665421837274783029    69.0   63.0
 11  698.047490 6.058E-30 1.224E-03.07890.391 3598.51590.64-.009510          0 0 1          0 2 0  6  2  5        5  2  4      534243837294713152    13.0   11.0
 11  698.057958 1.625E-27 2.028E-01.02930.183 3940.58730.330.007850          0 0 0          0 0 0 18  6 13       18  3 16      434426837260713049   111.0  111.0
 11  698.163520 1.397E-30 3.532E-03.03300.221 4283.30580.340.005370          0 1 0          0 0 0 14  7  7       15 10  6      474233837260713049    29.0   31.0
 11  698.445457 1.047E-29 4.098E-04.06400.298 3564.70500.61-.010530          0 2 0          0 1 0  9  1  8       10  6  5      534233837294713152    57.0   63.0
 11  698.460090 2.202E-29 1.420E-04.04430.183 3319.44830.54-.001490          0 0 0          0 0 0 17  4 13       18  1 18      434233837260713049   105.0  111.0
 11  698.856528 1.930E-26 3.717E+00.06120.265 3738.54320.590.018060          0 1 0          0 1 0 13  6  8       12  3  9      464426837294713152    27.0   25.0
 11  698.876182 3.058E-27 7.092E-03.04360.265 2813.52870.56-.005840          0 0 0          0 0 0 12 11  1       12  8  4      534426837260713049    25.0   25.0
 11  698.892672 9.174E-27 7.091E-03.04350.265 2813.51220.56-.005840          0 0 0          0 0 0 12 11  2       12  8  5      534426837260713049    75.0   75.0
 11  699.369221 2.160E-30 2.143E-01.05880.315 4971.26070.57-.001710          1 0 0          1 0 0 10  7  3        9  4  6      434233837294713152    21.0   19.0
 11  699.641595 5.101E-30 1.171E-03.07890.352 3879.33620.690.004590          0 2 0          0 2 0  7  6  1        7  1  6      534233837294713152    45.0   45.0
 11  699.795500 4.883E-31 7.758E-04.02270.234 4172.15250.230.000000          0 1 0          0 0 0 13  8  6       14 11  3      4333308387659336 0    27.0   29.0
 11  699.826316 1.462E-30 7.743E-04.03400.235 4172.15250.410.002610          0 1 0          0 0 0 13  8  5       14 11  4      474233837260713049    81.0   87.0
 11  700.031727 2.397E-29 3.495E-03.09700.412 3495.93920.75-.003810          0 0 1          0 2 0  5  2  3        4  2  2      534243837294713152    11.0    9.0
 11  700.145917 1.478E-28 1.603E-08.07340.352  931.23710.650.000000          0 0 0          0 0 0  9  6  3        7  4  3     q6422308079917122 0    57.0   45.0
 11  700.755825 2.516E-28 1.191E-01.01800.183 4201.85820.13-.004230          0 1 0          0 0 0 17  1 16       18  4 15      474233837260713049   105.0  111.0
 11  700.845302 3.429E-29 2.788E-03.08880.412 3375.29800.70-.000020          0 0 1          0 2 0  5  0  5        4  0  4      534243837294713152    11.0    9.0
 11  701.062790 1.682E-29 1.536E-02.07220.352 4188.39430.65-.018110          1 0 0          0 2 0  8  5  4        7  4  3      534233837294713152    51.0   45.0
 11  701.311254 1.426E-30 3.365E-08.08000.333 1789.04280.72-.002830          0 1 0          0 0 0  8  1  7        8  8  0      672230837260713049    17.0   17.0
 11  701.375130 8.430E-29 1.195E-01.01760.183 4201.25140.11-.002720          0 1 0          0 0 0 17  2 16       18  3 15      474233837260713049    35.0   37.0
 11  701.694926 3.664E-29 2.867E-07.07560.315 1810.58790.69-.003420          0 1 0          0 0 0  9  0  9        9  7  2      574233837260713049    57.0   57.0
 11  701.775781 1.955E-29 1.847E+02.00860.208 6012.3447-.12-.000310          0 0 0          0 0 0 17 16  2       16 15  1      334233837260713049    35.0   33.0
 11  701.775781 5.866E-29 1.848E+02.00860.208 6012.3447-.12-.000310          0 0 0          0 0 0 17 16  1       16 15  2      334233837260713049   105.0   99.0
 11  701.964345 3.503E-27 4.686E-04.05590.265 2433.80040.57-.012990          0 1 0          0 0 0 11  1 10       12  6  7      574426837260713049    69.0   75.0
 11  701.965587 1.006E-28 3.996E-09.06860.333  744.16270.620.000000          0 0 0          0 0 0 10  3  8        8  1  8     q7422308079917122 0    63.0   51.0
 11  702.055837 1.103E-27 3.523E-04.05580.265 2612.79980.56-.014690          0 1 0          0 0 0 11  2  9       12  7  6      574223837260713049    69.0   75.0
 11  702.058060 6.148E-29 1.827E-08.07810.371  888.63270.670.000000          0 0 0          0 0 0  8  7  1        6  5  1     q7422308079917122 0    17.0   13.0
 11  702.091317 1.845E-28 1.827E-08.07810.371  888.59880.670.000000          0 0 0          0 0 0  8  7  2        6  5  2     q7422308079917122 0    51.0   39.0
 11  702.305853 1.405E-28 9.657E+01.01710.183 5495.14940.05-.001350          0 0 0          0 0 0 19 11  9       18 10  8      334233837260713049    39.0   37.0
 11  702.377407 4.218E-28 9.663E+01.01710.183 5495.08990.05-.001360          0 0 0          0 0 0 19 11  8       18 10  9      334223837260713049   117.0  111.0
 11  702.465490 2.384E-30 1.760E-02.02860.265 4696.86580.21-.012600          1 0 0          0 2 0 12  2 11       12  1 12      434233837294713152    75.0   75.0
 11  702.834645 5.544E-30 1.513E-02.06460.352 4186.56940.58-.012230          1 0 0          0 2 0  8  5  3        7  4  4      434233837294713152    17.0   15.0
 11  702.893148 7.471E-30 1.326E-07.05740.281 1998.99530.74-.003760          0 0 0          0 0 0 10 10  1       11  5  6      534233837265713049    63.0   69.0
 11  703.317257 5.118E-27 1.709E-02.03990.250 3127.86190.49-.006090          0 0 0          0 0 0 13 11  2       13  8  5      534426837260713049    81.0   81.0
 11  703.376364 1.706E-27 1.708E-02.03980.250 3127.80280.49-.006060          0 0 0          0 0 0 13 11  3       13  8  6      434426837260713049    27.0   27.0
 11  703.501580 5.075E-29 1.638E-08.07340.352  927.74390.650.000000          0 0 0          0 0 0  9  6  4        7  4  4     q6422308079917122 0    19.0   15.0
 11  703.699391 1.683E-29 2.056E+02.00570.208 6290.1838-.21-.000010          0 0 0          0 0 0 17 17  0       16 16  1      334233837260713049   105.0   99.0
 11  703.699391 5.611E-30 2.057E+02.00570.208 6290.1838-.21-.000010          0 0 0          0 0 0 17 17  1       16 16  0      334233837260713049    35.0   33.0
 11  703.712879 2.158E-22 3.431E+00.03170.207 2042.31060.300.007430          0 0 0          0 0 0 14  4 11       13  1 12      565621837274 13029    87.0   81.0
 11  703.763424 5.585E-24 7.382E+00.04370.235 2739.42850.430.018000          0 0 0          0 0 0 15  6 10       14  3 11      564423837260713059    31.0   29.0
 11  704.296468 1.336E-28 8.031E+01.01860.172 5702.78180.06-.003220          0 0 0          0 0 0 20 10 11       19  9 10      334233837260713049   123.0  117.0
 11  705.088540 9.383E-29 6.383E-02.08100.371 3873.79370.72-.001340          0 2 0          0 2 0  7  6  2        6  3  3      534233837294713152    15.0   13.0
 11  705.089849 1.250E-24 1.230E-04.07520.271  885.60020.690.000000          0 0 0          0 0 0  8  7  2        8  2  7      764823807260 13059    51.0   51.0
 11  705.294836 2.289E-30 1.111E-02.03090.208 4427.22680.28-.000570          0 1 0          0 0 0 15  6 10       16  9  7      474233837260713049    31.0   33.0
 11  705.360009 7.091E-23 5.404E-01.07540.298 1616.45310.71-.005300          0 0 0          0 0 0 11  7  5       10  4  6      564423837260713059    23.0   21.0
 11  705.361266 5.663E-22 2.995E-01.07290.374 1293.63410.690.007600          0 0 0          0 0 0 11  5  6       10  2  9      664423837260 13059    69.0   63.0
 11  705.367084 3.587E-30 1.273E-02.07420.333 4488.09050.660.006430          0 0 1          0 0 1  9  5  5        8  0  8      534233837294713152    57.0   51.0
 11  705.487884 1.856E-30 3.474E-01.03810.150 5471.86400.43-.006450          0 0 0          0 0 0 21  6 15       21  3 18      444233833260713049   129.0  129.0
 11  705.775467 3.346E-28 1.300E+02.01580.195 5591.11990.05-.000780          0 0 0          0 0 0 18 13  6       17 12  5      334223837260713049   111.0  105.0
 11  705.775557 1.115E-28 1.300E+02.01580.195 5591.11990.05-.000780          0 0 0          0 0 0 18 13  5       17 12  6      334233837260713049    37.0   35.0
 11  706.163434 4.488E-29 8.075E+01.01850.172 5701.27800.06-.001580          0 0 0          0 0 0 20 10 10       19  9 11      334233837260713049    41.0   39.0
 11  706.283740 8.986E-28 3.329E-06.07510.315 1631.38300.68-.005160          0 1 0          0 0 0  8  1  8        9  6  3      674223837260713049    51.0   57.0
 11  706.640158 1.574E-30 2.976E-01.03270.195 5204.98800.360.009480          0 1 0          0 1 0 17  6 12       17  3 15      434233837294713152    35.0   35.0
 11  707.082579 6.809E-28 3.303E-02.03660.235 3465.07000.43-.006260          0 0 0          0 0 0 14 11  3       14  8  6      434223837260713049    29.0   29.0
 11  707.251127 1.483E-29 3.447E-01.02650.161 5031.97800.290.008820          0 0 0          0 0 0 20  7 14       20  4 17      434233837260713049   123.0  123.0
 11  707.265138 2.044E-27 3.304E-02.03640.235 3464.88740.43-.006150          0 0 0          0 0 0 14 11  4       14  8  7      434426837260713049    87.0   87.0
 11  707.397392 2.492E-22 1.022E-02.07710.352  704.21410.680.005100          0 0 0          0 0 0  8  6  3        7  1  6      767421807274713029    51.0   45.0
 11  707.452513 1.470E-30 1.931E-03.06820.352 4033.61450.58-.015180          0 0 1          0 2 0  8  3  6        7  3  5      534233837294713152    17.0   15.0
 11  707.480209 1.011E-29 2.210E-03.07740.371 3864.96610.66-.000540          1 0 0          0 2 0  7  4  3        6  3  4      534233837294713152    45.0   39.0
 11  707.660770 1.014E-25 7.721E-03.06260.265 2105.86790.630.000000          0 0 0          0 0 0 12  8  4       12  3  9      564423837260713059    25.0   25.0
 11  707.975235 1.042E-29 2.079E+01.04940.195 5700.48200.470.006280          0 1 0          0 1 0 18  6 12       17  5 13      434233837294713152    37.0   35.0
 11  708.057747 7.042E-30 1.398E-04.03940.183 3319.44830.510.004830          0 0 0          0 0 0 17  5 13       18  0 18      434233837260713049    35.0   37.0
 11  708.229382 1.891E-27 2.019E-03.07290.315 2818.39810.680.006370          0 1 0          0 1 0  9  7  2        9  2  7      534426837294713152    57.0   57.0
 11  708.260488 5.379E-26 6.465E+00.03870.250 3877.08860.370.016200          0 1 0          0 1 0 14  5 10       13  2 11      464423837294713159    87.0   81.0
 11  708.338928 2.719E-26 1.597E+01.04940.195 4027.50600.470.016000          0 0 0          0 0 0 18  6 12       17  5 13      464423837260713059    37.0   35.0
 11  708.782975 1.044E-30 4.906E-01.05390.298 5304.72750.520.001520          0 0 1          0 0 1 11  7  4       10  4  7      434233837294713152    23.0   21.0
 11  709.041739 4.434E-25 2.960E-03.06920.281 1813.22340.670.000000          0 0 0          0 0 0 11  8  3       11  3  8      564423837260713059    69.0   69.0
 11  709.451895 4.978E-31 1.784E-04.06590.362 3739.51880.610.000000          0 0 1          0 2 0  7  1  6        7  1  7      5333308387659336 0    15.0   15.0
 11  709.695389 1.624E-29 3.385E-03.08840.391 3598.51590.710.004340          1 0 0          0 2 0  6  3  3        5  2  4      534233837294713152    13.0   11.0
 11  709.754502 1.472E-26 7.416E+00.04670.235 4184.83120.47-.010480          0 1 0          0 1 0 15  4 11       14  3 12      564423837294713159    93.0   87.0
 11  709.963254 2.573E-28 6.569E-08.07920.315 1079.07960.720.002000          0 0 0          0 0 0  8  8  1        9  1  8      634233837260713049    51.0   57.0
 11  709.965619 6.386E-28 5.599E-02.03360.221 3824.99790.38-.006560          0 0 0          0 0 0 15 11  4       15  8  7      434223837260713049    93.0   93.0
 11  709.994885 2.158E-30 1.754E-01.02940.183 5040.85820.28-.010190          0 0 0          0 0 0 18 11  7       18  8 10      434233837260713049    37.0   37.0
 11  710.241549 2.281E-27 3.088E-04.07500.265 2205.65270.68-.003210          0 1 0          0 0 0 11  1 11       12  4  8      574223837260713049    23.0   25.0
 11  710.435618 8.410E-30 1.902E+00.05670.265 5186.33730.570.005140          0 2 0          1 0 0 13  5  9       12  0 12      434233837294713152    27.0   25.0
 11  710.464946 2.131E-28 5.599E-02.03340.221 3824.49850.37-.006190          0 0 0          0 0 0 15 11  5       15  8  8      434233837260713049    31.0   31.0
 11  710.482576 3.857E-28 4.709E-04.07880.333 2595.81290.710.004300          0 1 0          0 1 0  8  7  1        8  2  6      534223837294713152    17.0   17.0
 11  710.643110 1.767E-30 8.418E-05.04430.235 3685.40830.50-.007920          0 1 0          0 0 0 14  4 11       14  9  6      574233837260713049    87.0   87.0
 11  710.712784 5.495E-31 1.820E-02.06720.349 4695.83640.640.000000          1 0 0          1 0 0  8  8  0        7  5  3      4333308387659336 0    17.0   15.0
 11  710.712939 1.654E-30 1.826E-02.06170.352 4695.83620.66-.005190          1 0 0          1 0 0  8  8  1        7  5  2      434233837294713152    51.0   45.0
 11  710.746098 3.626E-26 1.930E-02.07140.371 2399.16550.70-.002500          0 1 0          0 1 0  7  7  1        6  4  2      664423837294713159    15.0   13.0
 11  710.778348 5.813E-29 7.325E-06.06300.265 2433.80040.64-.008020          0 1 0          0 0 0 12  1 12       12  6  7      574233837260713049    75.0   75.0
 11  711.035475 9.867E-25 3.133E-04.07300.315  920.21000.670.008880          0 0 0          0 0 0  9  6  4        9  1  9      663420807260713029    19.0   19.0
 11  711.324204 3.023E-29 3.437E-03.09550.412 3438.57500.73-.002500          0 0 1          0 2 0  5  1  4        4  1  3      534243837294713152    11.0    9.0
 11  711.530111 1.090E-25 1.931E-02.06970.371 2398.38150.68-.003550          0 1 0          0 1 0  7  7  0        6  4  3      564423807294713159    45.0   39.0
 11  711.672988 3.988E-30 9.264E-05.10490.480 3175.44120.760.016930          0 0 1          0 2 0  2  2  0        1  0  1      534233837294713152    15.0    9.0
 11  711.691189 5.452E-29 8.690E-02.03120.208 4207.56200.33-.007140          0 0 0          0 0 0 16 11  5       16  8  8      434233837260713049    33.0   33.0
 11  711.875927 3.521E-29 1.265E-01.02970.195 4612.79070.29-.008260          0 0 0          0 0 0 17 11  6       17  8  9      434233837260713049   105.0  105.0
 11  711.949904 4.483E-28 7.628E-03.04190.221 3472.88130.67-.016190          0 1 0          0 0 0 14  3 12       15  6  9      474223837265713049    87.0   93.0
 11  712.250084 2.533E-30 3.884E-03.07320.333 4062.83810.670.005760          0 2 0          0 2 0  8  6  2        8  1  7      534233837294713152    17.0   17.0
 11  712.298544 1.881E-28 1.418E+00.04270.281 4469.79650.410.000170          0 2 0          0 2 0 12  2 10       11  1 11      434233837294713152    25.0   23.0
 11  712.318450 3.041E-30 4.204E-02.05890.315 4784.66210.56-.025000          1 0 0          0 2 0 10  6  5        9  5  4      434233837294713152    63.0   57.0
 11  712.326020 6.185E-28 5.820E-03.06610.298 3058.39840.640.008670          0 1 0          0 1 0 10  7  3       10  2  8      534223837294713152    21.0   21.0
 11  712.602879 1.076E-28 1.571E-08.06860.333 1006.11590.620.000000          0 0 0          0 0 0 10  5  6        8  3  6     q6422308079917122 0    63.0   51.0
 11  712.889473 1.084E-29 7.528E-03.09030.371 3873.79370.74-.004520          0 0 1          0 2 0  7  3  4        6  3  3      534243837294713152    15.0   13.0
 11  712.921520 1.639E-28 8.684E-02.03080.208 4206.33130.33-.006010          0 0 0          0 0 0 16 11  6       16  8  9      434233837260713049    99.0   99.0
 11  712.928692 7.686E-28 3.677E-01.07180.333 4071.73340.650.009350          0 2 0          0 2 0  9  5  4        8  2  7      534223837294713152    57.0   51.0
 11  713.005772 1.128E-29 6.429E-10.07810.371  542.90580.670.000000          0 0 0          0 0 0  8  5  3        6  1  5     q7422308079917122 0    17.0   13.0
 11  713.051564 3.311E-29 6.376E+01.02440.161 5947.30550.170.007850          0 0 0          0 0 0 21  9 12       20  8 13      344233833260713049   129.0  123.0
 11  713.138480 1.475E-25 1.578E-02.05470.250 2414.72340.570.000000          0 0 0          0 0 0 13  8  5       13  3 10      564423837260713059    81.0   81.0
 11  713.337905 2.345E-29 2.808E-03.07680.391 3482.48020.61-.003540          0 0 1          0 2 0  6  1  6        5  1  5      534243837294713152    13.0   11.0
 11  713.483791 1.286E-22 2.874E-01.05990.333 1340.88490.57-.005730          0 0 0          0 0 0 10  7  3        9  4  6      567621837274 13029    21.0   19.0
 11  713.574582 9.092E-31 3.764E-02.07060.332 4783.64070.630.000000          1 0 0          0 2 0 10  6  4        9  5  5      4333308387659336 0    21.0   19.0
 11  713.791619 1.015E-22 9.580E-01.07270.345 1899.00820.66-.006300          0 0 0          0 0 0 12  7  6       11  4  7      567520837274 13029    75.0   69.0
 11  714.011751 3.089E-28 6.871E-02.07370.371 3864.96610.670.000230          0 2 0          0 2 0  7  6  1        6  3  4      534223837294713152    45.0   39.0
 11  714.104692 7.409E-25 1.301E-02.06160.250 2042.31060.640.000000          0 0 0          0 0 0 13  6  7       13  1 12      564423837260713059    81.0   81.0
 11  714.215800 1.933E-29 5.600E-04.09520.412 3381.70420.740.003680          1 0 0          0 2 0  5  2  3        4  1  4      534233837294713152    33.0   27.0
 11  714.413719 3.352E-31 2.830E-02.04430.237 4981.46930.430.000000          0 2 0          0 1 0 13  4 10       14  7  7      4333308387659336 0    27.0   29.0
 11  714.643316 1.180E-29 1.264E-01.02860.195 4610.02210.29-.005360          0 0 0          0 0 0 17 11  7       17  8 10      434233837260713049    35.0   35.0
 11  714.677872 1.736E-29 3.889E+00.04580.265 5182.09510.440.014200          0 2 0          0 2 0 13  5  9       12  2 10      434233837294713152    27.0   25.0
 11  714.815049 9.854E-29 1.494E+02.01410.195 5866.24150.02-.000670          0 0 0          0 0 0 18 14  5       17 13  4      334233837260713049   111.0  105.0
 11  714.815058 3.285E-29 1.494E+02.01410.195 5866.24140.02-.000670          0 0 0          0 0 0 18 14  4       17 13  5      334233837260713049    37.0   35.0
 11  714.996919 4.186E-29 1.059E-01.02650.281 4469.73740.15-.014190          1 0 0          0 2 0 12  1 12       11  0 11      534233837294713152    75.0   69.0
 11  715.338579 3.342E-30 2.361E-02.07070.333 4624.30280.650.007720          0 0 1          0 0 1  9  6  4        8  1  7      534233837294713152    57.0   51.0
 11  715.631768 5.133E-26 2.993E-02.04770.235 2550.88250.520.000000          0 0 0          0 0 0 14  7  7       14  2 12      564423837260713059    29.0   29.0
 11  715.722241 6.548E-30 1.751E-01.02650.183 5035.12650.25-.004210          0 0 0          0 0 0 18 11  8       18  8 11      434233837260713049   111.0  111.0
 11  715.958250 1.635E-29 7.769E-03.07450.315 4068.70380.670.006140          0 2 0          0 2 0  9  5  4        9  0  9      534233837294713152    57.0   57.0
 11  716.009630 1.611E-29 1.469E-01.04290.208 4564.08610.48-.004300          0 1 0          0 1 0 16  4 12       16  1 15      434233837294713152    33.0   33.0
 11  716.076169 4.511E-29 2.330E-08.06460.315 1282.91910.600.000000          0 0 0          0 0 0 11  5  6        9  3  6     q5422308079917122 0    69.0   57.0
 11  716.103569 2.276E-30 1.177E-07.07030.281 1985.78490.72-.002680          0 0 0          0 0 0 10 10  0       11  5  7      532230837260713049    21.0   23.0
 11  716.124542 5.769E-31 1.923E-02.03440.195 4830.61440.310.000000          0 1 0          0 0 0 16  6 10       17  9  9      4333308387659336 0    33.0   35.0
 11  716.134977 1.471E-25 8.635E-04.07410.298 1538.14950.690.000000          0 0 0          0 0 0 10  8  2       10  3  7      564423837260713059    21.0   21.0
 11  716.181998 2.283E-29 2.731E-03.07100.371 3736.17080.59-.010230          0 0 1          0 2 0  7  2  6        6  2  5      534243837294713152    45.0   39.0
 11  716.490779 7.222E-29 2.858E-03.07740.391 3478.98650.62-.000470          0 0 1          0 2 0  6  0  6        5  0  5      532230837294713152    39.0   33.0
 11  716.540798 6.665E-29 5.081E-01.02650.281 4469.79650.15-.014210          1 0 0          0 2 0 12  0 12       11  1 11      434233837294713152    25.0   23.0
 11  716.541896 7.618E-28 1.560E-01.08250.333 3895.25290.710.004950          0 2 0          0 2 0  9  4  5        8  1  8      534223837294713152    57.0   51.0
 11  716.551630 4.654E-29 1.151E+02.01610.183 5750.85310.04-.001030          0 0 0          0 0 0 19 12  8       18 11  7      334233837260713049    39.0   37.0
 11  716.556549 1.396E-28 1.151E+02.01610.183 5750.84880.04-.001030          0 0 0          0 0 0 19 12  7       18 11  8      334233837260713049   117.0  111.0
 11  716.786872 1.746E-28 3.447E-07.07320.298 1293.01810.700.002670          0 0 0          0 0 0  9  8  2       10  1  9      534233837260713049    19.0   21.0
 11  717.319037 3.365E-28 5.885E-05.08380.352 2392.59250.730.002800          0 1 0          0 1 0  7  7  0        7  2  5      634223837294713152    45.0   45.0
 11  718.352313 7.437E-29 2.957E-03.08710.391 3478.98650.710.005010          0 2 0          0 2 0  6  5  2        5  0  5      534233837294713152    39.0   33.0
 11  718.432880 2.166E-24 5.723E-05.08720.374  326.62550.730.003060          0 0 0          0 0 0  6  6  0        5  1  5      765720807274 13029    13.0   11.0
 11  718.657277 1.137E-23 6.253E+00.03110.224 2550.88250.310.012720          0 0 0          0 0 0 15  5 11       14  2 12      567621837274 13029    31.0   29.0
 11  719.311955 3.229E-27 1.684E-04.06600.281 1985.78490.63-.008290          0 1 0          0 0 0 10  0 10       11  5  7      574426837260713049    21.0   23.0
 11  719.805009 7.092E-30 8.996E+00.04670.235 5790.43250.47-.006720          0 2 0          0 2 0 15  4 11       14  3 12      434233837294713152    93.0   87.0
 11  719.943831 5.243E-30 8.764E-05.04590.235 3464.88740.53-.011250          0 1 0          0 0 0 14  3 12       14  8  7      574233837260713049    87.0   87.0
 11  720.107138 2.660E-29 1.820E-02.04580.208 4016.13450.48-.020390          0 1 0          0 0 0 15  4 12       16  7  9      474233837260713049    31.0   33.0
 11  720.850754 3.748E-31 1.969E-01.07410.362 5258.86860.610.000000          0 3 0          0 3 0  8  4  4        7  1  7      4333308387659336 0    17.0   15.0
 11  720.992145 3.182E-30 2.163E-02.07420.333 4387.35720.660.006430          1 0 0          1 0 0  9  5  5        8  0  8      534233837294713152    19.0   17.0
 11  721.049258 4.705E-30 2.348E-03.03520.235 3922.33110.390.003580          0 1 0          0 0 0 13  7  7       14 10  4      474233837260713049    27.0   29.0
 11  721.233279 1.926E-26 5.628E+00.05210.250 4052.81090.510.017400          0 1 0          0 1 0 14  6  9       13  3 10      564423837294713159    87.0   81.0
 11  721.422441 1.413E-23 1.678E+00.06400.378 2205.65270.58-.002600          0 0 0          0 0 0 13  7  7       12  4  8      568721837274 13029    27.0   25.0
 11  721.540144 1.418E-29 2.362E-03.03570.235 3922.33060.390.004170          0 1 0          0 0 0 13  7  6       14 10  5      474233837260713049    81.0   87.0
 11  721.601956 2.350E-28 1.977E-01.03680.172 4331.06670.43-.005410          0 0 0          0 0 0 19  5 14       19  2 17      434233837260713049   117.0  117.0
 11  721.750516 2.802E-29 1.694E+02.01210.195 6147.0813-.02-.000570          0 0 0          0 0 0 18 15  4       17 14  3      334233837260713049   111.0  105.0
 11  721.750516 9.342E-30 1.695E+02.01210.195 6147.0813-.02-.000570          0 0 0          0 0 0 18 15  3       17 14  4      334233837260713049    37.0   35.0
 11  721.877274 3.765E-25 2.729E-02.03920.221 2358.30140.450.003000          0 0 0          0 0 0 15  3 12       15  0 15      564423837260713059    93.0   93.0
 11  721.967957 3.103E-28 1.550E-01.08120.352 4052.83690.72-.001330          0 2 0          0 2 0  8  6  3        7  3  4      534223837294713152    51.0   45.0
 11  722.482963 4.723E-30 8.291E+01.01890.161 6170.83150.07-.003710          0 0 0          0 0 0 21 10 12       20  9 11      344233833260713049    43.0   41.0
 11  723.100174 4.948E-29 9.954E+01.01600.172 5941.04090.01-.001580          0 0 0          0 0 0 20 11 10       19 10  9      334233837260713049   123.0  117.0
 11  723.282680 1.650E-29 9.955E+01.01590.172 5940.88940.01-.001460          0 0 0          0 0 0 20 11  9       19 10 10      334233837260713049    41.0   39.0
 11  723.547751 1.209E-27 1.240E-02.05930.281 3314.85560.600.010770          0 1 0          0 1 0 11  7  4       11  2  9      534223837294713152    69.0   69.0
 11  723.572695 1.353E-25 4.568E-01.06070.315 2841.43080.570.006000          0 1 0          0 1 0 10  6  4        9  3  7      564423837294713159    21.0   19.0
 11  723.777159 4.914E-29 4.068E-03.09460.391 3626.92220.74-.005380          0 0 1          0 2 0  6  2  4        5  2  3      534243837294713152    39.0   33.0
 11  724.144819 7.170E-28 1.858E+00.04180.281 4469.73740.400.003770          0 2 0          0 2 0 12  3 10       11  0 11      534223837294713152    75.0   69.0
 11  724.205588 5.976E-30 2.044E-01.01740.172 4855.15200.10-.005800          0 1 0          0 0 0 18  2 16       19  5 15      474233837260713049    37.0   39.0
 11  724.340790 5.076E-28 9.703E-05.08220.352 2181.08990.700.003340          0 1 0          0 1 0  7  6  2        7  1  7      634223837294713152    15.0   15.0
 11  724.416502 2.825E-30 2.928E-03.06060.333 4224.58650.52-.015560          0 0 1          0 2 0  9  3  7        8  3  6      534233837294713152    57.0   51.0
 11  724.596475 5.829E-29 1.923E-03.07930.281 3535.87040.70-.004300          0 2 0          0 1 0 10  1 10       11  4  7      534233837294713152    63.0   69.0
 11  724.982436 3.137E-30 6.020E-05.05560.195 3291.15210.630.013590          0 0 0          0 0 0 16  7  9       17  2 16      434233837260713049    33.0   35.0
 11  725.302398 5.703E-29 3.516E-03.08870.391 3565.45460.70-.002170          0 0 1          0 2 0  6  1  5        5  1  4      532230837294713152    39.0   33.0
 11  725.563508 1.246E-25 2.736E-02.03710.221 2358.30170.430.000000          0 0 0          0 0 0 15  4 12       15  1 15      564423837260713059    31.0   31.0
 11  725.641487 1.755E-26 2.627E-02.04760.235 2739.42850.510.000000          0 0 0          0 0 0 14  8  6       14  3 11      564423837260713059    29.0   29.0
 11  725.843329 7.933E-30 1.354E-02.04520.208 4427.12110.450.016020          0 1 0          0 0 0 15  6  9       16  9  8      474233837260713049    93.0   99.0
 11  725.993713 6.756E-30 1.509E-02.06390.333 4381.73540.57-.008150          1 0 0          0 2 0  9  5  4        8  4  5      534233837294713152    57.0   51.0
 11  725.999983 5.879E-29 4.260E+01.04150.161 5739.22910.420.018980          0 0 0          0 0 0 21  8 13       20  7 14      344233833260713049   129.0  123.0
 11  726.258046 1.498E-30 4.642E-05.04890.250 3347.78050.55-.005670          0 1 0          0 0 0 13  4 10       13  9  5      574233837260713049    27.0   27.0
 11  726.359050 1.203E-26 5.574E-02.02220.208 3211.21260.18-.000400          0 1 0          0 0 0 15  0 15       16  3 14      474423837260713059    93.0   99.0
 11  726.367118 3.466E-30 4.055E-04.03590.250 3831.17920.460.002520          0 1 0          0 0 0 12  8  5       13 11  2      474233837260713049    75.0   81.0
 11  726.375719 1.155E-30 4.053E-04.03600.250 3831.17920.460.002530          0 1 0          0 0 0 12  8  4       13 11  3      474233837260713049    25.0   27.0
 11  726.399265 1.441E-29 8.390E+01.01850.161 6167.71150.070.000570          0 0 0          0 0 0 21 10 11       20  9 12      344233833260713049   129.0  123.0
 11  726.467910 7.388E-30 2.301E-03.05330.298 3770.72440.66-.005390          0 1 0          0 1 0 10 10  0       10  7  3      434233837294713152    21.0   21.0
 11  726.481020 2.217E-29 2.302E-03.05320.298 3770.71130.66-.005370          0 1 0          0 1 0 10 10  1       10  7  4      434233837294713152    63.0   63.0
 11  726.517134 4.017E-27 5.582E-02.02200.208 3211.05580.18-.003730          0 1 0          0 0 0 15  1 15       16  2 14      474426837260713049    31.0   33.0
 11  726.628735 2.607E-30 1.902E+02.01000.195 6430.7222-.08-.000440          0 0 0          0 0 0 18 16  2       17 15  3      334233837260713049    37.0   35.0
 11  726.628735 7.821E-30 1.902E+02.01000.195 6430.7222-.08-.000440          0 0 0          0 0 0 18 16  3       17 15  2      334233837260713049   111.0  105.0
 11  726.675494 3.617E-30 3.708E-01.05390.298 5207.80210.520.001520          1 0 0          1 0 0 11  7  4       10  4  7      434233837294713152    69.0   63.0
 11  726.759826 1.528E-26 9.258E-02.03590.195 3291.14860.420.000000          0 0 0          0 0 0 17  4 13       17  1 16      464423837260713059   105.0  105.0
 11  726.885985 2.834E-25 1.823E-04.07900.315 1282.91910.720.000000          0 0 0          0 0 0  9  8  1        9  3  6      664423837260713059    57.0   57.0
 11  727.139853 8.997E-30 3.616E-05.05300.250 2927.07520.58-.010700          0 1 0          0 0 0 13  2 12       13  7  7      574233837260713049    27.0   27.0
 11  727.235228 1.479E-27 1.068E-06.07020.281 1327.11000.680.003540          0 0 0          0 0 0 10  7  4       11  0 11      634426837260713049    63.0   69.0
 11  727.296991 3.521E-28 4.546E-02.04560.235 3655.48280.49-.001700          0 1 0          0 1 0 14  3 11       14  0 14      434223837294713152    29.0   29.0
 11  727.670171 1.845E-29 2.089E-01.01960.172 4851.82100.15-.001710          0 1 0          0 0 0 18  3 16       19  4 15      474233837260713049   111.0  117.0
 11  727.849183 3.869E-29 4.233E-07.07600.333 1590.69070.69-.003920          0 1 0          0 0 0  7  2  6        8  7  1      674233837260713049    15.0   17.0
 11  728.283694 1.429E-29 1.344E+02.01510.183 6019.18130.03-.000870          0 0 0          0 0 0 19 13  7       18 12  6      334233837260713049    39.0   37.0
 11  728.284071 4.286E-29 1.343E+02.01510.183 6019.18120.03-.000870          0 0 0          0 0 0 19 13  6       18 12  7      334233837260713049   117.0  111.0
 11  728.407625 1.482E-30 5.563E-06.06070.250 2927.07520.66-.007190          0 1 0          0 0 0 14  0 14       13  7  7      574233837260713049    29.0   27.0
 11  728.564763 3.293E-26 4.239E+00.03670.250 3654.21500.36-.005630          0 1 0          0 1 0 14  3 11       13  2 12      564423837294713159    29.0   27.0
 11  728.722316 2.986E-29 8.580E-03.03400.221 4045.32180.330.001890          0 1 0          0 0 0 14  6  9       15  9  6      474233837260713049    87.0   93.0
 11  728.971159 1.627E-30 2.058E-03.07920.315 4263.15050.700.009880          1 0 0          0 2 0  9  4  5        9  1  8      534233837294713152    57.0   57.0
 11  729.207385 8.161E-23 1.996E-02.06280.267 1059.83550.66-.006920          0 0 0          0 0 0  8  8  1        7  5  2      666521837274 13029    51.0   45.0
 11  729.249267 5.880E-29 4.802E+00.03770.265 4966.63370.350.006560          0 2 0          0 2 0 13  4 10       12  1 11      434233837294713152    27.0   25.0
 11  729.396186 2.722E-23 1.996E-02.05970.271 1059.64670.66-.006620          0 0 0          0 0 0  8  8  0        7  5  3      666621837274 13029    17.0   15.0
 11  729.435862 4.951E-28 9.403E-07.06790.281 1524.84790.690.003430          0 0 0          0 0 0 10  8  3       11  1 10      534223837260713049    63.0   69.0
 11  729.588624 3.172E-30 1.269E+00.03000.250 5534.11050.280.001890          0 0 1          0 0 1 14  2 12       13  1 13      434233837294713152    87.0   81.0
 11  729.808213 1.057E-30 1.270E+00.03050.250 5534.11160.290.003070          0 0 1          0 0 1 14  3 12       13  0 13      434233837294713152    29.0   27.0
 11  730.197837 4.664E-25 3.392E-04.06980.315 1080.38540.67-.002460          0 0 0          0 0 0  9  7  3        9  2  8      664423837260713059    19.0   19.0
 11  730.383597 1.284E-30 6.356E-01.05690.281 5320.88900.550.014370          1 0 0          1 0 0 12  6  6       11  3  9      434233837294713152    25.0   23.0
 11  730.544255 1.544E-23 2.872E+00.06200.334 2533.79320.570.008970          0 0 0          0 0 0 14  7  8       13  4  9      566721837274 13029    87.0   81.0
 11  730.691698 1.137E-29 2.028E-02.03270.208 4207.56200.30-.011350          0 1 0          0 0 0 15  5 11       16  8  8      474233837260713049    31.0   33.0
 11  730.829249 2.490E-29 8.770E-03.04870.281 4038.40340.59-.005890          0 1 0          0 1 0 11 10  1       11  7  4      434233837294713152    69.0   69.0
 11  730.881105 8.302E-30 8.772E-03.04860.281 4038.35150.59-.005820          0 1 0          0 1 0 11 10  2       11  7  5      434233837294713152    23.0   23.0
 11  730.917118 1.033E-22 1.468E-02.07370.302  744.06370.660.005910          0 0 0          0 0 0  9  5  5        8  0  8      667521837274 13029    19.0   17.0
 11  731.053423 4.546E-29 2.943E-03.06750.371 3601.85890.55-.004880          0 0 1          0 2 0  7  1  7        6  1  6      532230837294713152    45.0   39.0
 11  731.254323 5.372E-30 1.296E+00.03050.250 5429.11840.290.003070          1 0 0          1 0 0 14  3 12       13  0 13      434233837294713152    87.0   81.0
 11  731.591974 3.728E-31 4.888E-02.06130.305 5029.81050.620.000000          1 0 0          0 2 0 11  6  6       10  5  5      5333308387659336 0    23.0   21.0
 11  731.769159 4.719E-30 3.355E-03.06220.352 3894.16780.52-.011250          0 0 1          0 2 0  8  2  7        7  2  6      534243837294713152    17.0   15.0
 11  732.003435 1.642E-30 1.191E+00.03000.250 5429.12890.280.001890          1 0 0          1 0 0 14  2 12       13  1 13      434233837294713152    29.0   27.0
 11  732.252568 1.027E-30 7.593E-03.02180.265 4696.86580.08-.016150          1 0 0          0 2 0 13  0 13       12  1 12      534233837294713152    81.0   75.0
 11  732.509804 4.159E-25 1.626E+00.03570.265 3144.57880.34-.000500          0 1 0          0 1 0 13  2 11       12  1 12      564423837294713159    81.0   75.0
 11  732.721446 1.531E-29 2.960E-03.06720.371 3600.05240.54-.003360          0 0 1          0 2 0  7  0  7        6  0  6      534243837294713152    15.0   13.0
 11  732.792478 1.399E-30 1.902E-02.07070.333 4523.58900.650.007720          1 0 0          1 0 0  9  6  4        8  1  7      434233837294713152    19.0   17.0
 11  733.021194 2.126E-30 5.058E-11.08330.391  326.62550.690.000000          0 0 0          0 0 0  7  5  3        5  1  5     q7322308079917122 0    15.0   11.0
 11  733.099704 1.041E-26 3.261E-04.08780.391 2000.86300.730.004600          0 1 0          0 1 0  6  6  1        5  1  4      664423837294713159    39.0   33.0
 11  733.181141 5.101E-30 6.524E-03.06780.315 4263.15050.640.007340          0 2 0          0 2 0  9  6  3        9  1  8      534233837294713152    57.0   57.0
 11  733.253949 6.956E-30 3.096E-01.02330.208 5094.08430.20-.004890          0 2 0          0 1 0 15  1 14       16  4 13      434233837294713152    93.0   99.0
 11  733.696785 1.985E-28 1.464E-03.04360.265 3032.69040.63-.005700          0 0 0          0 0 0 12 12  0       12  9  3      534233837260713049    25.0   25.0
 11  733.697397 5.954E-28 1.464E-03.04360.265 3032.68980.63-.005700          0 0 0          0 0 0 12 12  1       12  9  4      534223837260713049    75.0   75.0
 11  734.143829 5.779E-29 1.162E-08.06460.315 1079.07960.600.000000          0 0 0          0 0 0 11  3  8        9  1  8     q6422308079917122 0    69.0   57.0
 11  734.156002 1.731E-25 6.681E-02.07170.352 2572.13920.69-.002100          0 1 0          0 1 0  8  7  2        7  4  3      564423837294713159    51.0   45.0
 11  734.468181 1.122E-30 4.736E-05.06580.250 3391.13080.670.007980          0 1 0          0 1 0 12  6  6       13  1 13      534233837294713152    25.0   27.0
 11  734.645622 5.198E-30 2.101E-02.04520.265 4329.49580.53-.006700          0 1 0          0 1 0 12 10  2       12  7  5      434233837294713152    25.0   25.0
 11  734.817118 1.560E-29 2.101E-02.04480.265 4329.32430.52-.006470          0 1 0          0 1 0 12 10  3       12  7  6      434233837294713152    75.0   75.0
 11  734.825987 8.321E-29 3.156E-01.08000.333 4259.87640.71-.000800          0 2 0          0 2 0  9  6  4        8  3  5      534233837294713152    19.0   17.0
 11  734.930344 2.232E-30 6.021E-02.05820.333 4889.45710.61-.004990          1 0 0          1 0 0  9  8  1        8  5  4      434233837294713152    57.0   51.0
 11  734.980671 8.154E-25 1.037E+01.03840.208 3439.30680.47-.010670          0 0 0          0 0 0 17  5 12       16  4 13      463420837274713029   105.0   99.0
 11  734.983314 7.686E-31 6.220E-02.05740.315 4889.40410.630.000000          1 0 0          1 0 0  9  8  2        8  5  3      4333308387659336 0    19.0   17.0
 11  735.151600 1.385E-25 1.636E+00.03570.265 3144.56920.340.003440          0 1 0          0 1 0 13  3 11       12  0 12      564423837294713159    27.0   25.0
 11  735.888219 1.056E-29 3.566E-03.07900.371 3713.08250.64-.000180          0 0 1          0 2 0  7  1  6        6  1  5      534243837294713152    15.0   13.0
 11  736.353889 4.988E-27 9.295E-02.03010.195 3291.15210.350.005260          0 0 0          0 0 0 17  5 13       17  2 16      434426837260713049    35.0   35.0
 11  736.585365 7.482E-28 2.090E-04.06290.281 2321.81310.62-.012160          0 1 0          0 0 0 10  2  8       11  7  5      574223837260713049    21.0   23.0
 11  736.787507 5.807E-26 6.683E-02.06650.352 2569.50800.65-.003400          0 1 0          0 1 0  8  7  1        7  4  4      564423837294713159    17.0   15.0
 11  737.682015 6.970E-30 4.039E-02.04220.250 4643.87080.47-.007510          0 1 0          0 1 0 13 10  3       13  7  6      434233837294713152    81.0   81.0
 11  737.789972 4.148E-30 1.542E+02.01390.183 6296.89540.01-.000790          0 0 0          0 0 0 19 14  6       18 13  5      334233837260713049    39.0   37.0
 11  737.790021 1.244E-29 1.541E+02.01390.183 6296.89540.01-.000790          0 0 0          0 0 0 19 14  5       18 13  6      334233837260713049   117.0  111.0
 11  737.849823 2.773E-28 2.573E+01.04810.172 5074.22160.480.014210          0 0 0          0 0 0 20  7 13       19  6 14      434223837260713049    41.0   39.0
 11  737.958464 1.635E-29 1.189E+02.01500.172 6197.46730.60-.001080          0 0 0          0 0 0 20 12  9       19 11  8      33420383726071 049   123.0  117.0
 11  737.972077 5.449E-30 1.189E+02.01500.172 6197.45530.60-.001090          0 0 0          0 0 0 20 12  8       19 11  9      33420383726071 049    41.0   39.0
 11  738.149930 2.421E-30 3.199E-01.02440.208 5089.33620.22-.001130          0 2 0          0 1 0 15  2 14       16  3 13      434233837294713152    31.0   33.0
 11  738.172377 2.326E-30 4.039E-02.04140.250 4643.38030.47-.006750          0 1 0          0 1 0 13 10  4       13  7  7      434233837294713152    27.0   27.0
 11  738.189087 8.646E-30 2.151E-05.05410.265 3032.68980.59-.003230          0 1 0          0 0 0 12  4  9       12  9  4      574233837260713049    75.0   75.0
 11  738.473547 1.345E-30 7.366E-01.04950.281 5563.39970.480.005470          0 0 1          0 0 1 12  7  5       11  4  8      434233837294713152    75.0   69.0
 11  738.879098 1.325E-30 8.348E+01.02060.150 6660.35700.11-.006660          0 0 0          0 0 0 22 10 13       21  9 12      344233833260713049   135.0  129.0
 11  738.885174 3.146E-26 2.258E-05.08320.333 1050.15770.750.000000          0 0 0          0 0 0  8  8  0        8  3  5      664423837260713059    17.0   17.0
 11  738.990083 2.266E-25 1.320E-02.07840.352 2180.64290.680.006100          0 1 0          0 1 0  8  5  4        7  0  7      764423837294713159    51.0   45.0
 11  739.014594 4.477E-31 3.672E-03.06890.339 4436.94050.630.000000          0 0 1          0 2 0 10  3  8        9  3  7      5333308387659336 0    21.0   19.0
 11  739.503371 1.364E-29 7.130E-03.09000.352 4052.83690.73-.005830          0 0 1          0 2 0  8  3  5        7  3  4      534243837294713152    51.0   45.0
 11  739.546623 4.774E-28 1.992E-02.06020.265 3386.05230.610.012230          0 1 0          0 1 0 12  6  6       12  1 11      534223837294713152    25.0   25.0
 11  739.629145 8.138E-31 6.831E-02.03940.237 4981.46930.430.000000          0 1 0          0 1 0 14 10  4       14  7  7      4333308387659336 0    29.0   29.0
 11  739.714315 1.076E-29 9.540E-03.04300.221 4045.28560.430.014040          0 1 0          0 0 0 14  6  8       15  9  7      474233837260713049    29.0   31.0
 11  740.196721 5.282E-28 5.657E-03.03940.250 3347.78340.54-.005840          0 0 0          0 0 0 13 12  1       13  9  4      434223837260713049    81.0   81.0
 11  740.199565 1.761E-28 5.658E-03.03930.250 3347.78050.54-.005830          0 0 0          0 0 0 13 12  2       13  9  5      434233837260713049    27.0   27.0
 11  740.566252 1.026E-27 4.569E-02.04160.235 3655.48510.460.004290          0 1 0          0 1 0 14  4 11       14  1 14      534223837294713152    87.0   87.0
 11  740.569724 2.066E-22 4.852E-01.05550.250 1581.33600.52-.003400          0 0 0          0 0 0 11  7  4       10  4  7      566521837274 13029    69.0   63.0
 11  740.875085 2.441E-30 6.810E-02.03840.235 4980.22310.42-.006580          0 1 0          0 1 0 14 10  5       14  7  8      434233837294713152    87.0   87.0
 11  740.956705 3.216E-30 2.166E-04.10280.456 3221.96120.760.013920          0 0 1          0 2 0  3  2  1        2  0  2      534233837294713152     7.0    5.0
 11  741.202189 3.164E-28 1.273E+01.04710.208 5094.08430.47-.007470          0 1 0          0 1 0 17  5 12       16  4 13      434223837294713152   105.0   99.0
 11  741.362268 1.158E-25 8.269E-02.08140.315 2512.37570.710.001100          0 1 0          0 1 0 10  4  6        9  1  9      564423837294713159    21.0   19.0
 11  741.473645 1.084E-28 1.556E-01.06940.352 4033.61450.630.001190          0 2 0          0 2 0  8  6  2        7  3  5      534233837294713152    17.0   15.0
 11  741.596379 5.812E-30 1.410E-04.09510.434 3289.24250.730.010840          1 0 0          0 2 0  4  3  2        3  0  3      534233837294713152    27.0   21.0
 11  741.829134 1.878E-28 2.100E-02.05360.265 3587.66670.560.012480          0 1 0          0 1 0 12  7  5       12  2 10      534233837294713152    25.0   25.0
 11  741.908333 5.880E-30 2.645E-04.06930.315 3320.92980.64-.008580          0 2 0          0 1 0  8  1  7        9  6  4      534233837294713152    17.0   19.0
 11  742.002534 9.770E-26 4.337E+00.03200.250 3654.04890.300.007430          0 1 0          0 1 0 14  4 11       13  1 12      564423837294713159    87.0   81.0
 11  742.067354 3.725E-24 8.931E+00.03500.225 3080.17870.360.019220          0 0 0          0 0 0 16  6 11       15  3 12      565621837274 13029    99.0   93.0
 11  742.433250 6.472E-23 7.327E-01.05830.320 1695.06860.550.015510          0 0 0          0 0 0 12  6  6       11  3  9      567521837274 13029    25.0   23.0
 11  742.840638 3.631E-25 2.112E-03.07520.265 1557.84440.710.000000          0 0 0          0 0 0 12  5  7       12  0 12      564423837260713059    25.0   25.0
 11  742.897649 4.273E-31 3.581E+00.03590.221 5940.53830.460.000000          1 0 0          1 0 0 15  4 12       14  1 13      4333308387659336 0    31.0   29.0
 11  743.122635 1.776E-30 1.039E+02.00740.161 6407.4414-.02-.000840          0 0 0          0 0 0 21 11 11       20 10 10      344233833265713049    43.0   41.0
 11  743.132472 7.409E-29 1.977E-01.02620.172 4331.08920.290.006550          0 0 0          0 0 0 19  6 14       19  3 17      434233837260713049    39.0   39.0
 11  743.139241 5.350E-29 1.314E-05.06850.221 2358.30170.700.008870          0 0 0          0 0 0 14  6  8       15  1 15      534433837260713049    29.0   31.0
 11  743.270220 9.144E-30 4.457E-03.09080.371 3784.67920.72-.005910          0 0 1          0 2 0  7  2  5        6  2  4      534243837294713152    15.0   13.0
 11  743.347101 1.602E-24 4.670E+00.06220.312 2880.83420.560.017310          0 0 0          0 0 0 15  7  9       14  4 10      565620837274 13029    31.0   29.0
 11  743.576877 5.337E-30 1.040E+02.01490.161 6407.0783-.02-.000540          0 0 0          0 0 0 21 11 10       20 10 11      344233833260713049   129.0  123.0
 11  743.686260 2.500E-29 2.187E-08.06860.333 1131.77560.620.000000          0 0 0          0 0 0 10  6  4        8  4  4     q5422308079917122 0    21.0   17.0
 11  743.984511 3.912E-29 2.775E-08.07810.371 1045.05830.670.000000          0 0 0          0 0 0  8  8  0        6  6  0     q5422308079917122 0    17.0   13.0
 11  743.984890 1.173E-28 2.774E-08.07810.371 1045.05800.670.000000          0 0 0          0 0 0  8  8  1        6  6  1     q6422308079917122 0    51.0   39.0
 11  744.029626 3.447E-27 5.362E-03.07460.281 2915.87430.690.006830          0 1 0          0 1 0 11  5  6       11  0 11      534426837294713152    69.0   69.0
 11  744.210945 8.152E-23 1.375E+00.02980.223 1806.67150.280.001140          0 0 0          0 0 0 14  2 12       13  1 13      566521837274 13029    29.0   27.0
 11  744.580916 1.631E-28 5.964E-01.07500.315 4493.80440.670.001910          0 2 0          0 2 0 10  6  5        9  3  6      434233837294713152    63.0   57.0
 11  744.813452 2.445E-22 1.377E+00.03050.250 1806.67000.290.002500          0 0 0          0 0 0 14  3 12       13  0 13      566423837260713059    87.0   81.0
 11  744.819275 1.443E-26 3.709E-02.04220.221 3080.17870.460.000000          0 0 0          0 0 0 15  8  7       15  3 12      564423837260713059    93.0   93.0
 11  744.966562 1.619E-29 3.693E-03.06570.352 3879.33620.550.000080          0 0 1          0 2 0  8  1  7        7  1  6      534243837294713152    51.0   45.0
 11  745.231039 1.158E-30 1.746E+02.00510.183 6581.0565-.03-.000720          0 0 0          0 0 0 19 15  5       18 14  4      334233837265713049    39.0   37.0
 11  745.231040 3.475E-30 1.746E+02.01240.183 6581.0565-.03-.000720          0 0 0          0 0 0 19 15  4       18 14  5      334233837260713049   117.0  111.0
 11  745.681559 3.518E-30 2.247E-02.04380.250 4643.87080.43-.010460          0 2 0          0 1 0 12  4  9       13  7  6      434233837294713152    75.0   81.0
 11  745.949721 3.942E-29 1.454E-03.03830.250 3583.37460.450.003110          0 1 0          0 0 0 12  7  6       13 10  3      574233837260713049    75.0   81.0
 11  746.002363 7.695E-30 4.011E-03.05270.333 4071.73340.45-.011320          0 0 1          0 2 0  9  2  8        8  2  7      534243837294713152    57.0   51.0
 11  746.121322 1.316E-29 1.457E-03.03850.250 3583.37450.450.003320          0 1 0          0 0 0 12  7  5       13 10  4      574233837260713049    25.0   27.0
 11  746.130139 4.438E-29 1.459E-01.03380.208 4564.10960.380.006110          0 1 0          0 1 0 16  5 12       16  2 15      434233837294713152    99.0   99.0
 11  746.218846 8.739E-29 1.370E-02.03580.235 3685.41920.47-.005770          0 0 0          0 0 0 14 12  2       14  9  5      434233837260713049    29.0   29.0
 11  746.229776 2.622E-28 1.370E-02.03580.235 3685.40830.47-.005760          0 0 0          0 0 0 14 12  3       14  9  6      434233837260713049    87.0   87.0
 11  746.583122 4.500E-31 8.423E+01.01400.161 6654.2972-.300.000000          0 0 0          0 0 0 22 10 12       21  9 13      3333308387659336 0    45.0   43.0
 11  746.772560 9.188E-30 9.312E-08.08040.333 1590.69070.71-.003000          0 1 0          0 0 0  8  0  8        8  7  1      672230837260713049    17.0   17.0
 11  746.978456 4.127E-30 8.270E-06.05990.281 2740.42080.63-.001130          0 1 0          0 0 0 11  4  8       11  9  3      574233837260713049    23.0   23.0
 11  747.645055 9.712E-29 1.783E-06.06320.265 1774.61630.670.004310          0 0 0          0 0 0 11  8  4       12  1 11      534233837260713049    23.0   25.0
 11  748.355149 7.903E-23 2.306E-02.07140.333  882.89030.650.006520          0 0 0          0 0 0  9  6  4        8  1  7      668422807274713029    19.0   17.0
 11  748.626868 8.745E-30 3.061E-03.05800.352 3739.51880.48-.006020          0 0 1          0 2 0  8  1  8        7  1  7      534243837294713152    17.0   15.0
 11  748.821399 1.960E-29 2.551E-03.08700.371 3736.17080.710.004420          1 0 0          0 2 0  7  3  4        6  2  5      534233837294713152    45.0   39.0
 11  749.481382 2.617E-29 3.047E-03.05790.352 3738.60920.47-.005670          0 0 1          0 2 0  8  0  8        7  0  7      534243837294713152    51.0   45.0
 11  749.741855 1.763E-27 7.738E+00.04370.235 4382.77980.430.016840          0 1 0          0 1 0 15  6 10       14  3 11      434223837294713152    31.0   29.0
 11  750.163744 4.976E-30 1.386E+02.01420.172 6467.40530.60-.000890          0 0 0          0 0 0 20 13  8       19 12  7      33420383726071 049   123.0  117.0
 11  750.164952 1.659E-30 1.387E+02.01420.172 6467.40470.60-.000900          0 0 0          0 0 0 20 13  7       19 12  8      33420383726071 049    41.0   39.0
 11  750.752483 1.064E-28 2.461E-08.07340.352 1059.83550.650.000000          0 0 0          0 0 0  9  7  2        7  5  2     q6422308079917122 0    57.0   45.0
 11  750.936636 3.551E-29 2.463E-08.07340.352 1059.64670.650.000000          0 0 0          0 0 0  9  7  3        7  5  3     q5422308079917122 0    19.0   15.0
 11  751.169233 1.180E-29 2.875E-02.05820.250 4442.71290.59-.017330          0 2 0          0 1 0 12  3 10       13  6  7      534233837294713152    75.0   81.0
 11  751.184534 2.546E-24 6.833E+00.04040.229 2872.58050.39-.009740          0 0 0          0 0 0 16  4 12       15  3 13      568622837274 13029    33.0   31.0
 11  751.648713 9.329E-29 2.659E-02.03260.221 4045.32180.40-.005600          0 0 0          0 0 0 15 12  3       15  9  6      434233837260713049    93.0   93.0
 11  751.684938 3.110E-29 2.660E-02.03260.221 4045.28560.40-.005570          0 0 0          0 0 0 15 12  4       15  9  7      434233837260713049    31.0   31.0
 11  751.918022 4.946E-30 5.620E-05.04930.250 3127.80280.56-.009550          0 1 0          0 0 0 13  3 11       13  8  6      574233837260713049    27.0   27.0
 11  751.980557 3.664E-29 6.261E-03.03710.235 3685.41920.380.003500          0 1 0          0 0 0 13  6  8       14  9  5      474233837260713049    27.0   29.0
 11  752.039268 5.485E-28 1.419E-01.02050.195 3812.04690.16-.004570          0 1 0          0 0 0 16  1 15       17  4 14      474223837260713049    33.0   35.0
 11  752.051940 1.130E-30 1.340E-04.01840.172 3675.11310.510.000060          0 0 0          0 0 0 18  4 14       19  1 19      434233837265713049    37.0   39.0
 11  752.264447 8.037E-29 2.292E-08.06860.333 1122.70850.620.000000          0 0 0          0 0 0 10  6  5        8  4  5     q6422308079917122 0    63.0   51.0
 11  752.264656 5.593E-23 3.783E+00.02960.230 2327.91400.28-.003150          0 0 0          0 0 0 15  3 12       14  2 13      567621837274 13029    93.0   87.0
 11  752.888324 2.290E-29 7.370E+00.03870.250 5477.00580.370.011690          0 2 0          0 2 0 14  5 10       13  2 11      434233837294713152    87.0   81.0
 11  752.889643 3.015E-29 1.086E+00.07150.298 4752.73290.650.009330          0 2 0          0 2 0 11  6  6       10  3  7      434233837294713152    23.0   21.0
 11  753.172894 1.661E-27 1.429E-01.02060.195 3810.93670.16-.002140          0 1 0          0 0 0 16  2 15       17  3 14      474223837260713049    99.0  105.0
 11  753.291600 1.184E-29 2.379E-06.06590.298 2471.25500.680.000120          0 1 0          0 0 0 10  4  7       10  9  2      574233837260713049    63.0   63.0
 11  753.569510 1.955E-30 1.698E-04.03720.265 3512.40490.500.003050          0 1 0          0 0 0 11  8  4       12 11  1      574233837260713049    23.0   25.0
 11  753.571440 5.865E-30 1.698E-04.03720.265 3512.40490.500.003060          0 1 0          0 0 0 11  8  3       12 11  2      574233837260713049    69.0   75.0
 11  753.893465 3.753E-23 6.808E-02.06030.290 1255.91160.62-.007370          0 0 0          0 0 0  9  8  2        8  5  3      567621837274 13029    19.0   17.0
 11  754.152845 2.572E-30 3.933E-03.05370.333 4062.83810.45-.004900          0 0 1          0 2 0  9  1  8        8  1  7      534233837294713152    19.0   17.0
 11  754.259652 1.024E-30 7.895E-02.04690.250 4941.62330.490.004840          0 2 0          0 2 0 13  4 10       13  1 13      434233837294713152    27.0   27.0
 11  754.638347 1.128E-22 6.809E-02.05890.270 1255.16680.61-.005530          0 0 0          0 0 0  9  8  1        8  5  4      666721837274 13029    57.0   51.0
 11  754.864711 4.454E-27 7.513E+00.03280.235 4183.38900.310.009290          0 1 0          0 1 0 15  5 11       14  2 12      434426837294713152    31.0   29.0
 11  754.934743 5.359E-26 1.544E-01.07420.333 2771.69010.71-.003000          0 1 0          0 1 0  9  7  3        8  4  4      564423837294713159    19.0   17.0
 11  755.323091 2.169E-29 4.178E-04.07400.315 3139.47580.66-.006830          0 2 0          0 1 0  8  0  8        9  5  5      534233837294713152    17.0   19.0
 11  755.475603 2.855E-25 4.325E-01.07290.298 2904.42840.690.007600          0 1 0          0 1 0 11  5  6       10  2  9      564423837294713159    69.0   63.0
 11  755.981472 1.861E-23 3.811E+00.02620.198 2327.88380.240.005260          0 0 0          0 0 0 15  4 12       14  1 13      566721837274 13029    31.0   29.0
 11  756.364205 8.691E-30 4.523E-02.02970.208 4427.22680.34-.005440          0 0 0          0 0 0 16 12  4       16  9  7      434233837260713049    33.0   33.0
 11  756.469956 2.607E-29 4.521E-02.02960.208 4427.12110.34-.005360          0 0 0          0 0 0 16 12  5       16  9  8      434233837260713049    99.0   99.0
 11  756.767133 1.777E-29 5.380E+00.03670.250 5236.43210.36-.002710          0 2 0          0 2 0 14  3 11       13  2 12      434233837294713152    29.0   27.0
 11  756.775387 2.300E-28 1.503E-01.03070.235 4184.83120.29-.003660          0 2 0          0 1 0 13  0 13       14  3 12      534233837294713152    81.0   87.0
 11  756.776692 3.629E-31 3.138E-01.02320.161 5513.23390.170.000000          0 1 0          0 0 0 19  4 16       20  5 15      4333308387659336 0    39.0   41.0
 11  756.821809 3.179E-26 3.066E-02.04800.221 2872.27430.530.000000          0 0 0          0 0 0 15  7  8       15  2 13      564423837260713059    93.0   93.0
 11  757.027582 1.100E-30 1.167E-02.06360.298 4480.39240.620.009020          0 2 0          0 2 0 10  6  4       10  1  9      534233837294713152    21.0   21.0
 11  757.044977 8.919E-27 3.277E-03.07280.250 2629.33450.70-.009140          0 1 0          0 0 0 12  2 11       13  5  8      574426837260713049    75.0   81.0
 11  757.126195 1.880E-29 1.446E-02.07330.265 3959.25340.71-.009990          0 2 0          0 1 0 11  2 10       12  5  7      534233837294713152    23.0   25.0
 11  757.254653 5.458E-31 1.226E-01.06550.332 5108.34930.630.000000          1 0 0          1 0 0 10  8  2        9  5  5      4333308387659336 0    21.0   19.0
 11  757.304660 1.143E-28 6.598E-03.04180.235 3685.40830.430.010660          0 1 0          0 0 0 13  6  7       14  9  6      574233837260713049    81.0   87.0
 11  757.573786 1.290E-29 4.663E-03.08560.352 3967.48850.70-.005610          0 0 1          0 2 0  8  2  6        7  2  5      534243837294713152    51.0   45.0
 11  757.747113 3.311E-30 1.328E-04.03610.172 3675.11310.490.004550          0 0 0          0 0 0 18  5 14       19  0 19      434233837260713049   111.0  117.0
 11  757.853891 1.930E-30 3.938E-07.07180.315 2225.46920.720.000620          0 1 0          0 0 0  9  4  6        9  9  1      572230837260713049    19.0   19.0
 11  757.874453 1.885E-30 1.409E-01.06000.315 5107.72910.61-.007450          1 0 0          1 0 0 10  8  3        9  5  4      434233837294713152    63.0   57.0
 11  758.101159 1.180E-30 1.520E-01.07370.281 5255.34670.700.009410          0 0 1          0 0 1 12  5  7       11  2 10      534233837294713152    75.0   69.0
 11  758.234352 7.765E-29 1.517E-01.03020.235 4183.38900.28-.002460          0 2 0          0 1 0 13  1 13       14  2 12      534233837294713152    27.0   29.0
 11  758.711894 5.793E-31 1.228E+02.00740.161 6664.17200.380.000000          0 0 0          0 0 0 21 12 10       20 11  9      3333308387659336 0    43.0   41.0
 11  758.737776 1.758E-30 1.242E+02.00740.161 6664.1410-.04-.000160          0 0 0          0 0 0 21 12  9       20 11 10      344233833265713049   129.0  123.0
 11  759.166941 1.398E-26 2.467E-03.08220.371 2146.26370.700.001100          0 1 0          0 1 0  7  6  2        6  1  5      664423837294713159    15.0   13.0
 11  760.115861 1.426E-30 1.589E+02.00190.172 6747.4652-.01-.000790          0 0 0          0 0 0 20 14  7       19 13  6      334233837265713049   123.0  117.0
 11  760.116074 4.767E-31 1.594E+02.00940.173 6747.4650-.100.000000          0 0 0          0 0 0 20 14  6       19 13  7      3333308387659336 0    41.0   39.0
 11  760.226038 5.989E-30 7.037E-02.02700.195 4830.89390.28-.005370          0 0 0          0 0 0 17 12  5       17  9  8      434233837260713049   105.0  105.0
 11  760.351107 1.688E-28 1.802E-02.03470.221 3824.99790.33-.007410          0 1 0          0 0 0 14  5 10       15  8  7      474233837260713049    87.0   93.0
 11  760.417974 1.924E-25 6.687E-01.05780.298 3072.72640.550.011050          0 1 0          0 1 0 11  6  5       10  3  8      564423837294713159    69.0   63.0
 11  760.423069 1.459E-24 4.081E-04.07000.298 1114.54990.660.004200          0 0 0          0 0 0 10  6  5       10  1 10      666421837274713029    63.0   63.0
 11  760.505463 1.997E-30 7.034E-02.02690.195 4830.61440.28-.005180          0 0 0          0 0 0 17 12  6       17  9  9      434233837260713049    35.0   35.0
 11  760.548384 4.427E-27 5.500E-04.05980.281 2142.59770.59-.012070          0 1 0          0 0 0 10  1  9       11  6  6      574426837260713049    21.0   23.0
 11  760.711170 9.973E-25 6.667E-04.05310.298 1293.63410.640.002920          0 0 0          0 0 0 10  7  4       10  2  9      664420837274713029    63.0   63.0
 11  761.097677 3.654E-30 4.603E-03.05040.281 4265.97630.530.002510          0 2 0          0 1 0 10  5  6       11  8  3      434233837294713152    63.0   69.0
 11  761.472593 1.255E-24 7.028E+00.05720.270 3244.60060.510.017090          0 0 0          0 0 0 16  7 10       15  4 11      467820837274 13029    99.0   93.0
 11  761.569562 1.308E-28 5.003E-01.07170.315 4268.24090.660.010850          0 2 0          0 2 0 10  5  5        9  2  8      534233837294713152    21.0   19.0
 11  761.741573 4.304E-29 1.911E+00.06860.281 5034.38790.640.014970          0 2 0          0 2 0 12  6  7       11  3  8      434233837294713152    75.0   69.0
 11  761.791672 2.761E-29 9.504E-06.05160.250 2629.33450.71-.005990          0 1 0          0 0 0 13  0 13       13  5  8      574233837265713049    81.0   81.0
 11  761.930030 1.631E-25 1.541E-01.06330.333 2764.69740.61-.005300          0 1 0          0 1 0  9  7  2        8  4  5      564423837294713159    57.0   51.0
 11  762.404814 1.824E-30 7.420E-03.08840.333 4259.87640.73-.007500          0 0 1          0 2 0  9  3  6        8  3  5      534233837294713152    19.0   17.0
 11  762.535551 6.206E-30 3.447E-08.06000.298 1538.14950.570.000000          0 0 0          0 0 0 12  5  7       10  3  7     q5422308079917122 0    25.0   21.0
 11  762.644173 2.079E-29 1.357E-08.06460.315 1080.38540.600.000000          0 0 0          0 0 0 11  4  8        9  2  8     q5422308079917122 0    23.0   19.0
 11  763.064895 3.871E-31 1.027E-01.02590.183 5256.11640.230.000000          0 0 0          0 0 0 18 12  6       18  9  9      3333308387659336 0    37.0   37.0
 11  763.457022 1.717E-27 2.284E-04.07740.333 2337.66680.690.003750          0 1 0          0 1 0  8  6  3        8  1  8      634426837294713152    51.0   51.0
 11  763.732411 1.162E-30 1.026E-01.02460.183 5255.44870.23-.005040          0 0 0          0 0 0 18 12  7       18  9 10      334233837260713049   111.0  111.0
 11  763.836123 1.230E-30 4.680E-03.05510.281 4265.97440.560.007890          0 2 0          0 1 0 10  5  5       11  8  4      534233837294713152    21.0   23.0
 11  763.968667 2.000E-28 1.334E-06.06650.265 1557.84440.670.004440          0 0 0          0 0 0 11  7  5       12  0 12      534233837260713049    23.0   25.0
 11  764.052856 2.928E-27 8.804E-05.07000.298 2054.34520.66-.009130          0 1 0          0 0 0  9  2  7       10  7  4      674426837260713049    57.0   63.0
 11  764.106246 3.454E-30 4.324E-03.04330.315 4263.15050.36-.009080          0 0 1          0 2 0 10  1  9        9  1  8      534233837294713152    63.0   57.0
 11  764.715653 3.909E-30 2.073E+01.04450.183 6108.28080.43-.001620          0 1 0          0 1 0 19  6 13       18  5 14      434233837294713152   117.0  111.0
 11  766.195639 1.390E-29 3.233E-03.04870.333 3895.25290.40-.008170          0 0 1          0 2 0  9  1  9        8  1  8      534243837294713152    57.0   51.0
 11  766.471801 4.493E-29 8.050E-08.08150.352 1394.81420.72-.002920          0 1 0          0 0 0  6  2  5        7  7  0      772230837260713049    39.0   45.0
 11  766.568585 1.777E-30 4.793E-03.07590.333 4173.22570.64-.003100          0 0 1          0 2 0  9  2  7        8  2  6      534233837294713152    19.0   17.0
 11  766.627573 4.516E-30 3.148E-03.04860.333 3894.79890.40-.007980          0 0 1          0 2 0  9  0  9        8  0  8      534243837294713152    19.0   17.0
 11  766.736428 1.057E-26 1.636E+01.04450.183 4432.86020.430.010000          0 0 0          0 0 0 19  6 13       18  5 14      464423837260713059   117.0  111.0
 11  766.782186 1.990E-28 2.987E-02.04970.250 3877.08860.530.013940          0 1 0          0 1 0 13  7  6       13  2 11      534233837294713152    81.0   81.0
 11  766.955285 5.355E-28 2.242E-02.04310.221 3629.09610.44-.018290          0 1 0          0 0 0 14  4 11       15  7  8      574223837260713049    87.0   93.0
 11  767.044246 4.104E-30 5.640E-04.09130.391 3482.48020.720.001220          1 0 0          0 2 0  6  2  4        5  1  5      534233837294713152    13.0   11.0
 11  767.216525 3.083E-29 1.111E-03.03980.250 3583.37460.61-.005760          0 0 0          0 0 0 13 13  0       13 10  3      434233837260713049    81.0   81.0
 11  767.216624 1.028E-29 1.111E-03.03980.250 3583.37450.61-.005770          0 0 0          0 0 0 13 13  1       13 10  4      434233837260713049    27.0   27.0
 11  767.263731 7.516E-24 6.990E+00.02610.205 2872.27430.240.009850          0 0 0          0 0 0 16  5 12       15  2 13      566721837274 13029    99.0   93.0
 11  767.324235 1.713E-30 4.084E+01.04270.150 6219.62110.440.017700          0 0 0          0 0 0 22  8 14       21  7 15      344233833260713049    45.0   43.0
 11  767.535129 7.108E-29 8.224E-02.07970.333 4224.58650.690.007340          1 0 0          0 2 0  9  4  5        8  3  6      534233837294713152    57.0   51.0
 11  767.684188 7.362E-30 2.545E-08.06000.298 1437.96860.570.000000          0 0 0          0 0 0 12  4  8       10  2  8     q5422308079917122 0    25.0   21.0
 11  768.493669 3.733E-29 7.903E-03.08260.371 3600.05240.700.004980          0 2 0          0 2 0  7  5  3        6  0  6      534233837294713152    15.0   13.0
 11  768.942159 1.635E-23 2.552E-04.08110.350  447.25240.710.003000          0 0 0          0 0 0  7  6  1        6  1  6      766621837274 13029    45.0   39.0
 11  769.447961 6.050E-28 3.081E-06.07950.333 1411.64190.69-.004530          0 1 0          0 0 0  7  1  7        8  6  2      674223837260713049    15.0   17.0
 11  769.458709 2.329E-30 8.744E-03.07390.298 4260.35180.680.006850          0 2 0          0 2 0 10  5  5       10  0 10      534233837294713152    21.0   21.0
 11  769.553648 1.729E-29 2.222E-08.06460.315 1216.23130.600.000000          0 0 0          0 0 0 11  5  7        9  3  7     q5422308079917122 0    23.0   19.0
 11  769.683841 3.941E-30 6.141E-11.08330.391  446.51070.690.000000          0 0 0          0 0 0  7  6  1        5  2  3     q7322308079917122 0    45.0   33.0
 11  770.074939 2.979E-23 7.422E-01.04820.289 1843.02960.480.002360          0 0 0          0 0 0 12  7  5       11  4  8      568521837274 13029    25.0   23.0
 11  770.228250 4.575E-30 8.455E-05.04190.221 3472.88130.69-.012220          0 1 0          0 0 0 15  1 14       15  6  9      474233837265713049    93.0   93.0
 11  770.284755 1.048E-27 4.592E-02.03890.208 3437.27720.430.016020          0 0 0          0 0 0 16  8  8       16  3 13      434426837260713049    33.0   33.0
 11  770.496044 5.389E-29 5.487E-09.06460.315  920.16830.600.000000          0 0 0          0 0 0 11  2  9        9  0  9     q6422308079917122 0    69.0   57.0
 11  771.201599 1.199E-28 2.631E-06.05900.250 2042.31060.650.005330          0 0 0          0 0 0 12  8  5       13  1 12      534433837260713049    75.0   81.0
 11  771.587079 2.891E-29 7.959E-04.04050.265 3266.76450.490.002730          0 1 0          0 0 0 11  7  5       12 10  2      574233837260713049    23.0   25.0
 11  771.638952 8.679E-29 7.966E-04.04060.265 3266.76440.490.002810          0 1 0          0 0 0 11  7  4       12 10  3      574233837260713049    69.0   75.0
 11  771.745111 1.791E-28 2.094E-01.06470.333 4224.58650.600.003810          0 2 0          0 2 0  9  6  3        8  3  6      534233837294713152    57.0   51.0
 11  771.888371 1.371E-28 2.396E-01.01990.183 4432.86020.14-.006320          0 1 0          0 0 0 17  2 15       18  5 14      474233837260713049   105.0  111.0
 11  771.944993 1.092E-25 2.986E-01.07580.315 2998.76630.72-.004670          0 1 0          0 1 0 10  7  4        9  4  5      564423837294713159    63.0   57.0
 11  772.573187 1.037E-27 8.302E+00.03790.221 4507.52260.39-.005500          0 1 0          0 1 0 16  4 12       15  3 13      434223837294713152    33.0   31.0
 11  773.057453 5.238E-31 1.394E-02.05910.302 4661.42650.560.000000          0 0 1          0 0 1 10  5  6        9  0  9      4333308387659336 0    21.0   19.0
 11  773.083322 3.078E-29 1.336E-09.07340.352  704.21410.650.000000          0 0 0          0 0 0  9  5  4        7  1  6     q7422308079917122 0    57.0   45.0
 11  773.200646 5.809E-30 3.198E+00.06120.265 5336.32710.590.018060          0 2 0          0 2 0 13  6  8       12  3  9      434233837294713152    27.0   25.0
 11  773.296633 3.871E-29 4.533E-06.06590.281 2142.59770.65-.007000          0 1 0          0 0 0 11  1 11       11  6  6      574233837260713049    23.0   23.0
 11  773.297157 5.512E-30 3.896E-07.07750.315 2225.46920.740.003200          0 1 0          0 0 0  9  4  5        9  9  0      574233837260713049    57.0   57.0
 11  773.557205 4.620E-26 1.057E-02.06420.235 2327.88380.670.005000          0 0 0          0 0 0 14  6  8       14  1 13      564423837260713059    29.0   29.0
 11  773.579660 6.494E-29 2.294E-05.05590.265 2612.79980.60-.009350          0 1 0          0 0 0 12  2 11       12  7  6      574233837260713049    75.0   75.0
 11  773.991793 1.718E-29 4.213E-10.07340.352  586.24350.650.000000          0 0 0          0 0 0  9  4  5        7  0  7     q6422308079917122 0    57.0   45.0
 11  774.181439 2.377E-30 2.975E-02.07920.298 4750.38770.700.003980          1 0 0          1 0 0 11  4  7       10  1 10      534233837294713152    69.0   63.0
 11  774.612235 9.604E-30 1.913E-01.03040.161 4738.62170.36-.003160          0 0 0          0 0 0 20  5 15       20  2 18      434233837260713049    41.0   41.0
 11  774.812810 4.940E-31 5.001E-03.05030.308 4480.39240.550.000000          0 0 1          0 2 0 11  1 10       10  1  9      5333308387659336 0    23.0   21.0
 11  774.858633 1.834E-29 5.664E-09.06460.315  920.21000.600.000000          0 0 0          0 0 0 11  3  9        9  1  9     q6422308079917122 0    23.0   19.0
 11  774.960020 5.967E-31 5.149E-05.08390.428 3255.34600.740.000000          0 0 1          0 2 0  3  3  0        2  1  1      5333308387659336 0     7.0    5.0
 11  774.989318 3.097E-30 3.047E-04.09050.412 3375.29800.710.007300          1 0 0          0 2 0  5  3  3        4  0  4      534233837294713152    11.0    9.0
 11  775.330056 8.132E-30 4.338E-03.03580.235 3922.33110.52-.005830          0 0 0          0 0 0 14 13  1       14 10  4      434233837260713049    29.0   29.0
 11  775.330538 2.440E-29 4.339E-03.03580.235 3922.33060.52-.005840          0 0 0          0 0 0 14 13  2       14 10  5      434233837260713049    87.0   87.0
 11  775.501937 3.388E-28 4.282E-03.04050.250 3347.78340.430.004140          0 1 0          0 0 0 12  6  7       13  9  4      574223837260713049    75.0   81.0
 11  775.549043 4.757E-23 2.562E-01.07630.356 1525.13600.700.006820          0 0 0          0 0 0 12  5  7       11  2 10      567521837274 13029    25.0   23.0
 11  776.233927 4.083E-30 1.992E-02.04740.265 4329.49580.47-.006660          0 2 0          0 1 0 11  4  8       12  7  5      534233837294713152    23.0   25.0
 11  776.331444 2.644E-26 2.701E-02.03410.208 2660.94580.410.000000          0 0 0          0 0 0 16  3 13       16  0 16      564423837260713059    33.0   33.0
 11  776.880063 1.064E-29 2.820E-04.09940.434 3289.24250.750.009320          0 0 1          0 2 0  4  2  2        3  0  3      534243837294713152    27.0   21.0
 11  776.986381 9.113E-23 1.549E-01.06310.295 1477.29740.61-.008800          0 0 0          0 0 0 10  8  3        9  5  4      567521837274 13029    63.0   57.0
 11  777.818430 1.150E-28 4.386E-03.04270.250 3347.78050.450.007550          0 1 0          0 0 0 12  6  6       13  9  5      574233837260713049    25.0   27.0
 11  777.822976 4.797E-29 2.482E-01.02370.183 4427.16500.22-.000020          0 1 0          0 0 0 17  3 15       18  4 14      474233837260713049    35.0   37.0
 11  777.935806 8.190E-30 1.425E-01.03590.195 4902.61400.42-.002610          0 1 0          0 1 0 17  4 13       17  1 16      434233837294713152   105.0  105.0
 11  778.212446 1.824E-29 1.166E-04.07530.333 3101.12380.67-.006750          0 2 0          0 1 0  7  1  6        8  6  3      534233837294713152    45.0   51.0
 11  778.279860 1.267E-27 1.353E-02.06130.235 3101.44100.63-.017490          0 1 0          0 0 0 13  3 11       14  6  8      574223837260713049    27.0   29.0
 11  778.326355 9.448E-30 3.127E-06.06330.265 2612.79980.66-.005950          0 1 0          0 0 0 13  0 13       12  7  6      574233837260713049    81.0   75.0
 11  778.361140 7.899E-26 2.703E-02.03310.208 2660.94570.400.000500          0 0 0          0 0 0 16  4 13       16  1 16      464423807260713059    99.0   99.0
 11  778.572606 3.800E-31 2.678E-01.05700.305 5351.40860.620.000000          1 0 0          1 0 0 11  8  4       10  5  5      4333308387659336 0    23.0   21.0
 11  778.911719 3.278E-29 3.113E-05.05340.265 2813.51220.58-.007790          0 1 0          0 0 0 12  3 10       12  8  5      574233837260713049    75.0   75.0
 11  779.303668 3.055E-23 1.549E-01.05690.298 1474.98080.58-.009580          0 0 0          0 0 0 10  8  2        9  5  5      567721837274 13029    21.0   19.0
 11  779.705534 8.144E-28 9.048E-02.03040.183 3647.45950.37-.000680          0 0 0          0 0 0 18  4 14       18  1 17      434223837260713049    37.0   37.0
 11  779.828232 2.011E-30 8.031E-03.08420.315 4493.80440.70-.009700          0 0 1          0 2 0 10  3  7        9  3  6      534233837294713152    63.0   57.0
 11  780.140024 2.672E-28 2.229E+00.03570.265 4696.86580.340.001130          0 2 0          0 2 0 13  2 11       12  1 12      434223837294713152    81.0   75.0
 11  780.213365 9.062E-30 4.447E-07.06450.265 1960.20740.680.004130          0 0 0          0 0 0 11  9  3       12  2 10      534233837260713049    23.0   25.0
 11  780.590610 2.564E-29 1.240E-07.07070.281 1690.66440.700.003220          0 0 0          0 0 0 10  9  2       11  2  9      534233837260713049    63.0   69.0
 11  781.013684 2.638E-30 3.111E-02.06520.315 4715.96680.620.009510          1 0 0          1 0 0 10  6  5        9  1  8      434233837294713152    63.0   57.0
 11  781.315090 5.560E-30 4.476E-05.03910.281 3216.19320.560.004380          0 1 0          0 0 0 10  8  3       11 11  0      574233837260713049    63.0   69.0
 11  781.315451 1.854E-30 4.478E-05.03910.281 3216.19320.560.004380          0 1 0          0 0 0 10  8  2       11 11  1      574233837260713049    21.0   23.0
 11  782.482957 3.672E-30 2.380E-06.07590.298 2471.25500.730.003790          0 1 0          0 0 0 10  4  6       10  9  1      574233837260713049    21.0   21.0
 11  782.608412 1.478E-30 1.262E+00.04960.250 5662.47530.520.013280          0 2 0          1 0 0 14  6  9       13  1 12      434233837294713152    87.0   81.0
 11  782.902301 2.030E-26 6.708E-02.02610.221 2872.58050.24-.001000          0 1 0          0 0 0 14  0 14       15  3 13      574423837260713059    29.0   31.0
 11  782.921127 1.082E-29 1.060E-02.03250.221 4283.30770.44-.005580          0 0 0          0 0 0 15 13  2       15 10  5      434233837260713049    93.0   93.0
 11  782.923088 3.605E-30 1.060E-02.03250.221 4283.30580.44-.005600          0 0 0          0 0 0 15 13  3       15 10  6      434233837260713049    31.0   31.0
 11  782.926898 6.852E-26 1.478E-05.07680.333 1006.11590.720.000500          0 0 0          0 0 0  8  8  1        8  3  6      664423807260713059    51.0   51.0
 11  783.210842 6.107E-26 6.722E-02.02560.221 2872.27430.23-.004800          0 1 0          0 0 0 14  1 14       15  2 13      574423837260713059    87.0   93.0
 11  783.762176 2.418E-25 1.033E+01.03110.208 3437.27720.290.018000          0 0 0          0 0 0 17  6 12       16  3 13      464423837260713059    35.0   33.0
 11  783.793079 1.224E-27 9.816E+00.03660.221 4728.22120.360.014120          0 1 0          0 1 0 16  6 11       15  3 12      434223837294713152    99.0   93.0
 11  783.810940 3.286E-29 2.936E-08.06460.315 1360.23530.600.000000          0 0 0          0 0 0 11  6  5        9  4  5     q5422308079917122 0    69.0   57.0
 11  783.824216 1.725E-30 2.646E-03.04010.315 4068.93110.32-.010290          0 0 1          0 2 0 10  1 10        9  1  9      534233837294713152    21.0   19.0
 11  783.824488 1.541E-30 1.417E+00.02550.235 5690.87960.230.002490          1 0 0          1 0 0 15  2 13       14  1 14      434233837294713152    93.0   87.0
 11  783.872840 5.138E-29 5.533E+00.03200.250 5235.95880.300.005250          0 2 0          0 2 0 14  4 11       13  1 12      434233837294713152    87.0   81.0
 11  784.045405 6.441E-30 3.291E-03.04000.315 4068.70380.32-.010150          0 0 1          0 2 0 10  0 10        9  0  9      534243837294713152    63.0   57.0
 11  784.458258 1.287E-22 3.488E-02.08410.397 1114.54990.700.003420          0 0 0          0 0 0 11  4  7       10  1 10      667521837274 13029    69.0   63.0
 11  784.613559 1.977E-26 5.275E-01.07540.298 3253.73800.71-.005300          0 1 0          0 1 0 11  7  5       10  4  6      564423837294713159    23.0   21.0
 11  785.229635 7.729E-28 2.510E-05.07560.315 1810.58330.69-.006170          0 1 0          0 0 0  8  2  6        9  7  3      674223837260713049    17.0   19.0
 11  785.341382 4.829E-31 9.901E+00.03740.213 6115.65620.430.000000          0 2 0          0 2 0 16  4 12       15  3 13      4333308387659336 0    33.0   31.0
 11  785.393444 2.798E-30 3.240E-01.02200.172 5074.22160.17-.009700          0 1 0          0 0 0 18  3 15       19  6 14      474233837260713049    37.0   39.0
 11  785.398865 2.412E-27 9.058E-02.02700.183 3647.46130.320.004740          0 0 0          0 0 0 18  5 14       18  2 17      434426837260713049   111.0  111.0
 11  785.579270 9.106E-26 9.669E+00.04330.208 3623.76500.430.019000          0 0 0          0 0 0 17  7 11       16  4 12      464423837260713059    35.0   33.0
 11  785.804947 1.720E-29 1.057E-06.05900.250 2246.88480.650.005050          0 0 0          0 0 0 12  9  4       13  2 11      534233837260713049    75.0   81.0
 11  785.828677 9.640E-30 1.570E-08.08590.352 1394.81420.73-.002740          0 1 0          0 0 0  7  0  7        7  7  0      772230837260713049    45.0   45.0
 11  786.132063 2.123E-30 2.558E-03.05270.298 3997.50860.560.001800          0 2 0          0 1 0  9  5  5       10  8  2      434233837294713152    19.0   21.0
 11  786.290068 8.876E-29 2.254E+00.03570.265 4696.83460.340.003320          0 2 0          0 2 0 13  3 11       12  0 12      434233837294713152    27.0   25.0
 11  786.611698 1.289E-29 3.694E-01.02690.221 4736.24170.24-.005360          0 2 0          0 1 0 14  1 13       15  4 12      434233837294713152    29.0   31.0
 11  787.153798 6.424E-30 2.586E-03.05520.298 3997.50830.580.004220          0 2 0          0 1 0  9  5  4       10  8  3      534233837294713152    57.0   63.0
 11  787.378216 2.304E-28 1.473E-02.03780.235 3465.07000.36-.003490          0 1 0          0 0 0 13  5  9       14  8  6      574233837260713049    27.0   29.0
 11  787.401370 3.720E-26 2.940E-01.05880.315 2983.32310.57-.005610          0 1 0          0 1 0 10  7  3        9  4  6      564423837294713159    21.0   19.0
 11  787.500601 3.506E-30 1.675E-08.07730.298 1437.96860.730.002380          0 0 0          0 0 0  9  9  1       10  2  8      532230837260713049    19.0   21.0
 11  788.389326 2.565E-26 4.796E+00.02990.235 3939.83180.28-.003030          0 1 0          0 1 0 15  3 12       14  2 13      564423837294713159    93.0   87.0
 11  788.411196 2.781E-29 1.910E-01.02350.161 4738.63380.260.005930          0 0 0          0 0 0 20  6 15       20  3 18      434233837260713049   123.0  123.0
 11  788.664084 3.782E-28 2.026E-02.06160.250 3654.04890.640.013040          0 1 0          0 1 0 13  6  7       13  1 12      534223837294713152    81.0   81.0
 11  789.908037 1.148E-30 2.071E-02.02950.208 4665.98060.37-.005200          0 0 0          0 0 0 16 13  3       16 10  6      434233837260713049    33.0   33.0
 11  789.914772 3.444E-30 2.071E-02.02950.208 4665.97390.37-.005210          0 0 0          0 0 0 16 13  4       16 10  7      434233837260713049    99.0   99.0
 11  790.302333 4.135E-30 3.464E+00.05400.250 5654.78140.640.003860          0 2 0          0 1 0 14  6  9       13 11  2      434233837294713152    87.0   81.0
 11  790.354417 1.726E-30 1.891E-02.06090.281 4714.81900.610.010760          0 2 0          0 2 0 11  6  5       11  1 10      534233837294713152    69.0   69.0
 11  790.649488 2.436E-28 4.530E-02.03920.221 3937.57170.45-.000250          0 1 0          0 1 0 15  3 12       15  0 15      434233837294713152    93.0   93.0
 11  791.371657 4.951E-29 2.185E-05.08100.352 2318.53990.720.002100          0 1 0          0 1 0  7  7  1        7  2  6      634233837294713152    15.0   15.0
 11  791.393601 7.473E-26 9.294E-03.07670.352 2309.73020.680.003000          0 1 0          0 1 0  8  6  3        7  1  6      664423837294713159    51.0   45.0
 11  791.509192 8.420E-29 2.564E+01.04350.161 5527.04500.430.009160          0 0 0          0 0 0 21  7 14       20  6 15      344233833260713049   129.0  123.0
 11  791.836849 5.322E-30 1.824E-04.09560.434 3334.62660.740.006250          0 0 1          0 2 0  4  3  1        3  1  2      534233837294713152    27.0   21.0
 11  792.040672 1.342E-24 1.416E-04.07750.387  602.77350.74-.006310          0 0 0          0 0 0  7  7  1        6  2  4      763820837274 13029    15.0   13.0
 11  792.152493 1.148E-30 3.164E-05.09660.456 3237.91730.730.009490          0 0 1          0 2 0  3  3  1        2  1  2      534233837294713152    21.0   15.0
 11  792.258207 4.376E-26 1.840E+00.03000.250 3391.13080.280.001140          0 1 0          0 1 0 14  2 12       13  1 13      564423837294713159    29.0   27.0
 11  792.448203 2.695E-30 3.045E-01.04190.265 5193.88220.40-.004180          0 3 0          0 2 0 11  0 11       12  3 10      434233837294713152    69.0   75.0
 11  793.453839 2.719E-26 8.958E-01.07100.281 3535.87040.66-.007000          0 1 0          0 1 0 12  7  6       11  4  7      564423837294713159    75.0   69.0
 11  793.564039 4.236E-26 2.679E-04.07010.298 1718.71880.650.000000          0 1 0          0 0 0  9  0  9       10  5  6      574423837260713059    57.0   63.0
 11  793.573750 5.287E-26 8.722E-05.07090.315 1216.23130.690.000000          0 0 0          0 0 0  9  8  2        9  3  7      564423837260713059    19.0   19.0
 11  793.610596 6.545E-29 3.599E-08.07340.352 1216.19450.650.000000          0 0 0          0 0 0  9  8  1        7  6  1     q5422308079917122 0    57.0   45.0
 11  793.615258 2.182E-29 3.599E-08.07340.352 1216.18980.650.000000          0 0 0          0 0 0  9  8  2        7  6  2     q5422308079917122 0    19.0   15.0
 11  793.705070 1.312E-25 1.845E+00.03050.250 3391.12620.290.003000          0 1 0          0 1 0 14  3 12       13  0 13      564423837294713159    87.0   81.0
 11  793.908366 5.480E-23 7.984E-01.06180.282 1962.50690.580.016530          0 0 0          0 0 0 13  6  7       12  3 10      567521837274 13029    81.0   75.0
 11  794.121357 4.448E-26 1.139E+01.04110.195 3812.04690.43-.016000          0 0 0          0 0 0 18  5 13       17  4 14      464423837260713059    37.0   35.0
 11  794.889021 4.234E-31 7.979E-04.02150.234 4172.15250.230.000000          0 0 0          0 0 0 14 14  0       14 11  3      4333308387659336 0    29.0   29.0
 11  794.889039 1.267E-30 7.959E-04.03640.235 4172.15250.59-.005780          0 0 0          0 0 0 14 14  1       14 11  4      434233837260713049    87.0   87.0
 11  794.896232 4.155E-29 3.895E-01.02930.221 4728.22120.280.000240          0 2 0          0 1 0 14  2 13       15  3 12      534233837294713152    87.0   93.0
 11  795.160857 3.337E-30 2.779E-03.08440.352 3894.16780.700.003810          1 0 0          0 2 0  8  3  5        7  2  6      534233837294713152    17.0   15.0
 11  795.442183 9.227E-29 1.456E-01.08140.315 4068.93110.710.004460          0 2 0          0 2 0 10  4  6        9  1  9      534233837294713152    21.0   19.0
 11  795.449563 1.144E-29 8.616E-06.03920.281 2740.42090.710.003950          0 1 0          0 0 0 11  4  7       11  9  2      574233837265713049    69.0   69.0
 11  795.893403 1.523E-22 3.912E-02.06710.315 1079.07960.620.008960          0 0 0          0 0 0 10  6  5        9  1  8      667421837274713029    63.0   57.0
 11  796.139913 1.142E-29 1.954E-02.07140.371 4016.05280.70-.003040          0 2 0          0 2 0  7  7  1        6  4  2      534233837294713152    15.0   13.0
 11  796.490998 1.737E-29 3.304E-02.05600.265 4125.59900.56-.015540          0 2 0          0 1 0 11  3  9       12  6  6      534233837294713152    23.0   25.0
 11  796.495190 8.506E-27 4.864E+00.02740.235 3939.74650.240.004420          0 1 0          0 1 0 15  4 12       14  1 13      434426837294713152    31.0   29.0
 11  796.677072 1.688E-25 1.040E-03.06030.281 1525.13600.620.000000          0 0 0          0 0 0 11  7  5       11  2 10      564423837260713059    23.0   23.0
 11  796.677687 3.430E-29 1.954E-02.06970.371 4015.51510.68-.002890          0 2 0          0 2 0  7  7  0        6  4  3      534233837294713152    45.0   39.0
 11  796.898051 2.529E-30 1.944E-06.05410.235 2550.88250.630.006040          0 0 0          0 0 0 13  9  5       14  2 12      534233837260713049    27.0   29.0
 11  797.555923 1.801E-23 2.934E-01.06540.334 1724.70540.62-.011070          0 0 0          0 0 0 11  8  4       10  5  5      568620837274 13029    23.0   21.0
 11  797.559691 1.664E-30 7.566E+00.03280.235 5786.85260.310.009290          0 2 0          0 2 0 15  5 11       14  2 12      434233837294713152    31.0   29.0
 11  797.855470 2.590E-30 1.419E-01.03010.195 4902.62650.350.005260          0 1 0          0 1 0 17  5 13       17  2 16      434233837294713152    35.0   35.0
 11  797.883974 1.384E-28 3.554E-04.04210.281 2972.82740.530.003050          0 1 0          0 0 0 10  7  4       11 10  1      574233837260713049    63.0   69.0
 11  797.897086 4.613E-29 3.554E-04.04210.281 2972.82740.530.003090          0 1 0          0 0 0 10  7  3       11 10  2      574233837260713049    21.0   23.0
 11  798.080285 1.845E-29 3.700E-02.04770.235 4183.38900.520.015380          0 1 0          0 1 0 14  7  7       14  2 12      434233837294713152    29.0   29.0
 11  798.457134 1.796E-29 3.290E-08.06860.333 1255.91160.620.000000          0 0 0          0 0 0 10  7  3        8  5  3     q5422308079917122 0    21.0   17.0
 11  798.550469 1.416E-22 1.691E-02.07250.315  920.16840.650.006880          0 0 0          0 0 0 10  5  6        9  0  9      666421837274713029    63.0   57.0
 11  798.668784 7.983E-29 4.541E-02.03710.221 3937.57290.430.004000          0 1 0          0 1 0 15  4 12       15  1 15      434233837294713152    31.0   31.0
 11  798.758635 6.921E-23 1.524E+00.02630.207 2073.51570.230.001740          0 0 0          0 0 0 15  2 13       14  1 14      567621837274 13029    93.0   87.0
 11  799.065503 2.307E-23 1.525E+00.02640.186 2073.51500.240.003120          0 0 0          0 0 0 15  3 13       14  0 14      566521837274 13029    31.0   29.0
 11  799.178474 5.423E-29 3.305E-08.06860.333 1255.16680.620.000000          0 0 0          0 0 0 10  7  4        8  5  4     q5422308079917122 0    63.0   51.0
 11  799.561376 2.856E-28 2.698E-03.04370.265 3032.69040.480.003810          0 1 0          0 0 0 11  6  6       12  9  3      574223837260713049    23.0   25.0
 11  799.919043 1.223E-29 3.203E-06.05540.235 2327.88380.630.006490          0 0 0          0 0 0 13  8  6       14  1 13      534233837260713049    27.0   29.0
 11  799.969937 3.623E-27 1.502E+00.06340.265 3843.41040.580.002570          0 1 0          0 1 0 13  7  7       12  4  8      534426837294713152    27.0   25.0
